"unit","section","section_type","cefr","objective","declared_sessions_excluding_chests","ordered_nodes","guidebook_url"
"1","1","learning","Intro","form basic sentences","11","skill/regular: Intro [crown 0] (4 sessions) -> skill/regular: Intro [crown 1] (4 sessions) -> practice/unit_practice: Intro (2 sessions) -> chest/chest: Chest 1 (1 sessions) -> unit_review/unit_review: Intro (1 sessions)","https://d1btvuu4dwu627.cloudfront.net/guidebook/compiled/es/en/iOS/1/43ad58c2e974832a01cfea8516a5c584f8f7e45329f4691ff90df19e3043ff396bce4e5bb70bdd852a14b8794bafda2229c7f4a1ba4ea10279597f67a02cfc58/6.json"
"2","1","learning","Intro","greet people","11","skill/regular: Phrases [crown 0] (4 sessions) -> skill/regular: Phrases [crown 1] (4 sessions) -> practice/unit_practice: Phrases (2 sessions) -> chest/chest: Chest 2 (1 sessions) -> unit_review/unit_review: Phrases (1 sessions)","https://d1btvuu4dwu627.cloudfront.net/guidebook/compiled/es/en/iOS/1/626e5b0612760e59783c72561f79eb2bb32cb1a008b6a7d3b8badbe2e0e3f7eeb9e8bf57a71d01a3c18031acffc7095dbb4c2db6164d69e6fafd44b0e59b4274/6.json"
"3","1","learning","Intro","get around in a city","13","skill/regular: Travel [crown 0] (5 sessions) -> skill/regular: Travel [crown 1] (5 sessions) -> practice/unit_practice: Travel (2 sessions) -> chest/chest: Chest 3 (1 sessions) -> unit_review/unit_review: Travel (1 sessions)","https://d1btvuu4dwu627.cloudfront.net/guidebook/compiled/es/en/iOS/1/adc99969e01b7b1dc8144ebe70412ca4683e29bf360d4b14c763e86f6dad95f1aa794ef63f56039be6df491a58f2d87addaa7272d121c4ccc708177fa4256f4d/6.json"
"4","1","learning","Intro","order food and drink","18","skill/regular: Restaurant [crown 0] (5 sessions) -> story/read: Good Morning (1 sessions) -> skill/regular: Restaurant [crown 1] (5 sessions) -> practice/practice: Phrases + Travel (2 sessions) -> story/read: A Date (1 sessions) -> chest/chest: Chest 4 (1 sessions) -> practice/unit_practice: Restaurant (2 sessions) -> story/read: One Thing (1 sessions) -> unit_review/unit_review: Restaurant (1 sessions)","https://d1btvuu4dwu627.cloudfront.net/guidebook/compiled/es/en/iOS/1/01ffb185580f785463ad119d7806af2c95d8f4042bfb6a8e9744b11227c16cbe2a8e18403b3103c0c860ec57c92a743f8384a85f2da1ff181b8602dfe601a94a/6.json"
"5","1","learning","Intro","describe your family","18","skill/regular: Family [crown 0] (5 sessions) -> story/read: Big Family (1 sessions) -> skill/regular: Family [crown 1] (5 sessions) -> chest/chest: Chest 5 (1 sessions) -> practice/practice: Travel + Restaurant (2 sessions) -> story/read: The Red Jacket (1 sessions) -> practice/unit_practice: Family (2 sessions) -> story/read: The Passport (1 sessions) -> unit_review/unit_review: Family (1 sessions)","https://d1btvuu4dwu627.cloudfront.net/guidebook/compiled/es/en/iOS/1/6ce5542cdcd4a77ee90396e56e303eda423f0b4cf5c01fb596b090e5e8cf140aebe4d3f220206b59567b07f8bfb1fa274543b9c81cc250eee2daab6a62b41961/6.json"
"6","1","learning","Intro","shop for clothes, use present tense","23","skill/regular: Shopping [crown 0] (5 sessions) -> story/read: Honeymoon (1 sessions) -> chest/chest: Chest 6 (1 sessions) -> skill/grammar: Pres Tense 1 [crown 0] (5 sessions) -> skill/regular: Shopping [crown 1] (5 sessions) -> practice/practice: Restaurant + Family (2 sessions) -> chest/chest: Chest 7 (1 sessions) -> duo_radio/duo_radio: Radio: Gray Hat (1 sessions) -> practice/unit_practice: Shopping (2 sessions) -> story/read: Doctor Eddy (1 sessions) -> unit_review/unit_review: Shopping + Pres Tense 1 (1 sessions)","https://d1btvuu4dwu627.cloudfront.net/guidebook/compiled/es/en/iOS/1/585ff25801f6c7ae1338a736210aa34295c55d294fd11151966a6ccea741a05f2848dc3426206301ed5ea30b35c86108ca4352798e71b67ea3834c60f06fa215/8.json"
"7","1","learning","Intro","talk about school","18","skill/regular: School [crown 0] (5 sessions) -> story/read: A New Coat (1 sessions) -> skill/regular: School [crown 1] (5 sessions) -> chest/chest: Chest 8 (1 sessions) -> practice/practice: Family + Shopping (2 sessions) -> duo_radio/duo_radio: Radio: The Medical Student (1 sessions) -> practice/unit_practice: School (2 sessions) -> story/read: The New Student (1 sessions) -> unit_review/unit_review: School (1 sessions)","https://d1btvuu4dwu627.cloudfront.net/guidebook/compiled/es/en/iOS/1/630635c80b1af947ff0c66d8fe8cf131aef25e445a5d5f4e6bfbacd6dee25f5db0b6a46b5e8eda75189307091c40dda5b800881c335ef34d6f899353ca4f3c83/6.json"
"8","1","learning","Intro","say where people are from","17","skill/regular: People [crown 0] (4 sessions) -> story/read: Junior's Question (1 sessions) -> chest/chest: Chest 9 (1 sessions) -> skill/regular: People [crown 1] (4 sessions) -> story/listen: Good Morning (1 sessions) -> practice/practice: Family + Shopping + School (2 sessions) -> duo_radio/duo_radio: Radio: College Cafe (1 sessions) -> practice/unit_practice: People (2 sessions) -> story/read: To the Station! (1 sessions) -> chest/chest: Chest 10 (1 sessions) -> unit_review/unit_review: People (1 sessions)","https://d1btvuu4dwu627.cloudfront.net/guidebook/compiled/es/en/iOS/1/16b8db22134590d7234feaaa5e3df4a128c74ab2d2a306dac5820cfa926cebec165c5f1bb24aa1473472e8f2d37ffb29b3466f662776e88c27f739934b80fdec/6.json"
"9","2","learning","A1","ask how people are","16","skill/regular: Greetings [crown 0] (4 sessions) -> story/read: Can I Have It? (1 sessions) -> skill/regular: Greetings [crown 1] (4 sessions) -> story/listen: A Date (1 sessions) -> practice/practice: Shopping + School + People (3 sessions) -> chest/chest: Chest 11 (1 sessions) -> practice/unit_practice: Greetings (2 sessions) -> unit_review/unit_review: Greetings (1 sessions)","https://d1btvuu4dwu627.cloudfront.net/guidebook/compiled/es/en/iOS/1/356cc24f4eb19ffb79074c05dfaf1c77cf975f4bfab420cf184c39a714f4c26ebe0bf0ece45447f13ecabf81293618adcb04c552ce94ec3c470b72d85a4558b3/6.json"
"10","2","learning","A1","express travel needs","19","skill/regular: Travel 2 [crown 0] (5 sessions) -> story/read: Find My Girlfriend (1 sessions) -> skill/regular: Travel 2 [crown 1] (5 sessions) -> story/listen: One Thing (1 sessions) -> chest/chest: Chest 12 (1 sessions) -> practice/practice: School + People + Greetings (3 sessions) -> duo_radio/duo_radio: Radio: Train Ticket for Today (1 sessions) -> practice/unit_practice: Travel 2 (2 sessions) -> unit_review/unit_review: Travel 2 (1 sessions)","https://d1btvuu4dwu627.cloudfront.net/guidebook/compiled/es/en/iOS/1/69656169e2013db9a8a0944e129e9c766f7e62991fac2ab626a39c9019ce43c57c27b0558995ee9c54017fb2a8aa45270b0fbaed6fb03322e45663717519d7f4/6.json"
"11","2","learning","A1","talk about schedules","19","skill/regular: Schedule [crown 0] (5 sessions) -> story/read: The Basketball Player (1 sessions) -> chest/chest: Chest 13 (1 sessions) -> skill/regular: Schedule [crown 1] (5 sessions) -> story/listen: Big Family (1 sessions) -> practice/practice: People + Greetings + Travel 2 (3 sessions) -> duo_radio/duo_radio: Radio: María Is Busy (1 sessions) -> practice/unit_practice: Schedule (2 sessions) -> chest/chest: Chest 14 (1 sessions) -> unit_review/unit_review: Schedule (1 sessions)","https://d1btvuu4dwu627.cloudfront.net/guidebook/compiled/es/en/iOS/1/778fbc2f9d03c07e27fdf7c39778f997739de9342e2f9f49f0da6a2a7b171dc2a56dd550bcf96300e5e0748a06a623351e5eae08c26acc0a8b6d33f9066d9b79/6.json"
"12","2","learning","A1","talk about your life","19","skill/regular: People 2 [crown 0] (5 sessions) -> story/read: Two Tickets Please! (1 sessions) -> skill/regular: People 2 [crown 1] (5 sessions) -> story/listen: The Red Jacket (1 sessions) -> practice/practice: Greetings + Travel 2 + Schedule (3 sessions) -> chest/chest: Chest 15 (1 sessions) -> duo_radio/duo_radio: Radio: Who's That Man? (1 sessions) -> practice/unit_practice: People 2 (2 sessions) -> unit_review/unit_review: People 2 (1 sessions)","https://d1btvuu4dwu627.cloudfront.net/guidebook/compiled/es/en/iOS/1/32a2127262abd667cdb209f1fe021f7fe55b0d371aefbc60ed67110c07ac714b010af0d40f5c647d235c20ad1949b9e1f786671edec6c5032a7cb14646df36af/6.json"
"13","2","learning","A1","discuss others' lives","19","skill/regular: People 3 [crown 0] (5 sessions) -> story/read: Thanks? (1 sessions) -> skill/regular: People 3 [crown 1] (5 sessions) -> story/listen: The Passport (1 sessions) -> chest/chest: Chest 16 (1 sessions) -> practice/practice: Travel 2 + Schedule + People 2 (3 sessions) -> duo_radio/duo_radio: Radio: Family of Teachers (1 sessions) -> practice/unit_practice: People 3 (2 sessions) -> unit_review/unit_review: People 3 (1 sessions)","https://d1btvuu4dwu627.cloudfront.net/guidebook/compiled/es/en/iOS/1/485185ab1ca4271ff551ac765ba8278aba5deac5aaf71200c4836a1b100e4590542ba92013ee4efd7c3043f85b31811bc8c3be52ff28589c8ce8100aad2ab9b3/6.json"
"14","2","learning","A1","talk about college, use gender agreement","24","skill/regular: School 2 [crown 0] (5 sessions) -> story/read: The Dance Class (1 sessions) -> chest/chest: Chest 17 (1 sessions) -> skill/grammar: Agreement [crown 0] (5 sessions) -> skill/regular: School 2 [crown 1] (5 sessions) -> story/listen: Honeymoon (1 sessions) -> practice/practice: Schedule + People 2 + People 3 (3 sessions) -> chest/chest: Chest 18 (1 sessions) -> duo_radio/duo_radio: Radio: Zero Books (1 sessions) -> practice/unit_practice: School 2 (2 sessions) -> unit_review/unit_review: School 2 + Agreement (1 sessions)","https://d1btvuu4dwu627.cloudfront.net/guidebook/compiled/es/en/iOS/1/699851e19e6139ead108caaabe2d6e7260f9dc77b19a0225a34bb4137f0d71009f179494762d963e966e81b5cb910974e5cf90f719908288377ce3ca8495e64c/8.json"
"15","2","learning","A1","describe your family","19","skill/regular: Family 2 [crown 0] (5 sessions) -> story/read: You're Not Mary (1 sessions) -> skill/regular: Family 2 [crown 1] (5 sessions) -> story/listen: Doctor Eddy (1 sessions) -> chest/chest: Chest 19 (1 sessions) -> practice/practice: Schedule + People 2 + People 3 + School 2 (3 sessions) -> duo_radio/duo_radio: Radio: Ana's Boyfriend (1 sessions) -> practice/unit_practice: Family 2 (2 sessions) -> unit_review/unit_review: Family 2 (1 sessions)","https://d1btvuu4dwu627.cloudfront.net/guidebook/compiled/es/en/iOS/1/273b1e56e2779b2fb98b34cb95ebbc64eed5a413dce2465809eb6ec3732fe745dbc966a6263995f31b48d4b1a4b7b5899684aefa8759399609cd550b583d71a2/6.json"
"16","2","learning","A1","talk about office work","19","skill/regular: Work [crown 0] (5 sessions) -> story/read: Lucy's Famous Recipe (1 sessions) -> chest/chest: Chest 20 (1 sessions) -> skill/regular: Work [crown 1] (5 sessions) -> story/listen: A New Coat (1 sessions) -> practice/practice: People 2 + People 3 + School 2 + Family 2 (3 sessions) -> duo_radio/duo_radio: Radio: Trouble at Work (1 sessions) -> practice/unit_practice: Work (2 sessions) -> chest/chest: Chest 21 (1 sessions) -> unit_review/unit_review: Work (1 sessions)","https://d1btvuu4dwu627.cloudfront.net/guidebook/compiled/es/en/iOS/1/344af0ba159549291e9cc87edc306d2e44f7b6f875f5d9b43fabc2c24ad5635e0d81437ab276c1a35d2d6d92d53f07da24290d3f20fc2e7192b7b1dbd1a76eff/6.json"
"17","2","learning","A1","describe emotions","19","skill/regular: Emotions [crown 0] (5 sessions) -> story/read: Junior's Exercise (1 sessions) -> skill/regular: Emotions [crown 1] (5 sessions) -> story/listen: The New Student (1 sessions) -> practice/practice: People 3 + School 2 + Family 2 + Work (3 sessions) -> chest/chest: Chest 22 (1 sessions) -> duo_radio/duo_radio: Radio: No Class Today (1 sessions) -> practice/unit_practice: Emotions (2 sessions) -> unit_review/unit_review: Emotions (1 sessions)","https://d1btvuu4dwu627.cloudfront.net/guidebook/compiled/es/en/iOS/1/17bea769bfeeef871477562fa8fc084cafe06540f8c137e2f968cb202166b7c3adeca232175695705c7d6a0a25c35b38ead5bbc53b7f2a6f94280aab44192b0f/6.json"
"18","2","learning","A1","say where people are from","19","skill/regular: People 4 [crown 0] (5 sessions) -> story/read: The Garden (1 sessions) -> skill/regular: People 4 [crown 1] (5 sessions) -> story/listen: Junior's Question (1 sessions) -> chest/chest: Chest 23 (1 sessions) -> practice/practice: School 2 + Family 2 + Work + Emotions (3 sessions) -> duo_radio/duo_radio: Radio: Soccer Players (1 sessions) -> practice/unit_practice: People 4 (2 sessions) -> unit_review/unit_review: People 4 (1 sessions)","https://d1btvuu4dwu627.cloudfront.net/guidebook/compiled/es/en/iOS/1/94f95a19e99aa7a9de340a225aae187ec66afbf9835ee8ae7afac7ad19ca0a2f075d8e48b40e276e6777791abd61d6df9fbf010908f9505d755cc083ac7185dc/6.json"
"19","2","learning","A1","describe clothing","19","skill/regular: Fashion [crown 0] (5 sessions) -> story/read: The Perfect Person (1 sessions) -> chest/chest: Chest 24 (1 sessions) -> skill/regular: Fashion [crown 1] (5 sessions) -> story/listen: To the Station! (1 sessions) -> practice/practice: Family 2 + Work + Emotions + People 4 (3 sessions) -> duo_radio/duo_radio: Radio: Purple Fashion (1 sessions) -> practice/unit_practice: Fashion (2 sessions) -> chest/chest: Chest 25 (1 sessions) -> unit_review/unit_review: Fashion (1 sessions)","https://d1btvuu4dwu627.cloudfront.net/guidebook/compiled/es/en/iOS/1/ae9040500a33973e9ddb6f03b3abe58448d8f2b689fe687ec4b18e7f7d1dbc49caeb6a819f162f99ae95d35b382a662e7bfe47dceec83ac9bdd479ed90edf09e/6.json"
"20","2","learning","A1","ask for directions","19","skill/regular: Travel 3 [crown 0] (5 sessions) -> story/read: Need Help? (1 sessions) -> skill/regular: Travel 3 [crown 1] (5 sessions) -> story/listen: Can I Have It? (1 sessions) -> practice/practice: Work + Emotions + People 4 + Fashion (3 sessions) -> chest/chest: Chest 26 (1 sessions) -> duo_radio/duo_radio: Radio: Marta’s Town (1 sessions) -> practice/unit_practice: Travel 3 (2 sessions) -> unit_review/unit_review: Travel 3 (1 sessions)","https://d1btvuu4dwu627.cloudfront.net/guidebook/compiled/es/en/iOS/1/1694aa16ee3fa53029431eac01b33c2f18ffebeaf9a02b2379bda4b419095eb1c727102e185052c313bc5dd5782ae77ab94a8ad93d9411e187533f9f18841ba2/6.json"
"21","2","learning","A1","talk about free time, form the present tense","24","skill/regular: Leisure [crown 0] (5 sessions) -> story/read: Junior's Choice (1 sessions) -> skill/grammar: Pres Tense 2 [crown 0] (5 sessions) -> chest/chest: Chest 27 (1 sessions) -> skill/regular: Leisure [crown 1] (5 sessions) -> story/listen: Find My Girlfriend (1 sessions) -> practice/practice: Emotions + People 4 + Fashion (3 sessions) -> duo_radio/duo_radio: Radio: Reading with My Cat (1 sessions) -> practice/unit_practice: Leisure (2 sessions) -> chest/chest: Chest 28 (1 sessions) -> unit_review/unit_review: Leisure + Pres Tense 2 (1 sessions)","https://d1btvuu4dwu627.cloudfront.net/guidebook/compiled/es/en/iOS/1/2fdb330f1bf9d593df00d2e7c47f692a9b4c62655b5022170d0f95adf476b967ac8c08f0b650f79338df3160b34735f979baa714bdf5c3c626ba0e7711b05d9a/8.json"
"22","2","learning","A1","describe activities","19","skill/regular: Activities [crown 0] (5 sessions) -> story/read: I Really Want a Dog (1 sessions) -> skill/regular: Activities [crown 1] (5 sessions) -> story/listen: The Basketball Player (1 sessions) -> practice/practice: Emotions + People 4 + Fashion + Travel 3 (3 sessions) -> chest/chest: Chest 29 (1 sessions) -> duo_radio/duo_radio: Radio: Sisters (1 sessions) -> practice/unit_practice: Activities (2 sessions) -> unit_review/unit_review: Activities (1 sessions)","https://d1btvuu4dwu627.cloudfront.net/guidebook/compiled/es/en/iOS/1/5e9fea82f9ab4209aaa135e5ac54d9be792d9367e81698072ea2499fe04e5e4988495a8b267c7f75382028f8189a0dcd50a8dc3157cad5cc29e4003474c7637f/6.json"
"23","2","learning","A1","express preferences","19","skill/regular: Preference [crown 0] (5 sessions) -> story/read: The Model (1 sessions) -> skill/regular: Preference [crown 1] (5 sessions) -> story/listen: Two Tickets Please! (1 sessions) -> chest/chest: Chest 30 (1 sessions) -> practice/practice: People 4 + Fashion + Travel 3 + Leisure (3 sessions) -> duo_radio/duo_radio: Radio: My Favorite Things (1 sessions) -> practice/unit_practice: Preference (2 sessions) -> unit_review/unit_review: Preference (1 sessions)","https://d1btvuu4dwu627.cloudfront.net/guidebook/compiled/es/en/iOS/1/7cb8e6bbdb81a2d3203dd23aa1440da00274221a2cd4ef485624cbe66ad2e17a29c2e39aeccedafd1e1202107e71af2ff406037c0d7b53ceaf60b4b1a2c07f28/6.json"
"24","2","learning","A1","describe your routine","19","skill/regular: Routines [crown 0] (5 sessions) -> story/read: Bad Painting (1 sessions) -> chest/chest: Chest 31 (1 sessions) -> skill/regular: Routines [crown 1] (5 sessions) -> story/listen: Thanks? (1 sessions) -> practice/practice: Fashion + Travel 3 + Leisure + Activities (3 sessions) -> duo_radio/duo_radio: Radio: Too Loud! (1 sessions) -> practice/unit_practice: Routines (2 sessions) -> chest/chest: Chest 32 (1 sessions) -> unit_review/unit_review: Routines (1 sessions)","https://d1btvuu4dwu627.cloudfront.net/guidebook/compiled/es/en/iOS/1/a47c19650cbc26921d22443e72647ca7bd2372271de990a88339fbd576799f583ea5d3cdf5363533f963e666427c86143502297625add8605f345009d2f08f20/6.json"
"25","2","learning","A1","describe your home","18","skill/regular: Household [crown 0] (5 sessions) -> story/read: Take My Photo (1 sessions) -> skill/regular: Household [crown 1] (5 sessions) -> story/listen: The Dance Class (1 sessions) -> practice/practice: Travel 3 + Leisure + Activities + Preference (3 sessions) -> chest/chest: Chest 33 (1 sessions) -> practice/unit_practice: Household (2 sessions) -> unit_review/unit_review: Household (1 sessions)","https://d1btvuu4dwu627.cloudfront.net/guidebook/compiled/es/en/iOS/1/2cb497dd61f392c6fabdf067fb429716885203834b691c670aa9e5bc4727828400dfbf2d0abaab9bc42b83dbed06a2cc0908a84f65e20354cf6e51867429023c/6.json"
"26","2","learning","A1","order at a restaurant","18","skill/regular: Menu [crown 0] (5 sessions) -> story/read: A New Sport (1 sessions) -> skill/regular: Menu [crown 1] (5 sessions) -> story/listen: You're Not Mary (1 sessions) -> chest/chest: Chest 34 (1 sessions) -> practice/practice: Leisure + Activities + Preference + Routines (3 sessions) -> practice/unit_practice: Menu (2 sessions) -> unit_review/unit_review: Menu (1 sessions)","https://d1btvuu4dwu627.cloudfront.net/guidebook/compiled/es/en/iOS/1/77d1f5136568d9abbf4aa7ca792b309f0e292f5051a5c76fd62bd861fb44c6831ba12ced7758b16e57916c6f93070a14e7f5b2f9823ba35eb16d413d1ffc7f3a/6.json"
"27","2","learning","A1","refer to family members","19","skill/regular: Family 3 [crown 0] (5 sessions) -> story/read: Lucy and the Dinosaurs (1 sessions) -> chest/chest: Chest 35 (1 sessions) -> skill/regular: Family 3 [crown 1] (5 sessions) -> story/listen: Lucy's Famous Recipe (1 sessions) -> practice/practice: Activities + Preference + Routines + Household (3 sessions) -> duo_radio/duo_radio: Radio: Grandpa Community Center (1 sessions) -> practice/unit_practice: Family 3 (2 sessions) -> chest/chest: Chest 36 (1 sessions) -> unit_review/unit_review: Family 3 (1 sessions)","https://d1btvuu4dwu627.cloudfront.net/guidebook/compiled/es/en/iOS/1/966e21f2d4103a72143872ff8aeeda57fb4d95d0acb12247519bbe4c9d1e6405870f33d8fff1c4de8ca5a62d7ab6e4de0a782b4a38b1975b1b458661091d7911/6.json"
"28","2","learning","A1","shop for clothes","18","skill/regular: Shopping 2 [crown 0] (5 sessions) -> story/read: Where Are My Keys? (1 sessions) -> skill/regular: Shopping 2 [crown 1] (5 sessions) -> story/listen: Junior's Exercise (1 sessions) -> practice/practice: Activities + Preference + Routines + Household + Menu (3 sessions) -> chest/chest: Chest 37 (1 sessions) -> practice/unit_practice: Shopping 2 (2 sessions) -> unit_review/unit_review: Shopping 2 (1 sessions)","https://d1btvuu4dwu627.cloudfront.net/guidebook/compiled/es/en/iOS/1/7718c1053347b6ff20fea79986e01d9048cbb01110f9cdac252ef9e01ea95ed64e970dc509b1940f4942c2e07a8d48cc8dee703081707621d74e90896a90be46/6.json"
"29","2","learning","A1","describe people, use ser and estar","24","skill/regular: Describe [crown 0] (5 sessions) -> story/read: Dirty Apartment (1 sessions) -> skill/grammar: To Be [crown 0] (5 sessions) -> chest/chest: Chest 38 (1 sessions) -> skill/regular: Describe [crown 1] (5 sessions) -> story/listen: The Garden (1 sessions) -> practice/practice: Preference + Routines + Household + Menu + Family 3 (3 sessions) -> story/read: The Monkeys (1 sessions) -> practice/unit_practice: Describe (2 sessions) -> chest/chest: Chest 39 (1 sessions) -> unit_review/unit_review: Describe + To Be (1 sessions)","https://d1btvuu4dwu627.cloudfront.net/guidebook/compiled/es/en/iOS/1/83b2650093f5cf1e5180004efb8d6d092a05755a31db316102637e8797e444abb3f5c183bcebc1b8ca5f085fc00255c8e17e9c333a50554dfb05195a7576583c/8.json"
"30","2","learning","A1","talk about likes","19","skill/regular: Recreation [crown 0] (5 sessions) -> story/read: Good Art (1 sessions) -> skill/regular: Recreation [crown 1] (5 sessions) -> story/listen: The Perfect Person (1 sessions) -> practice/practice: Routines + Household + Menu + Family 3 + Shopping 2 (3 sessions) -> chest/chest: Chest 40 (1 sessions) -> duo_radio/duo_radio: Radio: Horse Cinema (1 sessions) -> practice/unit_practice: Recreation (2 sessions) -> unit_review/unit_review: Recreation (1 sessions)","https://d1btvuu4dwu627.cloudfront.net/guidebook/compiled/es/en/iOS/1/32c575fb8fb9e9542321605af829745d0db9277cc76152a52bf8f621b9cf79b9c3a6a8f7178f716fba4edb7ae83f8c285dfc2e3e11be2d76baaa9b0ba349aa03/6.json"
"31","2","learning","A1","talk about interactions","19","skill/regular: Community [crown 0] (5 sessions) -> story/read: The Waiter Is Right (1 sessions) -> skill/regular: Community [crown 1] (5 sessions) -> story/listen: Need Help? (1 sessions) -> chest/chest: Chest 41 (1 sessions) -> practice/practice: Household + Menu + Family 3 + Shopping 2 + Describe (3 sessions) -> story/read: I Feel Sick (1 sessions) -> practice/unit_practice: Community (2 sessions) -> unit_review/unit_review: Community (1 sessions)","https://d1btvuu4dwu627.cloudfront.net/guidebook/compiled/es/en/iOS/1/58c5f5e95816f2634403be2c796ec51a2bf51145d3e3d43cde6c279ba4f6020995a9a4da11d59636a7c6f85e14de839acc5c9520a2dab744a301c1251b079fae/6.json"
"32","2","learning","A1","describe how you feel","19","skill/regular: Phrases 2 [crown 0] (5 sessions) -> story/read: I Want a Pizza (1 sessions) -> chest/chest: Chest 42 (1 sessions) -> skill/regular: Phrases 2 [crown 1] (5 sessions) -> story/listen: Junior's Choice (1 sessions) -> practice/practice: Menu + Family 3 + Shopping 2 + Describe + Recreation (3 sessions) -> story/read: The Diary (1 sessions) -> practice/unit_practice: Phrases 2 (2 sessions) -> chest/chest: Chest 43 (1 sessions) -> unit_review/unit_review: Phrases 2 (1 sessions)","https://d1btvuu4dwu627.cloudfront.net/guidebook/compiled/es/en/iOS/1/03ef79fee2bdd7e422e21960035dfd9656bdfa83dab89a8ad9acddd189226818d38d1879720bd64eaec0b8dc6b52f250637d571a49b1a8d05888fd61745bd770/6.json"
"33","2","learning","A1","use pronouns","19","skill/regular: Connection [crown 0] (5 sessions) -> story/read: Oscar's Flowers (1 sessions) -> skill/regular: Connection [crown 1] (5 sessions) -> story/listen: I Really Want a Dog (1 sessions) -> practice/practice: Family 3 + Shopping 2 + Describe + Recreation + Community (3 sessions) -> chest/chest: Chest 44 (1 sessions) -> duo_radio/duo_radio: Radio: Learning German (1 sessions) -> practice/unit_practice: Connection (2 sessions) -> unit_review/unit_review: Connection (1 sessions)","https://d1btvuu4dwu627.cloudfront.net/guidebook/compiled/es/en/iOS/1/a0e963808e779461eaa2f6135752e5d547048e5590bceb7fe110192c8d470831817b4bffbc5b9a97b61cb56ae929fd85ed2ad1be67fdfd7fbd3adfb7f579e733/6.json"
"34","2","learning","A1","use irregular verbs","19","skill/regular: Routines 2 [crown 0] (5 sessions) -> story/read: Always Late (1 sessions) -> skill/regular: Routines 2 [crown 1] (5 sessions) -> story/listen: The Model (1 sessions) -> chest/chest: Chest 45 (1 sessions) -> practice/practice: Shopping 2 + Describe + Recreation + Community + Phrases 2 (3 sessions) -> story/read: Day Off (1 sessions) -> practice/unit_practice: Routines 2 (2 sessions) -> unit_review/unit_review: Routines 2 (1 sessions)","https://d1btvuu4dwu627.cloudfront.net/guidebook/compiled/es/en/iOS/1/b415cc8610ea6d7865824fcc1788182f5609c11e1d7a1acfd3470e64f9785d5bb77b30859c1215832cdb1a1c3ebf9e5f2362f732fc0dec7981f365d50681ce25/6.json"
"35","3","learning","A1","describe activities","18","skill/regular: Go for It! [crown 0] (5 sessions) -> story/read: Birthday Plan (1 sessions) -> chest/chest: Chest 46 (1 sessions) -> skill/regular: Go for It! [crown 1] (5 sessions) -> story/listen: Bad Painting (1 sessions) -> practice/practice: Shopping 2 + Describe + Recreation + Community + Phrases 2 + Connection (3 sessions) -> practice/unit_practice: Go for It! (2 sessions) -> chest/chest: Chest 47 (1 sessions) -> unit_review/unit_review: Go for It! (1 sessions)","https://d1btvuu4dwu627.cloudfront.net/guidebook/compiled/es/en/iOS/1/a94ff607b79a7bc932281f72fcaabbc1c9807f09c27720e2bd71d6bd8df770a99e206a50a67fa9c909cb999b773a442928e5eb46e229ebe9a25067b35024d0d1/6.json"
"36","3","learning","A1","talk about weather, use stem-changing verbs","24","skill/regular: Weather [crown 0] (5 sessions) -> story/read: What's Your Name? (1 sessions) -> skill/grammar: Stem Changes [crown 0] (5 sessions) -> skill/regular: Weather [crown 1] (5 sessions) -> story/listen: Take My Photo (1 sessions) -> chest/chest: Chest 48 (1 sessions) -> practice/practice: Describe + Recreation + Community + Phrases 2 + Connection + Routines 2 (3 sessions) -> duo_radio/duo_radio: Radio: Cold Yoga (1 sessions) -> practice/unit_practice: Weather (2 sessions) -> unit_review/unit_review: Weather + Stem Changes (1 sessions)","https://d1btvuu4dwu627.cloudfront.net/guidebook/compiled/es/en/iOS/1/3a74e090bc141509b8467784351965cf709f8b94842b72e166165bb2b232074d4df6b624103a7eb46766343bcf8273b266ff0206b06aeacebbdd9308a637d89e/8.json"
"37","3","learning","A1","talk about interests","18","skill/regular: Interests [crown 0] (5 sessions) -> story/read: An Interesting Conversation (1 sessions) -> chest/chest: Chest 49 (1 sessions) -> skill/regular: Interests [crown 1] (5 sessions) -> story/listen: A New Sport (1 sessions) -> practice/practice: Recreation + Community + Phrases 2 + Connection + Routines 2 + Go for It! (3 sessions) -> practice/unit_practice: Interests (2 sessions) -> chest/chest: Chest 50 (1 sessions) -> unit_review/unit_review: Interests (1 sessions)","https://d1btvuu4dwu627.cloudfront.net/guidebook/compiled/es/en/iOS/1/8af7955059f7337e8d59973d697c7dffd80de3dafea41075852fef0f18eb95cebea51b9735b87dc3420ddb3f1b58cfe8f601b3d3dcb4b694d4fa34525a07e700/6.json"
"38","3","learning","A1","say what you can do","18","skill/regular: Basic Info [crown 0] (5 sessions) -> story/read: Not for Kids (1 sessions) -> skill/regular: Basic Info [crown 1] (5 sessions) -> story/listen: Lucy and the Dinosaurs (1 sessions) -> practice/practice: Community + Phrases 2 + Connection + Routines 2 + Go for It! + Weather (3 sessions) -> chest/chest: Chest 51 (1 sessions) -> practice/unit_practice: Basic Info (2 sessions) -> unit_review/unit_review: Basic Info (1 sessions)","https://d1btvuu4dwu627.cloudfront.net/guidebook/compiled/es/en/iOS/1/3adc8b443ceda67810b759ab9db86f0e92875a92f074d44a63c536e7d9ccf89ecc5df12d1f698b039d761ee8b7a8e201c8c06dfe5540d16dc87d15ad61452b35/6.json"
"39","3","learning","A1","make comparisons","18","skill/regular: How Pretty [crown 0] (5 sessions) -> story/read: Too Dangerous (1 sessions) -> skill/regular: How Pretty [crown 1] (5 sessions) -> story/listen: Where Are My Keys? (1 sessions) -> chest/chest: Chest 52 (1 sessions) -> practice/practice: Phrases 2 + Connection + Routines 2 + Go for It! + Weather + Interests (3 sessions) -> practice/unit_practice: How Pretty (2 sessions) -> unit_review/unit_review: How Pretty (1 sessions)","https://d1btvuu4dwu627.cloudfront.net/guidebook/compiled/es/en/iOS/1/8a954f7689bf87bfe5d90a2f4e3fb038b5f6b53429657c0dfd4f136f449459cc2da2d8a29e1d3c8e99633dc09f2d72559824148ef9a5e9be94d404181826ec63/6.json"
"40","3","learning","A1","describe travel plans","18","skill/regular: Travel 4 [crown 0] (5 sessions) -> story/read: Drawing in the Park (1 sessions) -> chest/chest: Chest 53 (1 sessions) -> skill/regular: Travel 4 [crown 1] (5 sessions) -> story/listen: Dirty Apartment (1 sessions) -> practice/practice: Connection + Routines 2 + Go for It! + Weather + Interests + Basic Info (3 sessions) -> practice/unit_practice: Travel 4 (2 sessions) -> chest/chest: Chest 54 (1 sessions) -> unit_review/unit_review: Travel 4 (1 sessions)","https://d1btvuu4dwu627.cloudfront.net/guidebook/compiled/es/en/iOS/1/569d930c99238e18bfcfd1900a057cbb7cac7633f3169c41a358ef4a5206bbfa3941cc4823e6d494866eaf9e7273ba87a2e60ceec2d9f00b8e324b692608916a/6.json"
"41","3","learning","A1","talk about likes","19","skill/regular: Interest 2 [crown 0] (5 sessions) -> story/read: The Art Homework (1 sessions) -> skill/regular: Interest 2 [crown 1] (5 sessions) -> story/listen: The Monkeys (1 sessions) -> practice/practice: Routines 2 + Go for It! + Weather + Interests + Basic Info (3 sessions) -> chest/chest: Chest 55 (1 sessions) -> duo_radio/duo_radio: Radio: Park Problems (1 sessions) -> practice/unit_practice: Interest 2 (2 sessions) -> unit_review/unit_review: Interest 2 (1 sessions)","https://d1btvuu4dwu627.cloudfront.net/guidebook/compiled/es/en/iOS/1/f947e61f62d2877a17884e136e78c3677fa324e890c7f083438f87233d9d4e5a8da62903244b2864f077156f9698d525cae7ec534d78e0836472ae0ea995c7f1/6.json"
"42","3","learning","A1","shop for groceries","18","skill/regular: Groceries [crown 0] (5 sessions) -> story/read: Pizza Night (1 sessions) -> skill/regular: Groceries [crown 1] (5 sessions) -> story/listen: Good Art (1 sessions) -> chest/chest: Chest 56 (1 sessions) -> practice/practice: Routines 2 + Go for It! + Weather + Interests + Basic Info + How Pretty (3 sessions) -> practice/unit_practice: Groceries (2 sessions) -> unit_review/unit_review: Groceries (1 sessions)","https://d1btvuu4dwu627.cloudfront.net/guidebook/compiled/es/en/iOS/1/d9b19c3a3411fd7b5e087488c5821008bc18c02be9f27f8d62fa3a2f9e29e4bb5d81847526bda623556a04d453a506068706785f925600bc0f9ca555b999d7d9/6.json"
"43","3","learning","A1","use commands","18","skill/regular: Requests [crown 0] (5 sessions) -> story/read: The Big Game (1 sessions) -> chest/chest: Chest 57 (1 sessions) -> skill/regular: Requests [crown 1] (5 sessions) -> story/listen: The Waiter Is Right (1 sessions) -> practice/practice: Go for It! + Weather + Interests + Basic Info + How Pretty + Travel 4 (3 sessions) -> practice/unit_practice: Requests (2 sessions) -> chest/chest: Chest 58 (1 sessions) -> unit_review/unit_review: Requests (1 sessions)","https://d1btvuu4dwu627.cloudfront.net/guidebook/compiled/es/en/iOS/1/6db9cceea62565d48a606f029805f1e66233913aab97460d0161e8d7b5cc8b329ea05f9226a207f8c4f6c74b618b1eb446af23df68ee9d7dbc3511439658ce9a/6.json"
"44","3","learning","A1","discuss your routine, use verbs like gustar","23","skill/regular: Routines 3 [crown 0] (5 sessions) -> story/read: Making Breakfast (1 sessions) -> skill/grammar: To Like [crown 0] (5 sessions) -> skill/regular: Routines 3 [crown 1] (5 sessions) -> story/listen: I Feel Sick (1 sessions) -> chest/chest: Chest 59 (1 sessions) -> practice/practice: Weather + Interests + Basic Info + How Pretty + Travel 4 + Interest 2 (3 sessions) -> practice/unit_practice: Routines 3 (2 sessions) -> unit_review/unit_review: Routines 3 + To Like (1 sessions)","https://d1btvuu4dwu627.cloudfront.net/guidebook/compiled/es/en/iOS/1/fbf719733f97e156e0a6cf1ebd392bd5c2275dfd9011ec44629570e9342175ed66783a21c52342e07793b013575728c9c8ae257467ce52659cec859c2e343ecb/8.json"
"45","3","learning","A1","talk about school","19","skill/regular: School 3 [crown 0] (5 sessions) -> story/read: Look at My Painting (1 sessions) -> chest/chest: Chest 60 (1 sessions) -> skill/regular: School 3 [crown 1] (5 sessions) -> story/listen: I Want a Pizza (1 sessions) -> practice/practice: Interests + Basic Info + How Pretty + Travel 4 + Interest 2 + Groceries (3 sessions) -> duo_radio/duo_radio: Radio: Surprise Exam (1 sessions) -> practice/unit_practice: School 3 (2 sessions) -> chest/chest: Chest 61 (1 sessions) -> unit_review/unit_review: School 3 (1 sessions)","https://d1btvuu4dwu627.cloudfront.net/guidebook/compiled/es/en/iOS/1/8fbea2250cf4df2c8f1a67cbb1251094ab1be549366733adb97ef6a3d3d17036227dcd73be59893fa9c8c88b2dfc1754a393fe4f0e4962627fa32087dd052c72/6.json"
"46","3","learning","A1","use direct object pronouns","19","skill/regular: Shopping 3 [crown 0] (5 sessions) -> story/read: Taxi Ride (1 sessions) -> skill/regular: Shopping 3 [crown 1] (5 sessions) -> story/listen: The Diary (1 sessions) -> practice/practice: Basic Info + How Pretty + Travel 4 + Interest 2 + Groceries + Requests (3 sessions) -> chest/chest: Chest 62 (1 sessions) -> duo_radio/duo_radio: Radio: No More Tea (1 sessions) -> practice/unit_practice: Shopping 3 (2 sessions) -> unit_review/unit_review: Shopping 3 (1 sessions)","https://d1btvuu4dwu627.cloudfront.net/guidebook/compiled/es/en/iOS/1/892ad51b801d3c395c0cab6385529c3044e78f1c9565031986da44ab1ffc85471bae5062a47dcc2d243baa1fd2eafa32b8421e7bb90be91257f2e089aaf62e97/6.json"
"47","3","learning","A1","talk about plans","18","skill/regular: Plans [crown 0] (5 sessions) -> story/read: An Emergency (1 sessions) -> skill/regular: Plans [crown 1] (5 sessions) -> story/listen: Oscar's Flowers (1 sessions) -> chest/chest: Chest 63 (1 sessions) -> practice/practice: How Pretty + Travel 4 + Interest 2 + Groceries + Requests + Routines 3 (3 sessions) -> practice/unit_practice: Plans (2 sessions) -> unit_review/unit_review: Plans (1 sessions)","https://d1btvuu4dwu627.cloudfront.net/guidebook/compiled/es/en/iOS/1/41e96147334902781f04a1e9cc50a7d94e80f7d0a41b20823dd6b0241889cd94056d3f850210673f07d9c135fa5b9647d49a3d763afca320981a7b6c11a17b3a/6.json"
"48","3","learning","A1","express wants and needs","18","skill/regular: Tasks [crown 0] (5 sessions) -> story/read: Love Letter (1 sessions) -> chest/chest: Chest 64 (1 sessions) -> skill/regular: Tasks [crown 1] (5 sessions) -> story/listen: Always Late (1 sessions) -> practice/practice: How Pretty + Travel 4 + Interest 2 + Groceries + Requests + Routines 3 + School 3 (3 sessions) -> practice/unit_practice: Tasks (2 sessions) -> chest/chest: Chest 65 (1 sessions) -> unit_review/unit_review: Tasks (1 sessions)","https://d1btvuu4dwu627.cloudfront.net/guidebook/compiled/es/en/iOS/1/67db968e0aaa2717a16eb1a985c92f17165f30fd937b1c52313df491f98480195e59a09f30e677ac9b1d20176c28d6bef73afcf402cc24cb5bdc625bfd1511a5/6.json"
"49","3","learning","A1","describe chores","18","skill/regular: Clean Up [crown 0] (5 sessions) -> story/read: Vikram's Plants (1 sessions) -> skill/regular: Clean Up [crown 1] (5 sessions) -> story/listen: Day Off (1 sessions) -> practice/practice: Travel 4 + Interest 2 + Groceries + Requests + Routines 3 + School 3 + Shopping 3 (3 sessions) -> chest/chest: Chest 66 (1 sessions) -> practice/unit_practice: Clean Up (2 sessions) -> unit_review/unit_review: Clean Up (1 sessions)","https://d1btvuu4dwu627.cloudfront.net/guidebook/compiled/es/en/iOS/1/6baf49dcb52212c9a68ebb174d73629aaa21e18024211ac133a1c47d288ff47076b04f02131d6943f98e81c22be75dc11ab138c48019bbabbcaf4fee2d37b9ac/6.json"
"50","3","learning","A1","use indirect object pronouns","19","skill/regular: Chit chat [crown 0] (5 sessions) -> story/read: The Cake (1 sessions) -> skill/regular: Chit chat [crown 1] (5 sessions) -> story/listen: Birthday Plan (1 sessions) -> chest/chest: Chest 67 (1 sessions) -> practice/practice: Interest 2 + Groceries + Requests + Routines 3 + School 3 + Shopping 3 + Plans (3 sessions) -> duo_radio/duo_radio: Radio: Slow Restaurant (1 sessions) -> practice/unit_practice: Chit chat (2 sessions) -> unit_review/unit_review: Chit chat (1 sessions)","https://d1btvuu4dwu627.cloudfront.net/guidebook/compiled/es/en/iOS/1/4d4007c4a20939b0bcb1a65fed9a4da763c6870abfaa798cf1d628d03f1440f3571e920e4d1444788c6f722e570244f5309c8be22cf4206e343c2c3795d8f3b4/6.json"
"51","3","learning","A1","give directions, use object pronouns","23","skill/regular: Directions [crown 0] (5 sessions) -> story/read: The Promotion (1 sessions) -> chest/chest: Chest 68 (1 sessions) -> skill/grammar: Objects [crown 0] (5 sessions) -> skill/regular: Directions [crown 1] (5 sessions) -> story/listen: What's Your Name? (1 sessions) -> practice/practice: Groceries + Requests + Routines 3 + School 3 + Shopping 3 + Plans + Tasks (3 sessions) -> chest/chest: Chest 69 (1 sessions) -> practice/unit_practice: Directions (2 sessions) -> unit_review/unit_review: Directions + Objects (1 sessions)","https://d1btvuu4dwu627.cloudfront.net/guidebook/compiled/es/en/iOS/1/624b22ea664c38c2943ba23652e69b9005cd0aa78673bd289737c7571b7a7c200e384e6cfc578e3eb193b0222ed527e354f0124a2aaf8a6ef2f2be4f802baf34/8.json"
"52","3","learning","A1","share travel experiences","18","skill/regular: Memories [crown 0] (5 sessions) -> story/read: The Ex-Girlfriend (1 sessions) -> skill/regular: Memories [crown 1] (5 sessions) -> story/listen: An Interesting Conversation (1 sessions) -> chest/chest: Chest 70 (1 sessions) -> practice/practice: Requests + Routines 3 + School 3 + Shopping 3 + Plans + Tasks + Clean Up (3 sessions) -> practice/unit_practice: Memories (2 sessions) -> unit_review/unit_review: Memories (1 sessions)","https://d1btvuu4dwu627.cloudfront.net/guidebook/compiled/es/en/iOS/1/0c23b337200b73d78419b47dfd7691c16bd955d5166ee7797bf969ca2bce6e0772036d244904657e683bf16c60d7797009ccb043b1c6830ec7ba0a2c9db0f285/6.json"
"53","3","learning","A1","tell stories","19","skill/regular: Farm [crown 0] (5 sessions) -> story/read: The Song (1 sessions) -> chest/chest: Chest 71 (1 sessions) -> skill/regular: Farm [crown 1] (5 sessions) -> story/listen: Not for Kids (1 sessions) -> practice/practice: Routines 3 + School 3 + Shopping 3 + Plans + Tasks + Clean Up + Chit chat (3 sessions) -> duo_radio/duo_radio: Radio: Clorinda and the Garden (1 sessions) -> practice/unit_practice: Farm (2 sessions) -> chest/chest: Chest 72 (1 sessions) -> unit_review/unit_review: Farm (1 sessions)","https://d1btvuu4dwu627.cloudfront.net/guidebook/compiled/es/en/iOS/1/1029dfcaa0812640664b4596648eb61168c15f079a551587c873c3c698db700e2f8632edf3f35aef09d7fdcfc8c8c2240e266967feb183cf373388fa7425b8f4/6.json"
"54","3","learning","A1","describe your weekend","18","skill/regular: Weekend [crown 0] (5 sessions) -> story/read: Send an Email (1 sessions) -> skill/regular: Weekend [crown 1] (5 sessions) -> story/listen: Too Dangerous (1 sessions) -> practice/practice: School 3 + Shopping 3 + Plans + Tasks + Clean Up + Chit chat + Directions (3 sessions) -> chest/chest: Chest 73 (1 sessions) -> practice/unit_practice: Weekend (2 sessions) -> unit_review/unit_review: Weekend (1 sessions)","https://d1btvuu4dwu627.cloudfront.net/guidebook/compiled/es/en/iOS/1/a6a0e421e45cb1b04cca66a990576492024ae868d36adb09c5f5c4391b7c7a3b3e4e55842826e85d27a668c2c94f0d0fbcdb5aefc9e6cf944dc8d94bda0501e3/6.json"
"55","3","learning","A1","talk about vacation","19","skill/regular: Vacation [crown 0] (5 sessions) -> story/read: A Great Teacher (1 sessions) -> skill/regular: Vacation [crown 1] (5 sessions) -> story/listen: Drawing in the Park (1 sessions) -> chest/chest: Chest 74 (1 sessions) -> practice/practice: School 3 + Shopping 3 + Plans + Tasks + Clean Up + Chit chat + Directions + Memories (3 sessions) -> duo_radio/duo_radio: Radio: Wine Party (1 sessions) -> practice/unit_practice: Vacation (2 sessions) -> unit_review/unit_review: Vacation (1 sessions)","https://d1btvuu4dwu627.cloudfront.net/guidebook/compiled/es/en/iOS/1/5208b22e3a0b9058dd72dc61acff57cc4204382c625e976dcf7075f26858bc45b50c600fc87a3c953a6e336986bfc2baac9e54e8ddc43f11c9d88926c225bb24/6.json"
"56","3","learning","A1","go shopping","18","skill/regular: Shopping 4 [crown 0] (5 sessions) -> story/read: Car Problem (1 sessions) -> chest/chest: Chest 75 (1 sessions) -> skill/regular: Shopping 4 [crown 1] (5 sessions) -> story/listen: The Art Homework (1 sessions) -> practice/practice: Shopping 3 + Plans + Tasks + Clean Up + Chit chat + Directions + Memories + Farm (3 sessions) -> practice/unit_practice: Shopping 4 (2 sessions) -> chest/chest: Chest 76 (1 sessions) -> unit_review/unit_review: Shopping 4 (1 sessions)","https://d1btvuu4dwu627.cloudfront.net/guidebook/compiled/es/en/iOS/1/3044501fb80e4ed311bb4c7747b69251f7b5421efd1ba34682fae6bc7a2eefd0b957cae11898f6d357124175f62fea6950799ee588c646d96ccc04abf77b0c14/6.json"
"57","3","learning","A1","say what you prefer","18","skill/regular: Which One? [crown 0] (5 sessions) -> story/read: The Fishing Trip (1 sessions) -> skill/regular: Which One? [crown 1] (5 sessions) -> story/listen: Pizza Night (1 sessions) -> practice/practice: Plans + Tasks + Clean Up + Chit chat + Directions + Memories + Farm + Weekend (3 sessions) -> chest/chest: Chest 77 (1 sessions) -> practice/unit_practice: Which One? (2 sessions) -> unit_review/unit_review: Which One? (1 sessions)","https://d1btvuu4dwu627.cloudfront.net/guidebook/compiled/es/en/iOS/1/6856b4d7249dec87f97ca0fcb42acffa1c034a48f63a2af9cfce8fda735ef7d403e04089b963cef5d51a5b1304709639411ec3d669faf18ca11f35a1781bd67b/6.json"
"58","3","learning","A1","talk about the weather, form the past tense","23","skill/regular: Nature [crown 0] (5 sessions) -> story/read: Fish Funeral (1 sessions) -> skill/grammar: Past Tense 1 [crown 0] (5 sessions) -> chest/chest: Chest 78 (1 sessions) -> skill/regular: Nature [crown 1] (5 sessions) -> story/listen: The Big Game (1 sessions) -> practice/practice: Tasks + Clean Up + Chit chat + Directions + Memories + Farm + Weekend + Vacation (3 sessions) -> practice/unit_practice: Nature (2 sessions) -> chest/chest: Chest 79 (1 sessions) -> unit_review/unit_review: Nature + Past Tense 1 (1 sessions)","https://d1btvuu4dwu627.cloudfront.net/guidebook/compiled/es/en/iOS/1/10814f191740fc6e6a0c294aeae8c12e6eb2ef8b900eaba57fe386feb7d1bd09f19bbe6922e47176c55c77b949f739e9bf6806736ddf104c6002a6a808593d56/8.json"
"59","3","learning","A1","go on a trip","18","skill/regular: Travel 5 [crown 0] (5 sessions) -> story/read: Free Pizza (1 sessions) -> skill/regular: Travel 5 [crown 1] (5 sessions) -> story/listen: Making Breakfast (1 sessions) -> practice/practice: Clean Up + Chit chat + Directions + Memories + Farm + Weekend + Vacation + Shopping 4 (3 sessions) -> chest/chest: Chest 80 (1 sessions) -> practice/unit_practice: Travel 5 (2 sessions) -> unit_review/unit_review: Travel 5 (1 sessions)","https://d1btvuu4dwu627.cloudfront.net/guidebook/compiled/es/en/iOS/1/42e08f3a88932edc8954fa54fafbcd439aff25c56bcd13ba7833c2ad27d2bccef2324949a3e5a41b8c259de79e9f4e26bb266104cc7331f4504d2f56c5fe9856/6.json"
"60","3","learning","A1","describe past events","19","skill/regular: School 4 [crown 0] (5 sessions) -> story/read: Surprise Ending (1 sessions) -> skill/regular: School 4 [crown 1] (5 sessions) -> story/listen: Look at My Painting (1 sessions) -> chest/chest: Chest 81 (1 sessions) -> practice/practice: Chit chat + Directions + Memories + Farm + Weekend + Vacation + Shopping 4 + Which One? (3 sessions) -> duo_radio/duo_radio: Radio: Practical Education (1 sessions) -> practice/unit_practice: School 4 (2 sessions) -> unit_review/unit_review: School 4 (1 sessions)","https://d1btvuu4dwu627.cloudfront.net/guidebook/compiled/es/en/iOS/1/51b184f69c9efc919b630811a1a74099b1b1ca8cf8bc1d2d0478ed3acabe4fd2f01da0c240465de978185eefd420066fac83c0621ce2e5a70c263dcdf9b3e28d/6.json"
"61","3","learning","A1","talk about your past","19","skill/regular: History [crown 0] (5 sessions) -> story/read: My Favorite Band (1 sessions) -> chest/chest: Chest 82 (1 sessions) -> skill/regular: History [crown 1] (5 sessions) -> story/listen: Taxi Ride (1 sessions) -> practice/practice: Directions + Memories + Farm + Weekend + Vacation + Shopping 4 + Which One? (3 sessions) -> story/read: The Last Seat (1 sessions) -> practice/unit_practice: History (2 sessions) -> chest/chest: Chest 83 (1 sessions) -> unit_review/unit_review: History (1 sessions)","https://d1btvuu4dwu627.cloudfront.net/guidebook/compiled/es/en/iOS/1/faf9cfe1004d2e38b6c70f92e7880ef7347fd43a758176baf668ed027f2891597a151535c215ba9f2c51d5013487994cd6125eba33ae0445ac6ce9f9c001deb7/6.json"
"62","3","learning","A1","talk about the body","19","skill/regular: Home [crown 0] (5 sessions) -> story/read: Recycling Is Important (1 sessions) -> skill/regular: Home [crown 1] (5 sessions) -> story/listen: An Emergency (1 sessions) -> practice/practice: Directions + Memories + Farm + Weekend + Vacation + Shopping 4 + Which One? + Nature (3 sessions) -> story/read: Eddy's Breakup (1 sessions) -> chest/chest: Chest 84 (1 sessions) -> practice/unit_practice: Home (2 sessions) -> unit_review/unit_review: Home (1 sessions)","https://d1btvuu4dwu627.cloudfront.net/guidebook/compiled/es/en/iOS/1/eac47f821ddc329fd8ba8a0fc338dbb3baac569cf0883ad6197c5c1d213d09ebf5badf9febf72a2dcbfd7fd22547ac9a881be479a72fc6e907a3595500c97cd5/6.json"
"63","4","learning","A2","express preferences","19","skill/regular: Choices [crown 0] (5 sessions) -> story/read: Thanks, Mom (1 sessions) -> skill/regular: Choices [crown 1] (5 sessions) -> story/listen: Love Letter (1 sessions) -> chest/chest: Chest 85 (1 sessions) -> practice/practice: Memories + Farm + Weekend + Vacation + Shopping 4 + Which One? + Nature + Travel 5 (3 sessions) -> duo_radio/duo_radio: Radio: A Day in the Life (1 sessions) -> practice/unit_practice: Choices (2 sessions) -> unit_review/unit_review: Choices (1 sessions)","https://d1btvuu4dwu627.cloudfront.net/guidebook/compiled/es/en/iOS/1/ba48397ed1bf84c199673d964ea12ea252ab29817ad7c05a377945fc3227beb0f2bf83c06536b2922d912b98a910a6125d8c818efefcecf3db93407518055e4a/6.json"
"64","4","learning","A2","use commands","19","skill/regular: Work 2 [crown 0] (5 sessions) -> story/read: You Can Talk? (1 sessions) -> chest/chest: Chest 86 (1 sessions) -> skill/regular: Work 2 [crown 1] (5 sessions) -> story/listen: Vikram's Plants (1 sessions) -> practice/practice: Farm + Weekend + Vacation + Shopping 4 + Which One? + Nature + Travel 5 + School 4 (3 sessions) -> duo_radio/duo_radio: Radio: Sound Sabotage (1 sessions) -> practice/unit_practice: Work 2 (2 sessions) -> chest/chest: Chest 87 (1 sessions) -> unit_review/unit_review: Work 2 (1 sessions)","https://d1btvuu4dwu627.cloudfront.net/guidebook/compiled/es/en/iOS/1/589c5991ab8729ba0a4bf06739cc4b2f1f19388d2c70ebf1e4205ce0f7a440c395a6faf02c41896157bcd6d21b2e8461679ce2cc6494ac4275a9300eaf1c8541/6.json"
"65","4","learning","A2","talk about your childhood, use the past tense","23","skill/regular: Childhood [crown 0] (5 sessions) -> story/read: Camping! (1 sessions) -> skill/grammar: Past Tense 2 [crown 0] (5 sessions) -> skill/regular: Childhood [crown 1] (5 sessions) -> story/listen: The Cake (1 sessions) -> chest/chest: Chest 88 (1 sessions) -> practice/practice: Weekend + Vacation + Shopping 4 + Which One? + Nature + Travel 5 + School 4 + History (3 sessions) -> practice/unit_practice: Childhood (2 sessions) -> unit_review/unit_review: Childhood + Past Tense 2 (1 sessions)","https://d1btvuu4dwu627.cloudfront.net/guidebook/compiled/es/en/iOS/1/f627af1488de9edae6c14c05a5aa529159dd2fc8795a1cb7760111fe5c1c49b325d5718b1dc44c0d232306dbd2677567d426cf9ca4dfd9537803b176ea53ee5e/8.json"
"66","4","learning","A2","eat in a restaurant","19","skill/regular: Delicious! [crown 0] (5 sessions) -> story/read: Weekend Visit (1 sessions) -> chest/chest: Chest 89 (1 sessions) -> skill/regular: Delicious! [crown 1] (5 sessions) -> story/listen: The Promotion (1 sessions) -> practice/practice: Vacation + Shopping 4 + Which One? + Nature + Travel 5 + School 4 + History + Home (3 sessions) -> duo_radio/duo_radio: Radio: A Fiery Feast (1 sessions) -> practice/unit_practice: Delicious! (2 sessions) -> chest/chest: Chest 90 (1 sessions) -> unit_review/unit_review: Delicious! (1 sessions)","https://d1btvuu4dwu627.cloudfront.net/guidebook/compiled/es/en/iOS/1/29170ae9a2f489f08e9b559563ce164105c4f4a8b82d07bcba8605e305e7e682d41c9038202956d062dc48283635f8d7d0bc85a01dc45e405d147e6114aabcbf/6.json"
"67","4","learning","A2","talk about fun plans","18","skill/regular: Fun Plans [crown 0] (5 sessions) -> story/read: The Horror Movie (1 sessions) -> skill/regular: Fun Plans [crown 1] (5 sessions) -> story/listen: The Ex-Girlfriend (1 sessions) -> practice/practice: Shopping 4 + Which One? + Nature + Travel 5 + School 4 + History + Home + Choices (3 sessions) -> chest/chest: Chest 91 (1 sessions) -> practice/unit_practice: Fun Plans (2 sessions) -> unit_review/unit_review: Fun Plans (1 sessions)","https://d1btvuu4dwu627.cloudfront.net/guidebook/compiled/es/en/iOS/1/61e04d00880a831b78c8869c691232e6ca4ef469ca0f3ce770b9f581d0492d2ceaa42d16c76bf4f7c644aa6c3b994cd3e6fb8d99406974ac61c87e7df83d2d34/6.json"
"68","4","learning","A2","talk about traditions","19","skill/regular: Traditions [crown 0] (5 sessions) -> story/read: Getting Older (1 sessions) -> skill/regular: Traditions [crown 1] (5 sessions) -> story/listen: The Song (1 sessions) -> chest/chest: Chest 92 (1 sessions) -> practice/practice: Shopping 4 + Which One? + Nature + Travel 5 + School 4 + History + Home + Choices + Work 2 (3 sessions) -> duo_radio/duo_radio: Radio: Tomato Fight (1 sessions) -> practice/unit_practice: Traditions (2 sessions) -> unit_review/unit_review: Traditions (1 sessions)","https://d1btvuu4dwu627.cloudfront.net/guidebook/compiled/es/en/iOS/1/06cb002d0c231fbf5f4659079bd7481b965932303a11c88ae778c74d282ac63a12e0ec47058dfdff86aa0f8e255052e6f0bc6ba3f730092d7ad47efb625a2b46/6.json"
"69","4","learning","A2","arrange to meet people","19","skill/regular: Social [crown 0] (5 sessions) -> story/read: New Year, New Bea (1 sessions) -> chest/chest: Chest 93 (1 sessions) -> skill/regular: Social [crown 1] (5 sessions) -> story/listen: Send an Email (1 sessions) -> practice/practice: Which One? + Nature + Travel 5 + School 4 + History + Home + Choices + Work 2 + Childhood (3 sessions) -> duo_radio/duo_radio: Radio: Surprise! (1 sessions) -> practice/unit_practice: Social (2 sessions) -> chest/chest: Chest 94 (1 sessions) -> unit_review/unit_review: Social (1 sessions)","https://d1btvuu4dwu627.cloudfront.net/guidebook/compiled/es/en/iOS/1/557e27fcce5a47cbfd681ef63ad3e7d1d9463f36242517dedb6f934a27c90e7f5817ee7ef68b024f8e80c156252db8b949ad09893a194fe1a6c65167026eefbf/6.json"
"70","4","learning","A2","describe past events","18","skill/regular: Memories 2 [crown 0] (5 sessions) -> story/read: Going to Rome (1 sessions) -> skill/regular: Memories 2 [crown 1] (5 sessions) -> story/listen: A Great Teacher (1 sessions) -> practice/practice: Nature + Travel 5 + School 4 + History + Home + Choices + Work 2 + Childhood + Delicious! (3 sessions) -> chest/chest: Chest 95 (1 sessions) -> practice/unit_practice: Memories 2 (2 sessions) -> unit_review/unit_review: Memories 2 (1 sessions)","https://d1btvuu4dwu627.cloudfront.net/guidebook/compiled/es/en/iOS/1/6239a530f7390d7b10052c85e7847249134972a169361ab535d8e32cedbdfc86ac345465e063b40864e118982c40ea4e733e14651cdf98477d871646a85449bb/6.json"
"71","4","learning","A2","talk about your home","19","skill/regular: Apartment [crown 0] (5 sessions) -> story/read: Second Date (1 sessions) -> skill/regular: Apartment [crown 1] (5 sessions) -> story/listen: Car Problem (1 sessions) -> chest/chest: Chest 96 (1 sessions) -> practice/practice: Travel 5 + School 4 + History + Home + Choices + Work 2 + Childhood + Delicious! + Fun Plans (3 sessions) -> duo_radio/duo_radio: Radio: Snooze Solutions (1 sessions) -> practice/unit_practice: Apartment (2 sessions) -> unit_review/unit_review: Apartment (1 sessions)","https://d1btvuu4dwu627.cloudfront.net/guidebook/compiled/es/en/iOS/1/a26af58d0cc0d93d92b2064625d3e15819ccf76e9640c176bd409048ffa22135253817c5c089d8fe401983709e6ed7bc9aab56590162385fb8240c713e019b45/6.json"
"72","4","learning","A2","talk with a doctor","18","skill/regular: Health [crown 0] (5 sessions) -> story/read: Can I Take a Picture? (1 sessions) -> chest/chest: Chest 97 (1 sessions) -> skill/regular: Health [crown 1] (5 sessions) -> story/listen: The Fishing Trip (1 sessions) -> practice/practice: School 4 + History + Home + Choices + Work 2 + Childhood + Delicious! + Fun Plans + Traditions (3 sessions) -> practice/unit_practice: Health (2 sessions) -> chest/chest: Chest 98 (1 sessions) -> unit_review/unit_review: Health (1 sessions)","https://d1btvuu4dwu627.cloudfront.net/guidebook/compiled/es/en/iOS/1/379a1d0ed1c296463d0997ed0ab70c3525beefa40bfce2da4bd57f60c8d83006b4f3a7722a23b141d5ac128fb62224bf440446cc01e397f8acf97940135728e3/6.json"
"73","4","learning","A2","exchange information","19","skill/regular: Look It Up [crown 0] (5 sessions) -> story/read: The Letter (1 sessions) -> skill/regular: Look It Up [crown 1] (5 sessions) -> story/listen: Fish Funeral (1 sessions) -> practice/practice: History + Home + Choices + Work 2 + Childhood + Delicious! + Fun Plans + Traditions + Social (3 sessions) -> chest/chest: Chest 99 (1 sessions) -> duo_radio/duo_radio: Radio: Boring News (1 sessions) -> practice/unit_practice: Look It Up (2 sessions) -> unit_review/unit_review: Look It Up (1 sessions)","https://d1btvuu4dwu627.cloudfront.net/guidebook/compiled/es/en/iOS/1/8bd1ad20cacba78a669dd4bc23b10bab539a6c5a6d6b5b4d42aa76e998b7ea04a2ce01d6031f2efff9801d2b722f21a5c60a0bf50ce89886548931efddf5f559/6.json"
"74","4","learning","A2","make general statements, use the imperfect tense","23","skill/regular: Life [crown 0] (5 sessions) -> story/read: Too Fast (1 sessions) -> skill/grammar: Past Tense 3 [crown 0] (5 sessions) -> chest/chest: Chest 100 (1 sessions) -> skill/regular: Life [crown 1] (5 sessions) -> story/listen: Free Pizza (1 sessions) -> practice/practice: Home + Choices + Work 2 + Childhood + Delicious! + Fun Plans + Traditions + Social + Memories 2 (3 sessions) -> practice/unit_practice: Life (2 sessions) -> chest/chest: Chest 101 (1 sessions) -> unit_review/unit_review: Life + Past Tense 3 (1 sessions)","https://d1btvuu4dwu627.cloudfront.net/guidebook/compiled/es/en/iOS/1/d1fa3ed650f8763c43e58e51e7b230082fa5cd25c6394ff5eeded901a4b7bd7227742dfa2e4e0da657b890a1c354737e0f26b7ec5f587a5dead33d0b6b5dd1e7/8.json"
"75","4","learning","A2","talk about recent events","19","skill/regular: Last Week [crown 0] (5 sessions) -> story/read: Gray Hair (1 sessions) -> skill/regular: Last Week [crown 1] (5 sessions) -> story/listen: Surprise Ending (1 sessions) -> practice/practice: Home + Choices + Work 2 + Childhood + Delicious! + Fun Plans + Traditions + Social + Memories 2 + Apartment (3 sessions) -> chest/chest: Chest 102 (1 sessions) -> duo_radio/duo_radio: Radio: A Speedy Service (1 sessions) -> practice/unit_practice: Last Week (2 sessions) -> unit_review/unit_review: Last Week (1 sessions)","https://d1btvuu4dwu627.cloudfront.net/guidebook/compiled/es/en/iOS/1/859d67218501a4514a438a3f762ace8076d028f15d0b815f5d4cb275a40992fd29f9952f0275de6cc7dad5ba77b7ab416803e62110760369af083d21228f37a6/6.json"
"76","4","learning","A2","describe your childhood","18","skill/regular: Nostalgia [crown 0] (5 sessions) -> story/read: Dress Shopping (1 sessions) -> skill/regular: Nostalgia [crown 1] (5 sessions) -> story/listen: My Favorite Band (1 sessions) -> chest/chest: Chest 103 (1 sessions) -> practice/practice: Choices + Work 2 + Childhood + Delicious! + Fun Plans + Traditions + Social + Memories 2 + Apartment + Health (3 sessions) -> practice/unit_practice: Nostalgia (2 sessions) -> unit_review/unit_review: Nostalgia (1 sessions)","https://d1btvuu4dwu627.cloudfront.net/guidebook/compiled/es/en/iOS/1/679660779645fb3da8517c15bf9ce193b8bd25457e85bf02d0e4ea344f7fab85d6d54b88d754960e982027e0125148f3c2deab889f5de1e439cc7917fcc00980/6.json"
"77","4","learning","A2","describe a story","19","skill/regular: Storybook [crown 0] (5 sessions) -> story/read: Falling Elevator (1 sessions) -> chest/chest: Chest 104 (1 sessions) -> skill/regular: Storybook [crown 1] (5 sessions) -> story/listen: The Last Seat (1 sessions) -> practice/practice: Work 2 + Childhood + Delicious! + Fun Plans + Traditions + Social + Memories 2 + Apartment + Health + Look It Up (3 sessions) -> story/read: A Wedding Story (1 sessions) -> practice/unit_practice: Storybook (2 sessions) -> chest/chest: Chest 105 (1 sessions) -> unit_review/unit_review: Storybook (1 sessions)","https://d1btvuu4dwu627.cloudfront.net/guidebook/compiled/es/en/iOS/1/1185065747c3bbdbd9945bbc98b21a6641070ffb4df74e272ce96a540a69b57912fe5c9d26744535961daff9539832a34cc92a88ea3e133a8314fe51d53480b4/6.json"
"78","4","learning","A2","talk about travel plans","19","skill/regular: Vacation 2 [crown 0] (5 sessions) -> story/read: The Manager's Office (1 sessions) -> skill/regular: Vacation 2 [crown 1] (5 sessions) -> story/listen: Recycling Is Important (1 sessions) -> practice/practice: Childhood + Delicious! + Fun Plans + Traditions + Social + Memories 2 + Apartment + Health + Look It Up + Life (3 sessions) -> chest/chest: Chest 106 (1 sessions) -> duo_radio/duo_radio: Radio: Aztec Boat Ride (1 sessions) -> practice/unit_practice: Vacation 2 (2 sessions) -> unit_review/unit_review: Vacation 2 (1 sessions)","https://d1btvuu4dwu627.cloudfront.net/guidebook/compiled/es/en/iOS/1/e735c16821c19bcabda7645b56797076cf70a794aef699ee20adfb8d971494fa0f3ee3c2a715d203b92bd182452709071e8db9023c71bad126ece8462697fa41/6.json"
"79","4","learning","A2","describe an event","19","skill/regular: Narrative [crown 0] (5 sessions) -> story/read: Grandmother's Recipe (1 sessions) -> skill/regular: Narrative [crown 1] (5 sessions) -> story/listen: Eddy's Breakup (1 sessions) -> chest/chest: Chest 107 (1 sessions) -> practice/practice: Delicious! + Fun Plans + Traditions + Social + Memories 2 + Apartment + Health + Look It Up + Life + Last Week (3 sessions) -> duo_radio/duo_radio: Radio: Fashion for the Future (1 sessions) -> practice/unit_practice: Narrative (2 sessions) -> unit_review/unit_review: Narrative (1 sessions)","https://d1btvuu4dwu627.cloudfront.net/guidebook/compiled/es/en/iOS/1/ec9ad7686012ad0376d8db101cdc9b24d14d78dce043e5daf131d3990013b12938ad2dfb544f9a1d6ec6476ab39ce35c26b1229fc067c10c5fc802a15417114b/6.json"
"80","4","learning","A2","set the stage in a story","19","skill/regular: Anecdotes [crown 0] (5 sessions) -> story/read: A Love Story (1 sessions) -> chest/chest: Chest 108 (1 sessions) -> skill/regular: Anecdotes [crown 1] (5 sessions) -> story/listen: Thanks, Mom (1 sessions) -> practice/practice: Fun Plans + Traditions + Social + Memories 2 + Apartment + Health + Look It Up + Life + Last Week + Nostalgia (3 sessions) -> story/read: Horoscopes Aren't Real (1 sessions) -> practice/unit_practice: Anecdotes (2 sessions) -> chest/chest: Chest 109 (1 sessions) -> unit_review/unit_review: Anecdotes (1 sessions)","https://d1btvuu4dwu627.cloudfront.net/guidebook/compiled/es/en/iOS/1/5f9648bb9747119603b585b5686bf127fc4bc1dba859990071647bcf5ba36814cfeb1cf3665c77d7d89b0320d71c1fc03fa19ec3fc122ba7fb5aec4e6f9b3d33/6.json"
"81","4","learning","A2","talk about work","19","skill/regular: Work 3 [crown 0] (5 sessions) -> story/read: The Sandwich Thief (1 sessions) -> skill/regular: Work 3 [crown 1] (5 sessions) -> story/listen: You Can Talk? (1 sessions) -> practice/practice: Traditions + Social + Memories 2 + Apartment + Health + Look It Up + Life + Last Week + Nostalgia (3 sessions) -> story/read: The Breakup (1 sessions) -> chest/chest: Chest 110 (1 sessions) -> practice/unit_practice: Work 3 (2 sessions) -> unit_review/unit_review: Work 3 (1 sessions)","https://d1btvuu4dwu627.cloudfront.net/guidebook/compiled/es/en/iOS/1/d90355602fcf109d40fab6c3a005e3f62690cb266f24a079d30bc5bc844f9377af6c5793a3d67b33cce7000849e964f2975d5a7d3d19a5feea093fa6cad39fdb/6.json"
"82","4","learning","A2","use the imperfect tense, form the past tense","24","skill/regular: Magic Land [crown 0] (5 sessions) -> story/read: Pasta Problem (1 sessions) -> skill/grammar: Past Tense 4 [crown 0] (5 sessions) -> chest/chest: Chest 111 (1 sessions) -> skill/regular: Magic Land [crown 1] (5 sessions) -> story/listen: Camping! (1 sessions) -> practice/practice: Traditions + Social + Memories 2 + Apartment + Health + Look It Up + Life + Last Week + Nostalgia + Storybook (3 sessions) -> duo_radio/duo_radio: Radio: Amazonian Honey (1 sessions) -> practice/unit_practice: Magic Land (2 sessions) -> chest/chest: Chest 112 (1 sessions) -> unit_review/unit_review: Magic Land + Past Tense 4 (1 sessions)","https://d1btvuu4dwu627.cloudfront.net/guidebook/compiled/es/en/iOS/1/64029a0ffbf90ce294634eeafb98bbdc9612ee0fac0802d58dd8d99a84a58d55fdf71755a64966f56444e096466f7ee4e3b3ce4be32c6e642d09f9fe48f05023/8.json"
"83","4","learning","A2","ask about the past","19","skill/regular: History 2 [crown 0] (5 sessions) -> story/read: This Tastes Strange (1 sessions) -> skill/regular: History 2 [crown 1] (5 sessions) -> story/listen: Weekend Visit (1 sessions) -> practice/practice: Social + Memories 2 + Apartment + Health + Look It Up + Life + Last Week + Nostalgia + Storybook + Vacation 2 (3 sessions) -> story/read: The Dragon Cake (1 sessions) -> chest/chest: Chest 113 (1 sessions) -> practice/unit_practice: History 2 (2 sessions) -> unit_review/unit_review: History 2 (1 sessions)","https://d1btvuu4dwu627.cloudfront.net/guidebook/compiled/es/en/iOS/1/505017a737427e0e07f2d98c06b3c14beec6aff7a401a4fc7ec7ccc4edc4519960bdf1207151d9e80a9511baf776f1e33b89c8e1abca3a4b474e5bb47d5e94c9/6.json"
"84","4","learning","A2","describe daily activities","19","skill/regular: Daily Life [crown 0] (5 sessions) -> story/read: Is This Love? (1 sessions) -> skill/regular: Daily Life [crown 1] (5 sessions) -> story/listen: The Horror Movie (1 sessions) -> chest/chest: Chest 114 (1 sessions) -> practice/practice: Memories 2 + Apartment + Health + Look It Up + Life + Last Week + Nostalgia + Storybook + Vacation 2 + Narrative (3 sessions) -> duo_radio/duo_radio: Radio: Makeover 101 (1 sessions) -> practice/unit_practice: Daily Life (2 sessions) -> unit_review/unit_review: Daily Life (1 sessions)","https://d1btvuu4dwu627.cloudfront.net/guidebook/compiled/es/en/iOS/1/67afaea27b80918d44ef383d834cf17a43c2593d9412366dc9b90e25d5389635a704f02e74221ce5c12e01680ab5dcc31aec46e55602530874db0cc36ca23a2f/6.json"
"85","4","learning","A2","shop for groceries","19","skill/regular: Grocery 2 [crown 0] (5 sessions) -> story/read: The Boxing Match (1 sessions) -> chest/chest: Chest 115 (1 sessions) -> skill/regular: Grocery 2 [crown 1] (5 sessions) -> story/listen: Getting Older (1 sessions) -> practice/practice: Apartment + Health + Look It Up + Life + Last Week + Nostalgia + Storybook + Vacation 2 + Narrative + Anecdotes (3 sessions) -> story/read: Flat Tire (1 sessions) -> practice/unit_practice: Grocery 2 (2 sessions) -> chest/chest: Chest 116 (1 sessions) -> unit_review/unit_review: Grocery 2 (1 sessions)","https://d1btvuu4dwu627.cloudfront.net/guidebook/compiled/es/en/iOS/1/56765e3a3289fc4d09d527dceb457504e33786af5186878c40e72e5538a99a6f81ad63088eb5614e3ea7c36ebd150ba50a7456297908b36395e2a87a4cc685ec/6.json"
"86","4","learning","A2","talk about classes","19","skill/regular: School 5 [crown 0] (5 sessions) -> story/read: What a Great Tent! (1 sessions) -> skill/regular: School 5 [crown 1] (5 sessions) -> story/listen: New Year, New Bea (1 sessions) -> practice/practice: Health + Look It Up + Life + Last Week + Nostalgia + Storybook + Vacation 2 + Narrative + Anecdotes + Work 3 (3 sessions) -> chest/chest: Chest 117 (1 sessions) -> duo_radio/duo_radio: Radio: An Unexpected Lesson (1 sessions) -> practice/unit_practice: School 5 (2 sessions) -> unit_review/unit_review: School 5 (1 sessions)","https://d1btvuu4dwu627.cloudfront.net/guidebook/compiled/es/en/iOS/1/ffeeeea9066241e3b3827d3bbec267b0971a967a17744396c146ac65603c23e656e94104fb155a88092de100d733a8c724d709689b0f24c9bde082d2cff2defd/6.json"
"87","4","learning","A2","talk about hobbies, use object pronouns","24","skill/regular: Hobbies [crown 0] (5 sessions) -> story/read: The Movie Premiere (1 sessions) -> skill/grammar: Objects 2 [crown 0] (5 sessions) -> chest/chest: Chest 118 (1 sessions) -> skill/regular: Hobbies [crown 1] (5 sessions) -> story/listen: Going to Rome (1 sessions) -> practice/practice: Look It Up + Life + Last Week + Nostalgia + Storybook + Vacation 2 + Narrative + Anecdotes + Work 3 + Magic Land (3 sessions) -> duo_radio/duo_radio: Radio: A Sticky Situation (1 sessions) -> practice/unit_practice: Hobbies (2 sessions) -> chest/chest: Chest 119 (1 sessions) -> unit_review/unit_review: Hobbies + Objects 2 (1 sessions)","https://d1btvuu4dwu627.cloudfront.net/guidebook/compiled/es/en/iOS/1/5bf76df2da601ddddb3b8a3fc72c82c79eccc9d5fd240a553d64ecb66ac5445de97e7a1c6231fc77f0acd7d27b01a32baf13c9d1d7b592e8b494c2d16b3b9066/8.json"
"88","4","learning","A2","share experiences","19","skill/regular: Experience [crown 0] (5 sessions) -> story/read: Time for a Change (1 sessions) -> skill/regular: Experience [crown 1] (5 sessions) -> story/listen: Second Date (1 sessions) -> practice/practice: Look It Up + Life + Last Week + Nostalgia + Storybook + Vacation 2 + Narrative + Anecdotes + Work 3 + Magic Land + History 2 (4 sessions) -> chest/chest: Chest 120 (1 sessions) -> practice/unit_practice: Experience (2 sessions) -> unit_review/unit_review: Experience (1 sessions)","https://d1btvuu4dwu627.cloudfront.net/guidebook/compiled/es/en/iOS/1/e517b992263b9511a7e336843d336261b9348b1392ac87dda237fc65976878ca247e49540613da6f29ed810bcbe51b15dc19a7cace56898a5a1334df034c1e47/6.json"
"89","4","learning","A2","use the past progressive","19","skill/regular: Work 4 [crown 0] (5 sessions) -> story/read: I Want the Sandwich (1 sessions) -> skill/regular: Work 4 [crown 1] (5 sessions) -> story/listen: Can I Take a Picture? (1 sessions) -> chest/chest: Chest 121 (1 sessions) -> practice/practice: Life + Last Week + Nostalgia + Storybook + Vacation 2 + Narrative + Anecdotes + Work 3 + Magic Land + History 2 + Daily Life (4 sessions) -> practice/unit_practice: Work 4 (2 sessions) -> unit_review/unit_review: Work 4 (1 sessions)","https://d1btvuu4dwu627.cloudfront.net/guidebook/compiled/es/en/iOS/1/c3f7d8de45b44fd6a6a89903e4a2f47adcf6e5e9544634e0dc9a3dbd6b1fb59dc500427a47d4a36104e1d8b382382d0d0af27ed113973df540a7fa07bec65cdd/6.json"
"90","4","learning","A2","buy items you need","20","skill/regular: Shopping 5 [crown 0] (5 sessions) -> story/read: The Wrong Duck (1 sessions) -> chest/chest: Chest 122 (1 sessions) -> skill/regular: Shopping 5 [crown 1] (5 sessions) -> story/listen: The Letter (1 sessions) -> practice/practice: Last Week + Nostalgia + Storybook + Vacation 2 + Narrative + Anecdotes + Work 3 + Magic Land + History 2 + Daily Life + Grocery 2 (4 sessions) -> duo_radio/duo_radio: Radio: Pajamas for Breakfast (1 sessions) -> practice/unit_practice: Shopping 5 (2 sessions) -> chest/chest: Chest 123 (1 sessions) -> unit_review/unit_review: Shopping 5 (1 sessions)","https://d1btvuu4dwu627.cloudfront.net/guidebook/compiled/es/en/iOS/1/e8b8ce9800995dd648ae67423fa924cc4bff5c7022db49ad52bd7ace4bdeb6ded3a7f16c8b285d9d8c306e8829cff37ac1a29e020a6d63d361f595c279362eed/6.json"
"91","4","learning","A2","talk about health","20","skill/regular: Health 2 [crown 0] (5 sessions) -> story/read: Asking for Directions (1 sessions) -> skill/regular: Health 2 [crown 1] (5 sessions) -> story/listen: Too Fast (1 sessions) -> practice/practice: Nostalgia + Storybook + Vacation 2 + Narrative + Anecdotes + Work 3 + Magic Land + History 2 + Daily Life + Grocery 2 + School 5 (4 sessions) -> story/listen: Gray Hair (1 sessions) -> chest/chest: Chest 124 (1 sessions) -> practice/unit_practice: Health 2 (2 sessions) -> unit_review/unit_review: Health 2 (1 sessions)","https://d1btvuu4dwu627.cloudfront.net/guidebook/compiled/es/en/iOS/1/64cde6843715eabc9ba270a0e5eb16558298933ede181e76db5dcd219f5a18be2a83656bf116d034a1ad724d81a4a8155a77965b558b0dbdf07a61bf0bbd17f6/6.json"
"92","4","learning","A2","discuss your childhood","20","skill/regular: Years Ago [crown 0] (5 sessions) -> story/read: Summer Sweater (1 sessions) -> skill/regular: Years Ago [crown 1] (5 sessions) -> story/listen: Dress Shopping (1 sessions) -> chest/chest: Chest 125 (1 sessions) -> practice/practice: Storybook + Vacation 2 + Narrative + Anecdotes + Work 3 + Magic Land + History 2 + Daily Life + Grocery 2 + School 5 + Hobbies (4 sessions) -> story/listen: Falling Elevator (1 sessions) -> practice/unit_practice: Years Ago (2 sessions) -> unit_review/unit_review: Years Ago (1 sessions)","https://d1btvuu4dwu627.cloudfront.net/guidebook/compiled/es/en/iOS/1/eb920dafd0f4dc5cb574af74e1250e9817ee172ef418b9de3cb5382861960e9944298d51d9db46e96f929dd25c8e14ccc2e9f226f2308b0ff2bde6105a6b5553/6.json"
"93","4","learning","A2","talk about a dream trip","20","skill/regular: Vacation 3 [crown 0] (5 sessions) -> story/read: The Coffee Artist (1 sessions) -> chest/chest: Chest 126 (1 sessions) -> skill/regular: Vacation 3 [crown 1] (5 sessions) -> story/listen: A Wedding Story (1 sessions) -> practice/practice: Vacation 2 + Narrative + Anecdotes + Work 3 + Magic Land + History 2 + Daily Life + Grocery 2 + School 5 + Hobbies + Experience (4 sessions) -> duo_radio/duo_radio: Radio: Night Life (1 sessions) -> practice/unit_practice: Vacation 3 (2 sessions) -> chest/chest: Chest 127 (1 sessions) -> unit_review/unit_review: Vacation 3 (1 sessions)","https://d1btvuu4dwu627.cloudfront.net/guidebook/compiled/es/en/iOS/1/ef685d59cbac58f2a2177ecd66a2d84dbb9e45ce9d1c2bd26fbf68310195ae25c51903f59e038ac0242fe5bb01190c327c745066a88e391a03c1b337413c8c4f/6.json"
"94","4","learning","A2","talk about chores","20","skill/regular: Finished! [crown 0] (5 sessions) -> story/read: My Leg Hurts (1 sessions) -> skill/regular: Finished! [crown 1] (5 sessions) -> story/listen: The Manager's Office (1 sessions) -> practice/practice: Narrative + Anecdotes + Work 3 + Magic Land + History 2 + Daily Life + Grocery 2 + School 5 + Hobbies + Experience + Work 4 (4 sessions) -> chest/chest: Chest 128 (1 sessions) -> duo_radio/duo_radio: Radio: A Box of Memories (1 sessions) -> practice/unit_practice: Finished! (2 sessions) -> unit_review/unit_review: Finished! (1 sessions)","https://d1btvuu4dwu627.cloudfront.net/guidebook/compiled/es/en/iOS/1/7589391cda173b99743d38a6e709cc6d2e24103112f74207a5d108c7f06e71b0f0350c0530428001696b219f2c4dea527e08f9667659410157b6bf051baa41da/6.json"
"95","4","learning","A2","exchange information","20","skill/regular: Find Out [crown 0] (5 sessions) -> story/read: I Saw You (1 sessions) -> skill/regular: Find Out [crown 1] (5 sessions) -> story/listen: Grandmother's Recipe (1 sessions) -> chest/chest: Chest 129 (1 sessions) -> practice/practice: Narrative + Anecdotes + Work 3 + Magic Land + History 2 + Daily Life + Grocery 2 + School 5 + Hobbies + Experience + Work 4 + Shopping 5 (4 sessions) -> story/listen: A Love Story (1 sessions) -> practice/unit_practice: Find Out (2 sessions) -> unit_review/unit_review: Find Out (1 sessions)","https://d1btvuu4dwu627.cloudfront.net/guidebook/compiled/es/en/iOS/1/ac9131dc561b7c6f8744e3e22b2b88f5922fb94a3c1e6edd6b0ee006fa003dab2dc3a78b8a5da5a16fe96ab3a51229c5c09c34597c79dea1052931a38f4fa604/6.json"
"96","4","learning","A2","talk about changes, use the present perfect","25","skill/regular: Situations [crown 0] (5 sessions) -> story/read: Dinner with the CEO (1 sessions) -> chest/chest: Chest 130 (1 sessions) -> skill/grammar: Past Tense 5 [crown 0] (5 sessions) -> skill/regular: Situations [crown 1] (5 sessions) -> story/listen: Horoscopes Aren't Real (1 sessions) -> practice/practice: Anecdotes + Work 3 + Magic Land + History 2 + Daily Life + Grocery 2 + School 5 + Hobbies + Experience + Work 4 + Shopping 5 + Health 2 (4 sessions) -> story/listen: The Sandwich Thief (1 sessions) -> chest/chest: Chest 131 (1 sessions) -> practice/unit_practice: Situations (2 sessions) -> unit_review/unit_review: Situations + Past Tense 5 (1 sessions)","https://d1btvuu4dwu627.cloudfront.net/guidebook/compiled/es/en/iOS/1/799a3f1f7bae475cb852a9641b7ca253981dc75cfc6a0bc378f535946b15dc28e053d44dcfe6011a4f0825059cda2d81bf10c1f67edc91a5742939e10684ef54/8.json"
"97","4","learning","A2","describe families","20","skill/regular: Family 4 [crown 0] (5 sessions) -> story/read: Oscar in Los Angeles (1 sessions) -> skill/regular: Family 4 [crown 1] (5 sessions) -> story/listen: The Breakup (1 sessions) -> chest/chest: Chest 132 (1 sessions) -> practice/practice: Work 3 + Magic Land + History 2 + Daily Life + Grocery 2 + School 5 + Hobbies + Experience + Work 4 + Shopping 5 + Health 2 + Years Ago (4 sessions) -> duo_radio/duo_radio: Radio: Getting Along (1 sessions) -> practice/unit_practice: Family 4 (2 sessions) -> unit_review/unit_review: Family 4 (1 sessions)","https://d1btvuu4dwu627.cloudfront.net/guidebook/compiled/es/en/iOS/1/8bb9bf75dbec13faa678513a99adaa88384a46abfd95530638363b1cce9dc44c345e06bc06089a1688861dc83786e7a35a548ae6623364ad6ea961e6a2cc55dc/6.json"
"98","4","learning","A2","describe places","20","skill/regular: Travel 6 [crown 0] (5 sessions) -> story/read: Airport Vacation (1 sessions) -> chest/chest: Chest 133 (1 sessions) -> skill/regular: Travel 6 [crown 1] (5 sessions) -> story/listen: Pasta Problem (1 sessions) -> practice/practice: Magic Land + History 2 + Daily Life + Grocery 2 + School 5 + Hobbies + Experience + Work 4 + Shopping 5 + Health 2 + Years Ago + Vacation 3 (4 sessions) -> story/listen: This Tastes Strange (1 sessions) -> practice/unit_practice: Travel 6 (2 sessions) -> chest/chest: Chest 134 (1 sessions) -> unit_review/unit_review: Travel 6 (1 sessions)","https://d1btvuu4dwu627.cloudfront.net/guidebook/compiled/es/en/iOS/1/f3fbcfe3d1912f89b4e09a5545e27a84a33c5d5dc72a13d38af83643967c5e67a3ba2cab4c9d865f6002f77dd28d5e3ac3c90f31b3abd46ecc673a096162e195/6.json"
"99","4","learning","A2","use the future tense","20","skill/regular: Future [crown 0] (5 sessions) -> story/read: Zari's Driving Lesson (1 sessions) -> skill/regular: Future [crown 1] (5 sessions) -> story/listen: The Dragon Cake (1 sessions) -> practice/practice: History 2 + Daily Life + Grocery 2 + School 5 + Hobbies + Experience + Work 4 + Shopping 5 + Health 2 + Years Ago + Vacation 3 + Finished! (4 sessions) -> chest/chest: Chest 135 (1 sessions) -> duo_radio/duo_radio: Radio: Fusion Food (1 sessions) -> practice/unit_practice: Future (2 sessions) -> unit_review/unit_review: Future (1 sessions)","https://d1btvuu4dwu627.cloudfront.net/guidebook/compiled/es/en/iOS/1/d26cc07a1c732884071fb0b3aad8f7cf68f63f2fd6a30e03827f6da700dcd5e49b63f22c5fae16642fdff050a15eba73f797617eb7951ebaf3af4f5b885ddb43/6.json"
"100","4","learning","A2","talk hypothetically","20","skill/regular: School 6 [crown 0] (5 sessions) -> story/read: Who's Coming to Dinner? (1 sessions) -> skill/regular: School 6 [crown 1] (5 sessions) -> story/listen: Is This Love? (1 sessions) -> chest/chest: Chest 136 (1 sessions) -> practice/practice: Daily Life + Grocery 2 + School 5 + Hobbies + Experience + Work 4 + Shopping 5 + Health 2 + Years Ago + Vacation 3 + Finished! + Find Out (4 sessions) -> story/listen: The Boxing Match (1 sessions) -> practice/unit_practice: School 6 (2 sessions) -> unit_review/unit_review: School 6 (1 sessions)","https://d1btvuu4dwu627.cloudfront.net/guidebook/compiled/es/en/iOS/1/de41d8df32471f3b7d4deb4a5c6db0287f839a61ad8e686fb358de95faf2d0bfcebed4bc8d340cf9cbce91915ee43784a4a391aaa0591970039284c66de95c37/6.json"
"101","4","learning","A2","say what used to happen","20","skill/regular: Anecdote 2 [crown 0] (5 sessions) -> story/read: Perfect for the Job (1 sessions) -> chest/chest: Chest 137 (1 sessions) -> skill/regular: Anecdote 2 [crown 1] (5 sessions) -> story/listen: Flat Tire (1 sessions) -> practice/practice: Grocery 2 + School 5 + Hobbies + Experience + Work 4 + Shopping 5 + Health 2 + Years Ago + Vacation 3 + Finished! + Find Out (4 sessions) -> story/listen: What a Great Tent! (1 sessions) -> practice/unit_practice: Anecdote 2 (2 sessions) -> chest/chest: Chest 138 (1 sessions) -> unit_review/unit_review: Anecdote 2 (1 sessions)","https://d1btvuu4dwu627.cloudfront.net/guidebook/compiled/es/en/iOS/1/ce4434b68ae27f8ec5c9809d2b9904380f0f79f99b08a4c494123b5a3e1f5cd273fa10a3c4661baef8f477e4611e1379911930f3679a8ca6517624ba71da3a3f/6.json"
"102","4","learning","A2","talk about a trip","20","skill/regular: Travel 7 [crown 0] (5 sessions) -> story/read: The Best Grade (1 sessions) -> skill/regular: Travel 7 [crown 1] (5 sessions) -> story/listen: The Movie Premiere (1 sessions) -> practice/practice: Grocery 2 + School 5 + Hobbies + Experience + Work 4 + Shopping 5 + Health 2 + Years Ago + Vacation 3 + Finished! + Find Out + Situations (4 sessions) -> chest/chest: Chest 139 (1 sessions) -> duo_radio/duo_radio: Radio: GPS Boots (1 sessions) -> practice/unit_practice: Travel 7 (2 sessions) -> unit_review/unit_review: Travel 7 (1 sessions)","https://d1btvuu4dwu627.cloudfront.net/guidebook/compiled/es/en/iOS/1/39f7259d9fdbeff24029db4f5083ea00556e3c14c155c12b5b6494e8435285a57b3c350612e5f24d5d2916b79076a21542d5629c07d1a52bf8a04d0940b43ffb/6.json"
"103","4","learning","A2","use commands, form commands","25","skill/regular: Requests 2 [crown 0] (5 sessions) -> story/read: Terrible Date (1 sessions) -> skill/grammar: Commands [crown 0] (5 sessions) -> chest/chest: Chest 140 (1 sessions) -> skill/regular: Requests 2 [crown 1] (5 sessions) -> story/listen: Time for a Change (1 sessions) -> practice/practice: School 5 + Hobbies + Experience + Work 4 + Shopping 5 + Health 2 + Years Ago + Vacation 3 + Finished! + Find Out + Situations + Family 4 (4 sessions) -> story/listen: I Want the Sandwich (1 sessions) -> practice/unit_practice: Requests 2 (2 sessions) -> chest/chest: Chest 141 (1 sessions) -> unit_review/unit_review: Requests 2 + Commands (1 sessions)","https://d1btvuu4dwu627.cloudfront.net/guidebook/compiled/es/en/iOS/1/ed491e735317c0a782baf887fc0e4511dbb05ea775008c46f1bc9364f1b6e2f53f071a82f620a1358932369c181e5c1ea7bf35db34134ee2726278b78989b82a/8.json"
"104","4","learning","A2","describe the weather","20","skill/regular: Nature 2 [crown 0] (5 sessions) -> story/read: Leave a Message (1 sessions) -> skill/regular: Nature 2 [crown 1] (5 sessions) -> story/listen: The Wrong Duck (1 sessions) -> practice/practice: Hobbies + Experience + Work 4 + Shopping 5 + Health 2 + Years Ago + Vacation 3 + Finished! + Find Out + Situations + Family 4 + Travel 6 (4 sessions) -> chest/chest: Chest 142 (1 sessions) -> duo_radio/duo_radio: Radio: The Green Beach (1 sessions) -> practice/unit_practice: Nature 2 (2 sessions) -> unit_review/unit_review: Nature 2 (1 sessions)","https://d1btvuu4dwu627.cloudfront.net/guidebook/compiled/es/en/iOS/1/cfa14ec5e2abb41a2f078f780a4d214564820c77d64b0ed78958768bde51c9b0ec37906fdc777b41d807ddf40bad2c8fa01099697e25f35ddc8ef86c060ebc1e/6.json"
"105","4","learning","A2","describe relationships","20","skill/regular: Social 2 [crown 0] (5 sessions) -> story/read: The Security Question (1 sessions) -> skill/regular: Social 2 [crown 1] (5 sessions) -> story/listen: Asking for Directions (1 sessions) -> chest/chest: Chest 143 (1 sessions) -> practice/practice: Experience + Work 4 + Shopping 5 + Health 2 + Years Ago + Vacation 3 + Finished! + Find Out + Situations + Family 4 + Travel 6 + Future (4 sessions) -> story/listen: Summer Sweater (1 sessions) -> practice/unit_practice: Social 2 (2 sessions) -> unit_review/unit_review: Social 2 (1 sessions)","https://d1btvuu4dwu627.cloudfront.net/guidebook/compiled/es/en/iOS/1/3deaef853ca74a14383e38458ea9213d284d77bcb586effa6384aa2c701223e22e2cd0b726adcc408696f120779856232f57f532a7ef8cba31b2ac847a476b61/6.json"
"106","4","learning","A2","talk about moving","20","skill/regular: Moving In [crown 0] (5 sessions) -> story/read: Work from Home (1 sessions) -> chest/chest: Chest 144 (1 sessions) -> skill/regular: Moving In [crown 1] (5 sessions) -> story/listen: The Coffee Artist (1 sessions) -> practice/practice: Work 4 + Shopping 5 + Health 2 + Years Ago + Vacation 3 + Finished! + Find Out + Situations + Family 4 + Travel 6 + Future + School 6 (4 sessions) -> duo_radio/duo_radio: Radio: Ceiling Dishwasher (1 sessions) -> practice/unit_practice: Moving In (2 sessions) -> chest/chest: Chest 145 (1 sessions) -> unit_review/unit_review: Moving In (1 sessions)","https://d1btvuu4dwu627.cloudfront.net/guidebook/compiled/es/en/iOS/1/0a541ea46ba64ed641fdf68e972a693f8b6d173d25df4080f5c7afd804648fdfb0ab860dc6777110a9d8225a21efa7b357f44dd8c27a2c4bddf3cd60c2bfb016/6.json"
"107","4","learning","A2","say what can be done","20","skill/regular: Shopping 6 [crown 0] (5 sessions) -> story/read: The Drawing (1 sessions) -> skill/regular: Shopping 6 [crown 1] (5 sessions) -> story/listen: My Leg Hurts (1 sessions) -> practice/practice: Shopping 5 + Health 2 + Years Ago + Vacation 3 + Finished! + Find Out + Situations + Family 4 + Travel 6 + Future + School 6 + Anecdote 2 (4 sessions) -> chest/chest: Chest 146 (1 sessions) -> duo_radio/duo_radio: Radio: So Many Sausages (1 sessions) -> practice/unit_practice: Shopping 6 (2 sessions) -> unit_review/unit_review: Shopping 6 (1 sessions)","https://d1btvuu4dwu627.cloudfront.net/guidebook/compiled/es/en/iOS/1/33ab8ccfa35eb2d5dcd0c22b9a42e57f50d45c4d64de9805cbe6e39a73b701fb7ca910ffbcd9a6f7f9b8414708d9cd153f36e19643031d1e7d303c3bc7582123/6.json"
"108","4","learning","A2","make conditional claims","20","skill/regular: Work 5 [crown 0] (5 sessions) -> story/read: The Right Time (1 sessions) -> skill/regular: Work 5 [crown 1] (5 sessions) -> story/listen: I Saw You (1 sessions) -> chest/chest: Chest 147 (1 sessions) -> practice/practice: Shopping 5 + Health 2 + Years Ago + Vacation 3 + Finished! + Find Out + Situations + Family 4 + Travel 6 + Future + School 6 + Anecdote 2 + Travel 7 (4 sessions) -> story/listen: Dinner with the CEO (1 sessions) -> practice/unit_practice: Work 5 (2 sessions) -> unit_review/unit_review: Work 5 (1 sessions)","https://d1btvuu4dwu627.cloudfront.net/guidebook/compiled/es/en/iOS/1/fb6c0a9694b5933c295bb2bdd896e31a6690d3db035f63092de6f541bb879d1060d93ca677b4586d018252627ae82260891865b58b00d0f0fc978dbb4edd14ae/6.json"
"109","4","learning","A2","talk about a trip","20","skill/regular: Travel 8 [crown 0] (5 sessions) -> story/read: The Bakery (1 sessions) -> chest/chest: Chest 148 (1 sessions) -> skill/regular: Travel 8 [crown 1] (5 sessions) -> story/listen: Oscar in Los Angeles (1 sessions) -> practice/practice: Health 2 + Years Ago + Vacation 3 + Finished! + Find Out + Situations + Family 4 + Travel 6 + Future + School 6 + Anecdote 2 + Travel 7 + Requests 2 (4 sessions) -> story/read: New Hobby (1 sessions) -> practice/unit_practice: Travel 8 (2 sessions) -> chest/chest: Chest 149 (1 sessions) -> unit_review/unit_review: Travel 8 (1 sessions)","https://d1btvuu4dwu627.cloudfront.net/guidebook/compiled/es/en/iOS/1/ec90a501c714cd55e9352e48df7eb771f95399b4faa898cb8c7669bc621474ae571fc7eed4ad74db51f2c0b93f1b59d7cfdb5a76acb761e9434ee1600791428a/6.json"
"110","4","learning","A2","give commands, use the future tense","25","skill/regular: Requests 3 [crown 0] (5 sessions) -> story/read: The Boy I Love (1 sessions) -> skill/grammar: Future Tense [crown 0] (5 sessions) -> skill/regular: Requests 3 [crown 1] (5 sessions) -> story/listen: Airport Vacation (1 sessions) -> chest/chest: Chest 150 (1 sessions) -> practice/practice: Years Ago + Vacation 3 + Finished! + Find Out + Situations + Family 4 + Travel 6 + Future + School 6 + Anecdote 2 + Travel 7 + Requests 2 + Nature 2 (4 sessions) -> duo_radio/duo_radio: Radio: Roommate Problems (1 sessions) -> practice/unit_practice: Requests 3 (2 sessions) -> unit_review/unit_review: Requests 3 + Future Tense (1 sessions)","https://d1btvuu4dwu627.cloudfront.net/guidebook/compiled/es/en/iOS/1/9dd245b33d48a27d171f5364ab96bb5bbda232e6fec82af21bd0489ad3ed7c795450884b457693c31012a3560b58ddd1ee9b163dc731c9bedecf893a756b66e8/8.json"
"111","4","learning","A2","use the present tense","20","skill/regular: Fiction [crown 0] (5 sessions) -> story/read: A Scream on the Night Train (1 sessions) -> chest/chest: Chest 151 (1 sessions) -> skill/regular: Fiction [crown 1] (5 sessions) -> story/listen: Zari's Driving Lesson (1 sessions) -> practice/practice: Vacation 3 + Finished! + Find Out + Situations + Family 4 + Travel 6 + Future + School 6 + Anecdote 2 + Travel 7 + Requests 2 + Nature 2 + Social 2 (4 sessions) -> duo_radio/duo_radio: Radio: The Dance-off (1 sessions) -> practice/unit_practice: Fiction (2 sessions) -> chest/chest: Chest 152 (1 sessions) -> unit_review/unit_review: Fiction (1 sessions)","https://d1btvuu4dwu627.cloudfront.net/guidebook/compiled/es/en/iOS/1/4c932377e441ebb1461392d4a98eae9219813623938d113219be2f97d119ce68231c96a534e71a510a482fe8e952712d3e277a2087c1bf109ffdb282eb7afdc2/6.json"
"112","4","learning","A2","talk about likes","20","skill/regular: We Like It [crown 0] (5 sessions) -> story/read: Vikram's Surprise (1 sessions) -> skill/regular: We Like It [crown 1] (5 sessions) -> story/listen: Who's Coming to Dinner? (1 sessions) -> practice/practice: Finished! + Find Out + Situations + Family 4 + Travel 6 + Future + School 6 + Anecdote 2 + Travel 7 + Requests 2 + Nature 2 + Social 2 + Moving In (4 sessions) -> story/read: I Want to Be like You (1 sessions) -> chest/chest: Chest 153 (1 sessions) -> practice/unit_practice: We Like It (2 sessions) -> unit_review/unit_review: We Like It (1 sessions)","https://d1btvuu4dwu627.cloudfront.net/guidebook/compiled/es/en/iOS/1/60033af4b79eb31a6769490bb73e37ff9925ad7bc27371b93df7397786513f179e329adae241cceac441135fd842bcc9a06e9223cedb7e5d403a0c9a8c6cb9c4/6.json"
"113","4","learning","A2","make polite requests","20","skill/regular: Requests 4 [crown 0] (5 sessions) -> story/read: Bird Sitting (1 sessions) -> skill/regular: Requests 4 [crown 1] (5 sessions) -> story/listen: Perfect for the Job (1 sessions) -> chest/chest: Chest 154 (1 sessions) -> practice/practice: Find Out + Situations + Family 4 + Travel 6 + Future + School 6 + Anecdote 2 + Travel 7 + Requests 2 + Nature 2 + Social 2 + Moving In + Shopping 6 (4 sessions) -> story/read: Lily Helps with the Trash (1 sessions) -> practice/unit_practice: Requests 4 (2 sessions) -> unit_review/unit_review: Requests 4 (1 sessions)","https://d1btvuu4dwu627.cloudfront.net/guidebook/compiled/es/en/iOS/1/f937eef4cbcd10efe8284e1690fbf1b1ae53f861b1a061aee6ec13f06cafd54b75a65a89a256b43a366568cab95687f8ee20fb758284c4d44d236e83f455562e/6.json"
"114","4","learning","A2","describe events","20","skill/regular: Travel 9 [crown 0] (5 sessions) -> story/read: The Hacker (1 sessions) -> chest/chest: Chest 155 (1 sessions) -> skill/regular: Travel 9 [crown 1] (5 sessions) -> story/listen: The Best Grade (1 sessions) -> practice/practice: Situations + Family 4 + Travel 6 + Future + School 6 + Anecdote 2 + Travel 7 + Requests 2 + Nature 2 + Social 2 + Moving In + Shopping 6 + Work 5 (4 sessions) -> duo_radio/duo_radio: Radio: No Pants!? (1 sessions) -> practice/unit_practice: Travel 9 (2 sessions) -> chest/chest: Chest 156 (1 sessions) -> unit_review/unit_review: Travel 9 (1 sessions)","https://d1btvuu4dwu627.cloudfront.net/guidebook/compiled/es/en/iOS/1/6fbfcb1e3a9a0d1c3c53c8834ff3f1f62986ac73adcac57023ac1c9e7c40a4321a36e951fc54c97ca1a3d7a6221219b1beba54960cad7576824e9079521155df/6.json"
"115","5","learning","B1","describe a city","23","skill/regular: In Town [crown 0] (6 sessions) -> story/read: I Love Your Haircut (1 sessions) -> skill/regular: In Town [crown 1] (6 sessions) -> story/listen: Terrible Date (1 sessions) -> practice/practice: Situations + Family 4 + Travel 6 + Future + School 6 + Anecdote 2 + Travel 7 + Requests 2 + Nature 2 + Social 2 + Moving In + Shopping 6 + Work 5 + Travel 8 (4 sessions) -> story/read: New Jeans (1 sessions) -> chest/chest: Chest 157 (1 sessions) -> practice/unit_practice: In Town (3 sessions) -> unit_review/unit_review: In Town (1 sessions)","https://d1btvuu4dwu627.cloudfront.net/guidebook/compiled/es/en/iOS/1/63eebb516124259cb02f7d8e7788217aaa15df32c58e2fdcb15fd743e4de4c7ae5b7210ec50c40148122304ea7f079f49b98866d43ee6fa0870ef6d08382ce92/6.json"
"116","5","learning","B1","use the future tense","24","skill/regular: Reading [crown 0] (6 sessions) -> story/read: New Roommate (1 sessions) -> skill/regular: Reading [crown 1] (6 sessions) -> story/listen: Leave a Message (1 sessions) -> chest/chest: Chest 158 (1 sessions) -> practice/practice: Family 4 + Travel 6 + Future + School 6 + Anecdote 2 + Travel 7 + Requests 2 + Nature 2 + Social 2 + Moving In + Shopping 6 + Work 5 + Travel 8 + Requests 3 (4 sessions) -> duo_radio/duo_radio: Radio: The Love Poem (1 sessions) -> practice/unit_practice: Reading (3 sessions) -> story/read: Girl Band (1 sessions) -> unit_review/unit_review: Reading (1 sessions)","https://d1btvuu4dwu627.cloudfront.net/guidebook/compiled/es/en/iOS/1/14759b3bb94614c1d9fb644bac0571837b64ea8ccd2b793dea6fad473eee93529b6727e6818df321e721bd7b29026a8b4cf8e7d722f47cbb41d5cb51326706ba/6.json"
"117","5","learning","B1","talk about technology","24","skill/regular: Online [crown 0] (6 sessions) -> story/read: Janet's Play (1 sessions) -> chest/chest: Chest 159 (1 sessions) -> skill/regular: Online [crown 1] (6 sessions) -> story/listen: The Security Question (1 sessions) -> practice/practice: Travel 6 + Future + School 6 + Anecdote 2 + Travel 7 + Requests 2 + Nature 2 + Social 2 + Moving In + Shopping 6 + Work 5 + Travel 8 + Requests 3 + Fiction (4 sessions) -> duo_radio/duo_radio: Radio: Emoji Chat (1 sessions) -> practice/unit_practice: Online (3 sessions) -> story/read: Long-Distance Girlfriend (1 sessions) -> chest/chest: Chest 160 (1 sessions) -> unit_review/unit_review: Online (1 sessions)","https://d1btvuu4dwu627.cloudfront.net/guidebook/compiled/es/en/iOS/1/ccc95d8624a3bb655c7ba25342f4a530e6e045bc068b07059ef8d53fc4b736b20f4dedbfc3e3bfb7f9a64c334688be1082cffae208514e05681d185c42335832/6.json"
"118","5","learning","B1","talk about romance, form the past tense","29","skill/regular: In Love [crown 0] (6 sessions) -> story/read: Space Turtles (1 sessions) -> skill/grammar: Past Tense 6 [crown 0] (5 sessions) -> skill/regular: In Love [crown 1] (6 sessions) -> story/listen: Work from Home (1 sessions) -> chest/chest: Chest 161 (1 sessions) -> practice/practice: Future + School 6 + Anecdote 2 + Travel 7 + Requests 2 + Nature 2 + Social 2 + Moving In + Shopping 6 + Work 5 + Travel 8 + Requests 3 + Fiction + We Like It (4 sessions) -> duo_radio/duo_radio: Radio: An Awkward Hug (1 sessions) -> practice/unit_practice: In Love (3 sessions) -> story/read: Turbulence (1 sessions) -> unit_review/unit_review: In Love + Past Tense 6 (1 sessions)","https://d1btvuu4dwu627.cloudfront.net/guidebook/compiled/es/en/iOS/1/13b624b4a2bbcfd066705b37bf0458fbb4c778647fff045b2497836d2028aaa99854f55a8a356756279125e214ea86bd00d9040b12e9249e22ccb18f9fc7702c/8.json"
"119","5","learning","B1","talk about the news","24","skill/regular: News [crown 0] (6 sessions) -> story/read: House Party (1 sessions) -> chest/chest: Chest 162 (1 sessions) -> skill/regular: News [crown 1] (6 sessions) -> story/listen: The Drawing (1 sessions) -> practice/practice: School 6 + Anecdote 2 + Travel 7 + Requests 2 + Nature 2 + Social 2 + Moving In + Shopping 6 + Work 5 + Travel 8 + Requests 3 + Fiction + We Like It + Requests 4 (4 sessions) -> duo_radio/duo_radio: Radio: A Big Splash (1 sessions) -> practice/unit_practice: News (3 sessions) -> story/read: Eddy for Mayor (1 sessions) -> chest/chest: Chest 163 (1 sessions) -> unit_review/unit_review: News (1 sessions)","https://d1btvuu4dwu627.cloudfront.net/guidebook/compiled/es/en/iOS/1/fe96e38a928e633bb716aa83b1475b867c3806715ca572a05dbc4dbd137b9f2fc120adbdd54841278520b7d52eeef08d9eabc9e909f998b0fa2db977da7bf99a/6.json"
"120","5","learning","B1","communicate at school","24","skill/regular: Studying [crown 0] (6 sessions) -> story/read: Famous on Social Media (1 sessions) -> skill/regular: Studying [crown 1] (6 sessions) -> story/listen: The Right Time (1 sessions) -> practice/practice: Anecdote 2 + Travel 7 + Requests 2 + Nature 2 + Social 2 + Moving In + Shopping 6 + Work 5 + Travel 8 + Requests 3 + Fiction + We Like It + Requests 4 + Travel 9 (4 sessions) -> chest/chest: Chest 164 (1 sessions) -> duo_radio/duo_radio: Radio: Winging It (1 sessions) -> practice/unit_practice: Studying (3 sessions) -> story/read: Beach Day (1 sessions) -> unit_review/unit_review: Studying (1 sessions)","https://d1btvuu4dwu627.cloudfront.net/guidebook/compiled/es/en/iOS/1/59265f9eb3119803eddae7f71ccd7841047e69c5c20123bca47f3620afab6f7c2a7c47a3ce1723b33e3424afafec3b20e38c07261b2ac6f325e618f5a1253401/6.json"
"121","5","learning","B1","describe health issues","24","skill/regular: Health 3 [crown 0] (6 sessions) -> story/read: The Interview (1 sessions) -> skill/regular: Health 3 [crown 1] (6 sessions) -> story/listen: The Bakery (1 sessions) -> chest/chest: Chest 165 (1 sessions) -> practice/practice: Travel 7 + Requests 2 + Nature 2 + Social 2 + Moving In + Shopping 6 + Work 5 + Travel 8 + Requests 3 + Fiction + We Like It + Requests 4 + Travel 9 (4 sessions) -> duo_radio/duo_radio: Radio: Glow in the Dark (1 sessions) -> practice/unit_practice: Health 3 (3 sessions) -> story/read: The Tea Set (1 sessions) -> unit_review/unit_review: Health 3 (1 sessions)","https://d1btvuu4dwu627.cloudfront.net/guidebook/compiled/es/en/iOS/1/ed417738a2e6dd17099419e20be1c0ab74950ee7a694e83deb8a6e1d32af3ac6be1a6b0cf61caa0a92d590d6cda7b6df5a819cf73f9e899193f8a96e98a12559/6.json"
"122","5","learning","B1","express opinions","24","skill/regular: Opinions [crown 0] (6 sessions) -> story/read: Pirates Are Cool (1 sessions) -> chest/chest: Chest 166 (1 sessions) -> skill/regular: Opinions [crown 1] (6 sessions) -> story/listen: New Hobby (1 sessions) -> practice/practice: Travel 7 + Requests 2 + Nature 2 + Social 2 + Moving In + Shopping 6 + Work 5 + Travel 8 + Requests 3 + Fiction + We Like It + Requests 4 + Travel 9 + In Town (4 sessions) -> duo_radio/duo_radio: Radio: Cat Conspiracy (1 sessions) -> practice/unit_practice: Opinions (3 sessions) -> story/read: Eat Your Vegetables (1 sessions) -> chest/chest: Chest 167 (1 sessions) -> unit_review/unit_review: Opinions (1 sessions)","https://d1btvuu4dwu627.cloudfront.net/guidebook/compiled/es/en/iOS/1/f684dab25170072a99d88511a7d3f9020cc3840d5c90ad4fbedba53df1c8761940b2a06c7ffb1451ed29e7bc0eaa7153b92850a37837dcd507a26fc1d56523f7/6.json"
"123","5","learning","B1","describe clothes","24","skill/regular: Clothing [crown 0] (6 sessions) -> story/read: Are We Cool? (1 sessions) -> skill/regular: Clothing [crown 1] (6 sessions) -> story/listen: The Boy I Love (1 sessions) -> practice/practice: Requests 2 + Nature 2 + Social 2 + Moving In + Shopping 6 + Work 5 + Travel 8 + Requests 3 + Fiction + We Like It + Requests 4 + Travel 9 + In Town + Reading (4 sessions) -> story/read: One Star (1 sessions) -> chest/chest: Chest 168 (1 sessions) -> practice/unit_practice: Clothing (3 sessions) -> story/read: The Sunset Cruise (1 sessions) -> unit_review/unit_review: Clothing (1 sessions)","https://d1btvuu4dwu627.cloudfront.net/guidebook/compiled/es/en/iOS/1/4060b92d46675b7c0f6416f06e29dc04ae7e34dd688f246fe3c83e743b33fa1a4bd1e275ad837b94eb657193eabf0e717b7cec660d5b5733eefe6cb98c5d83d8/6.json"
"124","5","learning","B1","describe a recipe, use commands","29","skill/regular: Cooking [crown 0] (6 sessions) -> story/read: The Boss's Son (1 sessions) -> skill/grammar: Commands 2 [crown 0] (5 sessions) -> chest/chest: Chest 169 (1 sessions) -> skill/regular: Cooking [crown 1] (6 sessions) -> story/listen: A Scream on the Night Train (1 sessions) -> practice/practice: Nature 2 + Social 2 + Moving In + Shopping 6 + Work 5 + Travel 8 + Requests 3 + Fiction + We Like It + Requests 4 + Travel 9 + In Town + Reading + Online (4 sessions) -> duo_radio/duo_radio: Radio: A Special Cake (1 sessions) -> practice/unit_practice: Cooking (3 sessions) -> story/read: The Magic School (1 sessions) -> chest/chest: Chest 170 (1 sessions) -> unit_review/unit_review: Cooking + Commands 2 (1 sessions)","https://d1btvuu4dwu627.cloudfront.net/guidebook/compiled/es/en/iOS/1/fdca252724efb138ff58f645e18a31caa17ce888af1a3c1bb43dff56eb16ad52559927d7e806b630ee327bd2a64a7ae6441f6496ea22287629cc16c0734f8263/8.json"
"125","5","learning","B1","give advice","24","skill/regular: Advice [crown 0] (6 sessions) -> story/read: Eddy the Princess (1 sessions) -> skill/regular: Advice [crown 1] (6 sessions) -> story/listen: Vikram's Surprise (1 sessions) -> practice/practice: Social 2 + Moving In + Shopping 6 + Work 5 + Travel 8 + Requests 3 + Fiction + We Like It + Requests 4 + Travel 9 + In Town + Reading + Online + In Love (4 sessions) -> story/read: The Boat Party (1 sessions) -> chest/chest: Chest 171 (1 sessions) -> practice/unit_practice: Advice (3 sessions) -> story/read: Too Different (1 sessions) -> unit_review/unit_review: Advice (1 sessions)","https://d1btvuu4dwu627.cloudfront.net/guidebook/compiled/es/en/iOS/1/22271d3d848482b2ee0caac0f0f1a36067abf6913ef8bc8eb8a0bf4c07887d624b74bde1f66c5968de0e237e9e33d2edeaa18ef27099d3d91107a07a18789677/6.json"
"126","5","learning","B1","give warnings","24","skill/regular: Warnings [crown 0] (6 sessions) -> story/read: It Needs More Garlic (1 sessions) -> skill/regular: Warnings [crown 1] (6 sessions) -> story/listen: I Want to Be like You (1 sessions) -> chest/chest: Chest 172 (1 sessions) -> practice/practice: Moving In + Shopping 6 + Work 5 + Travel 8 + Requests 3 + Fiction + We Like It + Requests 4 + Travel 9 + In Town + Reading + Online + In Love + News (4 sessions) -> duo_radio/duo_radio: Radio: No Invitation (1 sessions) -> practice/unit_practice: Warnings (3 sessions) -> story/read: I've Changed (1 sessions) -> unit_review/unit_review: Warnings (1 sessions)","https://d1btvuu4dwu627.cloudfront.net/guidebook/compiled/es/en/iOS/1/7e036ce66e8fafc45969e21d9704711929d2876b8e18761424421d85bd22c176353591dfe4fb67e23d275ea7b98456cf5e73a2ae48b00616d78783881e142d8a/6.json"
"127","5","learning","B1","ask for travel information","24","skill/regular: Tourist [crown 0] (6 sessions) -> story/read: Leave the House (1 sessions) -> chest/chest: Chest 173 (1 sessions) -> skill/regular: Tourist [crown 1] (6 sessions) -> story/listen: Bird Sitting (1 sessions) -> practice/practice: Shopping 6 + Work 5 + Travel 8 + Requests 3 + Fiction + We Like It + Requests 4 + Travel 9 + In Town + Reading + Online + In Love + News + Studying (4 sessions) -> duo_radio/duo_radio: Radio: A Sacred Stone (1 sessions) -> practice/unit_practice: Tourist (3 sessions) -> story/read: Oscar's Birthday (1 sessions) -> chest/chest: Chest 174 (1 sessions) -> unit_review/unit_review: Tourist (1 sessions)","https://d1btvuu4dwu627.cloudfront.net/guidebook/compiled/es/en/iOS/1/a37345a65047ecfcd0ae45b40c01293caac5b9af9e6b0db97c7e83bef6c72219bc8627ce0fc16debfdd12d83829c18509bc49f0b9a04f1118b94db6b2ba81250/6.json"
"128","5","learning","B1","describe your home","24","skill/regular: At Home [crown 0] (6 sessions) -> story/read: The Astronaut (1 sessions) -> skill/regular: At Home [crown 1] (6 sessions) -> story/listen: Lily Helps with the Trash (1 sessions) -> practice/practice: Shopping 6 + Work 5 + Travel 8 + Requests 3 + Fiction + We Like It + Requests 4 + Travel 9 + In Town + Reading + Online + In Love + News + Studying + Health 3 (4 sessions) -> chest/chest: Chest 175 (1 sessions) -> duo_radio/duo_radio: Radio: A Sticky Surprise (1 sessions) -> practice/unit_practice: At Home (3 sessions) -> story/read: How to Dance (1 sessions) -> unit_review/unit_review: At Home (1 sessions)","https://d1btvuu4dwu627.cloudfront.net/guidebook/compiled/es/en/iOS/1/c8f1905b12b9e48d9e041ebddf5a04bcceea0e4958c6f340468f25dda33ed1719b4ac928366179f77439dfb1b26b54c125b03259e527d97a4ed4a5c6902e473e/6.json"
"129","5","learning","B1","talk about habits","24","skill/regular: Habits [crown 0] (6 sessions) -> story/read: I Love Boxing (1 sessions) -> skill/regular: Habits [crown 1] (6 sessions) -> story/listen: The Hacker (1 sessions) -> chest/chest: Chest 176 (1 sessions) -> practice/practice: Work 5 + Travel 8 + Requests 3 + Fiction + We Like It + Requests 4 + Travel 9 + In Town + Reading + Online + In Love + News + Studying + Health 3 + Opinions (4 sessions) -> story/read: Big Head (1 sessions) -> practice/unit_practice: Habits (3 sessions) -> story/read: Too Nice (1 sessions) -> unit_review/unit_review: Habits (1 sessions)","https://d1btvuu4dwu627.cloudfront.net/guidebook/compiled/es/en/iOS/1/19c3d596394c1ef836e17377ab31babaaac57c91e0248ad322a243ed0a99253121d963495862c4173c7958625539097f1eba6baca269c9b45ed70f48430ee3b2/6.json"
"130","5","learning","B1","use the conditional tense","24","skill/regular: Imagine [crown 0] (6 sessions) -> story/read: Shopping for a Gift (1 sessions) -> chest/chest: Chest 177 (1 sessions) -> skill/regular: Imagine [crown 1] (6 sessions) -> story/listen: I Love Your Haircut (1 sessions) -> practice/practice: Travel 8 + Requests 3 + Fiction + We Like It + Requests 4 + Travel 9 + In Town + Reading + Online + In Love + News + Studying + Health 3 + Opinions + Clothing (4 sessions) -> duo_radio/duo_radio: Radio: Secret Agent (1 sessions) -> practice/unit_practice: Imagine (3 sessions) -> story/read: Haunted Hotel (1 sessions) -> chest/chest: Chest 178 (1 sessions) -> unit_review/unit_review: Imagine (1 sessions)","https://d1btvuu4dwu627.cloudfront.net/guidebook/compiled/es/en/iOS/1/e80f2e545771ba670785c4390d61778010d5cb75a897d83c123c7a8f41f5bde37fef590799f6b212ddefa4a899105325e8b7644d0fa48caa3a54b91ea63fe95b/6.json"
"131","5","learning","B1","discuss business, form commands","29","skill/regular: At Work [crown 0] (6 sessions) -> story/read: The Magic Trick (1 sessions) -> skill/grammar: Commands 3 [crown 0] (5 sessions) -> skill/regular: At Work [crown 1] (6 sessions) -> story/listen: New Jeans (1 sessions) -> chest/chest: Chest 179 (1 sessions) -> practice/practice: Requests 3 + Fiction + We Like It + Requests 4 + Travel 9 + In Town + Reading + Online + In Love + News + Studying + Health 3 + Opinions + Clothing + Cooking (4 sessions) -> story/read: An Old Friend (1 sessions) -> practice/unit_practice: At Work (3 sessions) -> story/read: The Big Slide (1 sessions) -> unit_review/unit_review: At Work + Commands 3 (1 sessions)","https://d1btvuu4dwu627.cloudfront.net/guidebook/compiled/es/en/iOS/1/fb6e689e58e3014fed374b182da924ebc0f5c20e93469444451fcffd659839ebf12fe3133e4e24badddfa826f87bfbcc4ea283949b26771e1ea33c8bc638f061/8.json"
"132","5","learning","B1","talk about politics","24","skill/regular: Politics [crown 0] (6 sessions) -> story/read: The Book Club (1 sessions) -> chest/chest: Chest 180 (1 sessions) -> skill/regular: Politics [crown 1] (6 sessions) -> story/listen: New Roommate (1 sessions) -> practice/practice: Fiction + We Like It + Requests 4 + Travel 9 + In Town + Reading + Online + In Love + News + Studying + Health 3 + Opinions + Clothing + Cooking + Advice (4 sessions) -> duo_radio/duo_radio: Radio: Dessert Politics (1 sessions) -> practice/unit_practice: Politics (3 sessions) -> story/read: Be Honest (1 sessions) -> chest/chest: Chest 181 (1 sessions) -> unit_review/unit_review: Politics (1 sessions)","https://d1btvuu4dwu627.cloudfront.net/guidebook/compiled/es/en/iOS/1/b53a59ef850ff71fde0a0524614aa00752f618f55029dcebe18cdcd5063cbef8fea5d30d6f4aaff96e3983406f762189f5bae4eb13adc61c82031d3856187708/6.json"
"133","5","learning","B1","talk about right now","24","skill/regular: Right Now [crown 0] (6 sessions) -> story/read: At the Gym (1 sessions) -> skill/regular: Right Now [crown 1] (6 sessions) -> story/listen: Girl Band (1 sessions) -> practice/practice: We Like It + Requests 4 + Travel 9 + In Town + Reading + Online + In Love + News + Studying + Health 3 + Opinions + Clothing + Cooking + Advice + Warnings (4 sessions) -> story/read: The Pie Festival (1 sessions) -> chest/chest: Chest 182 (1 sessions) -> practice/unit_practice: Right Now (3 sessions) -> story/read: I Need to Practice (1 sessions) -> unit_review/unit_review: Right Now (1 sessions)","https://d1btvuu4dwu627.cloudfront.net/guidebook/compiled/es/en/iOS/1/0d27a47fdc7610864f0655480d246a9e54bb918dbdc26211e40f7a3b7da38127c76480b85f2716cb9e2c01c72a380d0997647e0dbe48641c6ecc2a9aacb55d7a/6.json"
"134","5","learning","B1","describe personalities","24","skill/regular: People 5 [crown 0] (6 sessions) -> story/read: Going Away Party (1 sessions) -> skill/regular: People 5 [crown 1] (6 sessions) -> story/listen: Janet's Play (1 sessions) -> chest/chest: Chest 183 (1 sessions) -> practice/practice: Requests 4 + Travel 9 + In Town + Reading + Online + In Love + News + Studying + Health 3 + Opinions + Clothing + Cooking + Advice + Warnings + Tourist (4 sessions) -> duo_radio/duo_radio: Radio: Birthday Plans (1 sessions) -> practice/unit_practice: People 5 (3 sessions) -> story/read: The Spicy Soup (1 sessions) -> unit_review/unit_review: People 5 (1 sessions)","https://d1btvuu4dwu627.cloudfront.net/guidebook/compiled/es/en/iOS/1/eb57de90cd003550fc07d2e6294db77b90327a14a1e8b8cb73060875f887911b679d07754ec1b2300aa794aa425815cd320fd139aa6b6fa6e0565073397a0c1c/6.json"
"135","5","learning","B1","use the imperfect tense","24","skill/regular: Places [crown 0] (6 sessions) -> story/read: It's Too Expensive (1 sessions) -> chest/chest: Chest 184 (1 sessions) -> skill/regular: Places [crown 1] (6 sessions) -> story/listen: Long-Distance Girlfriend (1 sessions) -> practice/practice: Requests 4 + Travel 9 + In Town + Reading + Online + In Love + News + Studying + Health 3 + Opinions + Clothing + Cooking + Advice + Warnings + Tourist + At Home (4 sessions) -> duo_radio/duo_radio: Radio: Balcony of Love (1 sessions) -> practice/unit_practice: Places (3 sessions) -> story/read: The Frog (1 sessions) -> chest/chest: Chest 185 (1 sessions) -> unit_review/unit_review: Places (1 sessions)","https://d1btvuu4dwu627.cloudfront.net/guidebook/compiled/es/en/iOS/1/c445c2d3762c4589975a558ce606e1d47c507312b1a003ede45fafb8edc3f0b5907bbc0d56b5363d4812b98d9bc6baa5671cde1fe86ee3eba5720c7882d1a5d0/6.json"
"136","5","learning","B1","use the present tense","24","skill/regular: Today [crown 0] (6 sessions) -> story/read: Lily's Painting (1 sessions) -> skill/regular: Today [crown 1] (6 sessions) -> story/listen: Space Turtles (1 sessions) -> practice/practice: Travel 9 + In Town + Reading + Online + In Love + News + Studying + Health 3 + Opinions + Clothing + Cooking + Advice + Warnings + Tourist + At Home + Habits (4 sessions) -> chest/chest: Chest 186 (1 sessions) -> duo_radio/duo_radio: Radio: Mascot Troubles (1 sessions) -> practice/unit_practice: Today (3 sessions) -> story/read: I Can Do Anything (1 sessions) -> unit_review/unit_review: Today (1 sessions)","https://d1btvuu4dwu627.cloudfront.net/guidebook/compiled/es/en/iOS/1/cac68c542c995be7133a517dbe3e5d1b7fe0a96417b2cb56d32aef6045e389309088f01cb0a78fec887d8abeff7432b86d074d50fc5240251637e6e4632c8be4/6.json"
"137","5","learning","B1","talk about your chores","24","skill/regular: At Home 2 [crown 0] (6 sessions) -> story/read: An Important Decision (1 sessions) -> skill/regular: At Home 2 [crown 1] (6 sessions) -> story/listen: Turbulence (1 sessions) -> chest/chest: Chest 187 (1 sessions) -> practice/practice: In Town + Reading + Online + In Love + News + Studying + Health 3 + Opinions + Clothing + Cooking + Advice + Warnings + Tourist + At Home + Habits + Imagine (4 sessions) -> duo_radio/duo_radio: Radio: Stain SOS (1 sessions) -> practice/unit_practice: At Home 2 (3 sessions) -> story/read: Are You Sick? (1 sessions) -> unit_review/unit_review: At Home 2 (1 sessions)","https://d1btvuu4dwu627.cloudfront.net/guidebook/compiled/es/en/iOS/1/e0e5a7e8d5d5285abdd332cb9640e308374f129796e407529199fff8cf85f201dc46d11acfc22bcb6f7bf06c7356a796fde314fcc70f2e9e97fbb4c254d50fd8/6.json"
"138","5","learning","B1","talk about dreams","24","skill/regular: Imagine 2 [crown 0] (6 sessions) -> story/read: First Class (1 sessions) -> chest/chest: Chest 188 (1 sessions) -> skill/regular: Imagine 2 [crown 1] (6 sessions) -> story/listen: House Party (1 sessions) -> practice/practice: Reading + Online + In Love + News + Studying + Health 3 + Opinions + Clothing + Cooking + Advice + Warnings + Tourist + At Home + Habits + Imagine + At Work (4 sessions) -> duo_radio/duo_radio: Radio: Dream Machine (1 sessions) -> practice/unit_practice: Imagine 2 (3 sessions) -> story/read: Pajamas and Potato Chips (1 sessions) -> chest/chest: Chest 189 (1 sessions) -> unit_review/unit_review: Imagine 2 (1 sessions)","https://d1btvuu4dwu627.cloudfront.net/guidebook/compiled/es/en/iOS/1/fb06df282d88c1ea55dd136bbc654336032cc4cd2d415b7bb220e29b596dc6ee3bfc91e92db6de9bb5acdd78ce4b71a0d9ac82d53e414904a3b5788a7a452f36/6.json"
"139","5","learning","B1","talk about office work, use object pronouns","29","skill/regular: Office [crown 0] (6 sessions) -> story/read: The Rejection Letter (1 sessions) -> skill/grammar: Pronouns [crown 0] (5 sessions) -> skill/regular: Office [crown 1] (6 sessions) -> story/listen: Eddy for Mayor (1 sessions) -> chest/chest: Chest 190 (1 sessions) -> practice/practice: Online + In Love + News + Studying + Health 3 + Opinions + Clothing + Cooking + Advice + Warnings + Tourist + At Home + Habits + Imagine + At Work + Politics (4 sessions) -> duo_radio/duo_radio: Radio: Fashion Emergency (1 sessions) -> practice/unit_practice: Office (3 sessions) -> story/read: The Long Flight (1 sessions) -> unit_review/unit_review: Office + Pronouns (1 sessions)","https://d1btvuu4dwu627.cloudfront.net/guidebook/compiled/es/en/iOS/1/0af69aa0816e1f6e6a77ada2c6488aedc4cb20598708952572cdc1bb43a02c98342a70428b86808828bb3e84bd7db6dbfdc201fdb98637141fd4fd2cc474592c/8.json"
"140","5","learning","B1","talk in class","24","skill/regular: In Class [crown 0] (6 sessions) -> story/read: The Baby Photo (1 sessions) -> chest/chest: Chest 191 (1 sessions) -> skill/regular: In Class [crown 1] (6 sessions) -> story/listen: Famous on Social Media (1 sessions) -> practice/practice: In Love + News + Studying + Health 3 + Opinions + Clothing + Cooking + Advice + Warnings + Tourist + At Home + Habits + Imagine + At Work + Politics + Right Now (5 sessions) -> story/listen: Beach Day (1 sessions) -> practice/unit_practice: In Class (3 sessions) -> chest/chest: Chest 192 (1 sessions) -> unit_review/unit_review: In Class (1 sessions)","https://d1btvuu4dwu627.cloudfront.net/guidebook/compiled/es/en/iOS/1/ec3e0b416594fa7927f8c2db222309b968fc42e65ba972e3d5738eee27678e288ab4fa79a7c10cb89f8c63249848ccdbfbfa8e61821c98a5a886c3e75213b544/6.json"
"141","5","learning","B1","give time references","24","skill/regular: Since Then [crown 0] (6 sessions) -> story/read: Moving (1 sessions) -> skill/regular: Since Then [crown 1] (6 sessions) -> story/listen: The Interview (1 sessions) -> practice/practice: News + Studying + Health 3 + Opinions + Clothing + Cooking + Advice + Warnings + Tourist + At Home + Habits + Imagine + At Work + Politics + Right Now (5 sessions) -> chest/chest: Chest 193 (1 sessions) -> duo_radio/duo_radio: Radio: Salsa Club (1 sessions) -> practice/unit_practice: Since Then (3 sessions) -> unit_review/unit_review: Since Then (1 sessions)","https://d1btvuu4dwu627.cloudfront.net/guidebook/compiled/es/en/iOS/1/0be654f447fbe8334fd587f5110dd6966bed052132536f1b25a0cabdb5eedc1e06556f5be8219dcb6882c7da631ae9f1ffa25648d51fde0ae21fa6d2d2d5a7eb/6.json"
"142","5","learning","B1","describe a trip","24","skill/regular: Vacation 4 [crown 0] (6 sessions) -> story/read: The Bride (1 sessions) -> skill/regular: Vacation 4 [crown 1] (6 sessions) -> story/listen: The Tea Set (1 sessions) -> chest/chest: Chest 194 (1 sessions) -> practice/practice: News + Studying + Health 3 + Opinions + Clothing + Cooking + Advice + Warnings + Tourist + At Home + Habits + Imagine + At Work + Politics + Right Now + People 5 (5 sessions) -> story/listen: Pirates Are Cool (1 sessions) -> practice/unit_practice: Vacation 4 (3 sessions) -> unit_review/unit_review: Vacation 4 (1 sessions)","https://d1btvuu4dwu627.cloudfront.net/guidebook/compiled/es/en/iOS/1/2c624b86b7f4f6a207e118f3dd68a1a68763ec6faf6a785bfb2552ac31efd06130b072b9bbae04431e812a97cf90505f6fe058f957916ba04aaa121a97b744d0/6.json"
"143","5","learning","B1","talk about customs","24","skill/regular: Customs [crown 0] (6 sessions) -> story/read: A Fancy Wedding (1 sessions) -> chest/chest: Chest 195 (1 sessions) -> skill/regular: Customs [crown 1] (6 sessions) -> story/listen: Eat Your Vegetables (1 sessions) -> practice/practice: Studying + Health 3 + Opinions + Clothing + Cooking + Advice + Warnings + Tourist + At Home + Habits + Imagine + At Work + Politics + Right Now + People 5 + Places (5 sessions) -> duo_radio/duo_radio: Radio: Celebrating the Dead (1 sessions) -> practice/unit_practice: Customs (3 sessions) -> chest/chest: Chest 196 (1 sessions) -> unit_review/unit_review: Customs (1 sessions)","https://d1btvuu4dwu627.cloudfront.net/guidebook/compiled/es/en/iOS/1/f41caa6b5b2a0506e7c4d3e09c9541c2ffb6618256e98e189c8d965139e2486acf2ae67fec1f9dcab9e91fbb4b2f1a7e986b360e1b4ba5d4eb528c032fcb5b6f/6.json"
"144","5","learning","B1","share scary experiences","24","skill/regular: Mystery [crown 0] (6 sessions) -> story/read: I'm Driving (1 sessions) -> skill/regular: Mystery [crown 1] (6 sessions) -> story/listen: Are We Cool? (1 sessions) -> practice/practice: Health 3 + Opinions + Clothing + Cooking + Advice + Warnings + Tourist + At Home + Habits + Imagine + At Work + Politics + Right Now + People 5 + Places + Today (5 sessions) -> chest/chest: Chest 197 (1 sessions) -> duo_radio/duo_radio: Radio: A Ghost?! (1 sessions) -> practice/unit_practice: Mystery (3 sessions) -> unit_review/unit_review: Mystery (1 sessions)","https://d1btvuu4dwu627.cloudfront.net/guidebook/compiled/es/en/iOS/1/418071c61ea7d42e1f6dc7a452b6cbf7c074e60a73c0a8282d98adf2c6e981420405e8931d97ac23b370ae56ba8a36c8744071d3d413ec7f0cacefb5eee7a97a/6.json"
"145","5","learning","B1","visit the doctor","24","skill/regular: Healthcare [crown 0] (6 sessions) -> story/read: The Reunion (1 sessions) -> skill/regular: Healthcare [crown 1] (6 sessions) -> story/listen: One Star (1 sessions) -> chest/chest: Chest 198 (1 sessions) -> practice/practice: Opinions + Clothing + Cooking + Advice + Warnings + Tourist + At Home + Habits + Imagine + At Work + Politics + Right Now + People 5 + Places + Today + At Home 2 (5 sessions) -> story/listen: The Sunset Cruise (1 sessions) -> practice/unit_practice: Healthcare (3 sessions) -> unit_review/unit_review: Healthcare (1 sessions)","https://d1btvuu4dwu627.cloudfront.net/guidebook/compiled/es/en/iOS/1/3a768b00ab3b135318a2dfc824a3e0810783b933406b20b44a4448e5eb386c2da266af75b4425597e6b43cf838292bb9d5571a119df09d0850a743952a629407/6.json"
"146","5","learning","B1","talk about the traffic","24","skill/regular: Traffic [crown 0] (6 sessions) -> story/read: Move the Bed (1 sessions) -> chest/chest: Chest 199 (1 sessions) -> skill/regular: Traffic [crown 1] (6 sessions) -> story/listen: The Boss's Son (1 sessions) -> practice/practice: Clothing + Cooking + Advice + Warnings + Tourist + At Home + Habits + Imagine + At Work + Politics + Right Now + People 5 + Places + Today + At Home 2 + Imagine 2 (5 sessions) -> duo_radio/duo_radio: Radio: Lost in Translation (1 sessions) -> practice/unit_practice: Traffic (3 sessions) -> chest/chest: Chest 200 (1 sessions) -> unit_review/unit_review: Traffic (1 sessions)","https://d1btvuu4dwu627.cloudfront.net/guidebook/compiled/es/en/iOS/1/27154310b169a593c8c60bc182af8a8dc9e0f954a0e0ed800860eb67e50d60db0dcf643f48b9632604bcfc4091d4da4080383135f1a5cea405e468a49470ae22/6.json"
"147","5","learning","B1","make suggestions, form the past tense","29","skill/regular: Plans 2 [crown 0] (6 sessions) -> story/read: The New App (1 sessions) -> skill/grammar: Past Tense 7 [crown 0] (5 sessions) -> skill/regular: Plans 2 [crown 1] (6 sessions) -> story/listen: The Magic School (1 sessions) -> chest/chest: Chest 201 (1 sessions) -> practice/practice: Cooking + Advice + Warnings + Tourist + At Home + Habits + Imagine + At Work + Politics + Right Now + People 5 + Places + Today + At Home 2 + Imagine 2 + Office (5 sessions) -> story/listen: Eddy the Princess (1 sessions) -> practice/unit_practice: Plans 2 (3 sessions) -> unit_review/unit_review: Plans 2 + Past Tense 7 (1 sessions)","https://d1btvuu4dwu627.cloudfront.net/guidebook/compiled/es/en/iOS/1/7bbbb925d937c15da9c51036cb5ae732f396a43ec90af126239a0cf052a89fccaded3fc112e3190559e96a7f19a41ce38b3a4deb1cbbd5e8777eea24c4b51ab1/8.json"
"148","5","learning","B1","talk about wishes","24","skill/regular: Wishes [crown 0] (6 sessions) -> story/read: That's Not Dinner (1 sessions) -> chest/chest: Chest 202 (1 sessions) -> skill/regular: Wishes [crown 1] (6 sessions) -> story/listen: The Boat Party (1 sessions) -> practice/practice: Cooking + Advice + Warnings + Tourist + At Home + Habits + Imagine + At Work + Politics + Right Now + People 5 + Places + Today + At Home 2 + Imagine 2 + Office + In Class (5 sessions) -> story/listen: Too Different (1 sessions) -> practice/unit_practice: Wishes (3 sessions) -> chest/chest: Chest 203 (1 sessions) -> unit_review/unit_review: Wishes (1 sessions)","https://d1btvuu4dwu627.cloudfront.net/guidebook/compiled/es/en/iOS/1/0c68a4b80058ab3798f45fdc3481c6dcfd6c8bd0a3fd989e7e448f19b367548694500e4f91600e42a5720157dbb351f7088c2c5d46783d2da84c95d573ae0af0/6.json"
"149","5","learning","B1","ask for and offer help","24","skill/regular: Favors [crown 0] (6 sessions) -> story/read: Eddy's New Haircut (1 sessions) -> skill/regular: Favors [crown 1] (6 sessions) -> story/listen: It Needs More Garlic (1 sessions) -> practice/practice: Advice + Warnings + Tourist + At Home + Habits + Imagine + At Work + Politics + Right Now + People 5 + Places + Today + At Home 2 + Imagine 2 + Office + In Class + Since Then (5 sessions) -> chest/chest: Chest 204 (1 sessions) -> duo_radio/duo_radio: Radio: Universal Charger (1 sessions) -> practice/unit_practice: Favors (3 sessions) -> unit_review/unit_review: Favors (1 sessions)","https://d1btvuu4dwu627.cloudfront.net/guidebook/compiled/es/en/iOS/1/094026be9fa96d25897410be16618f74a760a01daf21a98dafa63e191479489937919474acdba33d4e0a2fff8da52d704dcb96d8e505be1605b3e86bbd2c7b6f/6.json"
"150","5","learning","B1","discuss personalities","24","skill/regular: At Work 2 [crown 0] (6 sessions) -> story/read: The Wedding Present (1 sessions) -> skill/regular: At Work 2 [crown 1] (6 sessions) -> story/listen: I've Changed (1 sessions) -> chest/chest: Chest 205 (1 sessions) -> practice/practice: Warnings + Tourist + At Home + Habits + Imagine + At Work + Politics + Right Now + People 5 + Places + Today + At Home 2 + Imagine 2 + Office + In Class + Since Then + Vacation 4 (5 sessions) -> story/listen: Leave the House (1 sessions) -> practice/unit_practice: At Work 2 (3 sessions) -> unit_review/unit_review: At Work 2 (1 sessions)","https://d1btvuu4dwu627.cloudfront.net/guidebook/compiled/es/en/iOS/1/8498371f7414746e2edc16696c5aeb1c11935edc82f1c7396c5bb0609ede31a020a7d4ff8255b8c4b1407d236f069ff545a1da0bcd8ddaf945693e73d9670b3b/6.json"
"151","5","learning","B1","describe events","24","skill/regular: Events [crown 0] (6 sessions) -> story/read: Bea's Date (1 sessions) -> chest/chest: Chest 206 (1 sessions) -> skill/regular: Events [crown 1] (6 sessions) -> story/listen: Oscar's Birthday (1 sessions) -> practice/practice: Tourist + At Home + Habits + Imagine + At Work + Politics + Right Now + People 5 + Places + Today + At Home 2 + Imagine 2 + Office + In Class + Since Then + Vacation 4 + Customs (5 sessions) -> duo_radio/duo_radio: Radio: Missing Masterpiece (1 sessions) -> practice/unit_practice: Events (3 sessions) -> chest/chest: Chest 207 (1 sessions) -> unit_review/unit_review: Events (1 sessions)","https://d1btvuu4dwu627.cloudfront.net/guidebook/compiled/es/en/iOS/1/080f276041997c6129feb645f714d1f92d059abc99b7effcc34f50cb865ed550a53ba4ca5da75e7df6bd3242e4ceaeed2736ef1906adf615c937a59bd781bcaf/6.json"
"152","5","learning","B1","form the subjunctive","24","skill/regular: College [crown 0] (6 sessions) -> story/read: Waiting for George (1 sessions) -> skill/regular: College [crown 1] (6 sessions) -> story/listen: The Astronaut (1 sessions) -> practice/practice: At Home + Habits + Imagine + At Work + Politics + Right Now + People 5 + Places + Today + At Home 2 + Imagine 2 + Office + In Class + Since Then + Vacation 4 + Customs + Mystery (5 sessions) -> chest/chest: Chest 208 (1 sessions) -> duo_radio/duo_radio: Radio: Procrastinator (1 sessions) -> practice/unit_practice: College (3 sessions) -> unit_review/unit_review: College (1 sessions)","https://d1btvuu4dwu627.cloudfront.net/guidebook/compiled/es/en/iOS/1/6133ab7615e2cbb0bfdb44126beb4b75d5ad0c7e45330bb17fdb1ec3ea2439d4cd9bc436b84c60990fad9deb6460bb0e049f340decd7eeb060fb6a0e808b7df6/6.json"
"153","5","learning","B1","go out to eat","24","skill/regular: Eating Out [crown 0] (6 sessions) -> story/read: Marathon Runner (1 sessions) -> skill/regular: Eating Out [crown 1] (6 sessions) -> story/listen: How to Dance (1 sessions) -> chest/chest: Chest 209 (1 sessions) -> practice/practice: Habits + Imagine + At Work + Politics + Right Now + People 5 + Places + Today + At Home 2 + Imagine 2 + Office + In Class + Since Then + Vacation 4 + Customs + Mystery + Healthcare (5 sessions) -> duo_radio/duo_radio: Radio: A Feast for the Eyes (1 sessions) -> practice/unit_practice: Eating Out (3 sessions) -> unit_review/unit_review: Eating Out (1 sessions)","https://d1btvuu4dwu627.cloudfront.net/guidebook/compiled/es/en/iOS/1/a17474dad60632a3da268ced3f47aef666172817e35e71656c932bfd773628f05987cd8131164ed45af3554c51530c6580d9c23c096ca5fb691e137670a2584e/6.json"
"154","5","learning","B1","express intentions, use the subjunctive","29","skill/regular: Intentions [crown 0] (6 sessions) -> story/read: Aliens Are Real (1 sessions) -> chest/chest: Chest 210 (1 sessions) -> skill/grammar: Subj 1 [crown 0] (5 sessions) -> skill/regular: Intentions [crown 1] (6 sessions) -> story/listen: I Love Boxing (1 sessions) -> practice/practice: Imagine + At Work + Politics + Right Now + People 5 + Places + Today + At Home 2 + Imagine 2 + Office + In Class + Since Then + Vacation 4 + Customs + Mystery + Healthcare + Traffic (5 sessions) -> story/listen: Big Head (1 sessions) -> chest/chest: Chest 211 (1 sessions) -> practice/unit_practice: Intentions (3 sessions) -> unit_review/unit_review: Intentions + Subj 1 (1 sessions)","https://d1btvuu4dwu627.cloudfront.net/guidebook/compiled/es/en/iOS/1/573f5a02a08072ba54ba3bf51f8a199c8f177dbd5725839c0067b01eb5925d4a5efb96703a8c725779e00c72b6ec10c66728eb203e0040aa0916c5a226ca9612/8.json"
"155","5","learning","B1","use the present perfect","24","skill/regular: News 2 [crown 0] (6 sessions) -> story/read: Space Viking (1 sessions) -> skill/regular: News 2 [crown 1] (6 sessions) -> story/listen: Too Nice (1 sessions) -> chest/chest: Chest 212 (1 sessions) -> practice/practice: Imagine + At Work + Politics + Right Now + People 5 + Places + Today + At Home 2 + Imagine 2 + Office + In Class + Since Then + Vacation 4 + Customs + Mystery + Healthcare + Traffic + Plans 2 (5 sessions) -> story/listen: Shopping for a Gift (1 sessions) -> practice/unit_practice: News 2 (3 sessions) -> unit_review/unit_review: News 2 (1 sessions)","https://d1btvuu4dwu627.cloudfront.net/guidebook/compiled/es/en/iOS/1/5b6329d6300b1fdf275d0960ea2e3dfbf646575d82bbcb2db1fbda0b68ac9c7b7050c4ac6c7a97d1f61d1a76a98464c816976d0d5e154986c4cad9b06fedd4dc/6.json"
"156","5","learning","B1","use the past perfect","24","skill/regular: Free Time [crown 0] (6 sessions) -> story/read: Bad Reception (1 sessions) -> chest/chest: Chest 213 (1 sessions) -> skill/regular: Free Time [crown 1] (6 sessions) -> story/listen: Haunted Hotel (1 sessions) -> practice/practice: At Work + Politics + Right Now + People 5 + Places + Today + At Home 2 + Imagine 2 + Office + In Class + Since Then + Vacation 4 + Customs + Mystery + Healthcare + Traffic + Plans 2 + Wishes (5 sessions) -> duo_radio/duo_radio: Radio: Secrets in the Sand (1 sessions) -> practice/unit_practice: Free Time (3 sessions) -> chest/chest: Chest 214 (1 sessions) -> unit_review/unit_review: Free Time (1 sessions)","https://d1btvuu4dwu627.cloudfront.net/guidebook/compiled/es/en/iOS/1/b1c9af0cc56f27d0a57e9327ae90fecae24724542811cda6a843802eafb71aff8fde089cbbb5ca3474fcfc0f88652f59f84a6ba6cc505640ced0cf4faf069be4/6.json"
"157","5","learning","B1","talk about sports","24","skill/regular: Sports [crown 0] (6 sessions) -> story/read: Without a Paddle (1 sessions) -> skill/regular: Sports [crown 1] (6 sessions) -> story/listen: The Magic Trick (1 sessions) -> practice/practice: Politics + Right Now + People 5 + Places + Today + At Home 2 + Imagine 2 + Office + In Class + Since Then + Vacation 4 + Customs + Mystery + Healthcare + Traffic + Plans 2 + Wishes + Favors (5 sessions) -> story/listen: An Old Friend (1 sessions) -> chest/chest: Chest 215 (1 sessions) -> practice/unit_practice: Sports (3 sessions) -> unit_review/unit_review: Sports (1 sessions)","https://d1btvuu4dwu627.cloudfront.net/guidebook/compiled/es/en/iOS/1/a0805f42abe4e5ac38134c62020b3ff467dc335a659bf5c48100e0a3082993bf682f6b007f44a4cd46d9c68dfe5eac61cb314fd34418d5ad41ceba691880b451/6.json"
"158","5","learning","B1","talk about art","24","skill/regular: Art Events [crown 0] (6 sessions) -> story/read: A Perfect Anniversary (1 sessions) -> skill/regular: Art Events [crown 1] (6 sessions) -> story/listen: The Big Slide (1 sessions) -> chest/chest: Chest 216 (1 sessions) -> practice/practice: Right Now + People 5 + Places + Today + At Home 2 + Imagine 2 + Office + In Class + Since Then + Vacation 4 + Customs + Mystery + Healthcare + Traffic + Plans 2 + Wishes + Favors + At Work 2 (5 sessions) -> duo_radio/duo_radio: Radio: The Secret Gallery (1 sessions) -> practice/unit_practice: Art Events (3 sessions) -> unit_review/unit_review: Art Events (1 sessions)","https://d1btvuu4dwu627.cloudfront.net/guidebook/compiled/es/en/iOS/1/aa4de404b9fd9657e0bb6bf526de3ccfd8c543902f0835f78f07947406bc91876030db1c3ff5e9ee9bf83fdb274676487ccf073660dce0f7a3617c79801f05bd/6.json"
"159","5","learning","B1","go to the bank","24","skill/regular: Banking [crown 0] (6 sessions) -> story/read: Front Window (1 sessions) -> chest/chest: Chest 217 (1 sessions) -> skill/regular: Banking [crown 1] (6 sessions) -> story/listen: The Book Club (1 sessions) -> practice/practice: People 5 + Places + Today + At Home 2 + Imagine 2 + Office + In Class + Since Then + Vacation 4 + Customs + Mystery + Healthcare + Traffic + Plans 2 + Wishes + Favors + At Work 2 + Events (5 sessions) -> story/read: Whatever Junior Wants (1 sessions) -> practice/unit_practice: Banking (3 sessions) -> chest/chest: Chest 218 (1 sessions) -> unit_review/unit_review: Banking (1 sessions)","https://d1btvuu4dwu627.cloudfront.net/guidebook/compiled/es/en/iOS/1/b2f10d95ddca10edd57326e7c5e018c49d4001b556aafa2cabd30003a5fa4e15fdc4a4e9f186bdaaf6aa0a6064bf2e97d916c3dd49eb57e49756077cbe467027/6.json"
"160","5","learning","B1","talk about the forecast, form the subjunctive","29","skill/regular: Weather 2 [crown 0] (6 sessions) -> story/read: The Password (1 sessions) -> skill/grammar: Subj 2 [crown 0] (5 sessions) -> skill/regular: Weather 2 [crown 1] (6 sessions) -> story/listen: Be Honest (1 sessions) -> chest/chest: Chest 219 (1 sessions) -> practice/practice: Places + Today + At Home 2 + Imagine 2 + Office + In Class + Since Then + Vacation 4 + Customs + Mystery + Healthcare + Traffic + Plans 2 + Wishes + Favors + At Work 2 + Events + College (5 sessions) -> story/read: Junior Makes a Mess (1 sessions) -> practice/unit_practice: Weather 2 (3 sessions) -> unit_review/unit_review: Weather 2 + Subj 2 (1 sessions)","https://d1btvuu4dwu627.cloudfront.net/guidebook/compiled/es/en/iOS/1/04f0c5e2f59bc678d6fc73815e623256ed6d989bb291f00a7521182b15ab288f1ba8a8f6e9a96e4e0d62b3a44a936e43d7748a58cf85be0dd20a817f9a83aa48/8.json"
"161","5","learning","B1","express disagreement","24","skill/regular: I Disagree [crown 0] (6 sessions) -> story/read: The Audition (1 sessions) -> chest/chest: Chest 220 (1 sessions) -> skill/regular: I Disagree [crown 1] (6 sessions) -> story/listen: At the Gym (1 sessions) -> practice/practice: Today + At Home 2 + Imagine 2 + Office + In Class + Since Then + Vacation 4 + Customs + Mystery + Healthcare + Traffic + Plans 2 + Wishes + Favors + At Work 2 + Events + College (5 sessions) -> duo_radio/duo_radio: Radio: Not Cheese! (1 sessions) -> practice/unit_practice: I Disagree (3 sessions) -> chest/chest: Chest 221 (1 sessions) -> unit_review/unit_review: I Disagree (1 sessions)","https://d1btvuu4dwu627.cloudfront.net/guidebook/compiled/es/en/iOS/1/ef3c28c3f11b4847d308cf0948c1e33435f9c37626d8edce42a816fac878dc56d7340cbc971d2a7dd97d27541aeee4023c6e993beacc248bcb3483c9b926ea5f/6.json"
"162","5","learning","B1","talk about love","24","skill/regular: Romance [crown 0] (6 sessions) -> story/read: Scary Movie (1 sessions) -> skill/regular: Romance [crown 1] (6 sessions) -> story/listen: The Pie Festival (1 sessions) -> practice/practice: Today + At Home 2 + Imagine 2 + Office + In Class + Since Then + Vacation 4 + Customs + Mystery + Healthcare + Traffic + Plans 2 + Wishes + Favors + At Work 2 + Events + College + Eating Out (5 sessions) -> chest/chest: Chest 222 (1 sessions) -> duo_radio/duo_radio: Radio: A Secret Admirer (1 sessions) -> practice/unit_practice: Romance (3 sessions) -> unit_review/unit_review: Romance (1 sessions)","https://d1btvuu4dwu627.cloudfront.net/guidebook/compiled/es/en/iOS/1/36b4e83aca8bc3023a27e4def01a66f9c6bc09d7a0bb173951fb5f5bad0c8dd6e5ed33fdbcf466596e0d7698e8cf2fa00183b5d018966c91ba2c73b4be303a47/6.json"
"163","5","learning","B1","use the subjunctive","24","skill/regular: Office 2 [crown 0] (6 sessions) -> story/read: Aunt Betty (1 sessions) -> skill/regular: Office 2 [crown 1] (6 sessions) -> story/listen: I Need to Practice (1 sessions) -> chest/chest: Chest 223 (1 sessions) -> practice/practice: At Home 2 + Imagine 2 + Office + In Class + Since Then + Vacation 4 + Customs + Mystery + Healthcare + Traffic + Plans 2 + Wishes + Favors + At Work 2 + Events + College + Eating Out + Intentions (5 sessions) -> story/read: Twenty Years (1 sessions) -> practice/unit_practice: Office 2 (3 sessions) -> unit_review/unit_review: Office 2 (1 sessions)","https://d1btvuu4dwu627.cloudfront.net/guidebook/compiled/es/en/iOS/1/be8953c23399a9eb7639568439821b71d71b0d87fc0e3ca25a7643919b2f507c16e7bd3ac5dcf4da65669a19ac905ee36b8df670c29ed4386c4903993ba7f54b/6.json"
"164","5","learning","B1","participate in a sport","24","skill/regular: Goal! [crown 0] (6 sessions) -> story/read: Junior's Interview (1 sessions) -> chest/chest: Chest 224 (1 sessions) -> skill/regular: Goal! [crown 1] (6 sessions) -> story/listen: Going Away Party (1 sessions) -> practice/practice: Imagine 2 + Office + In Class + Since Then + Vacation 4 + Customs + Mystery + Healthcare + Traffic + Plans 2 + Wishes + Favors + At Work 2 + Events + College + Eating Out + Intentions + News 2 (5 sessions) -> story/read: The Drummer (1 sessions) -> practice/unit_practice: Goal! (3 sessions) -> chest/chest: Chest 225 (1 sessions) -> unit_review/unit_review: Goal! (1 sessions)","https://d1btvuu4dwu627.cloudfront.net/guidebook/compiled/es/en/iOS/1/c45835740cfef27c0758c551b7a9773325a419abd0c5230412606d768068e42863d4b086cf527f3568ddf2285b01dfa3a0e67ca2d2a079f6ea8ee3bf537abb4b/6.json"
"165","6","learning","B1","describe clothing","24","skill/regular: Clothing 2 [crown 0] (6 sessions) -> story/read: Sorry I'm Late (1 sessions) -> skill/regular: Clothing 2 [crown 1] (6 sessions) -> story/listen: The Spicy Soup (1 sessions) -> practice/practice: Office + In Class + Since Then + Vacation 4 + Customs + Mystery + Healthcare + Traffic + Plans 2 + Wishes + Favors + At Work 2 + Events + College + Eating Out + Intentions + News 2 + Free Time (5 sessions) -> chest/chest: Chest 226 (1 sessions) -> duo_radio/duo_radio: Radio: Warm Thanks (1 sessions) -> practice/unit_practice: Clothing 2 (3 sessions) -> unit_review/unit_review: Clothing 2 (1 sessions)","https://d1btvuu4dwu627.cloudfront.net/guidebook/compiled/es/en/iOS/1/500b8c9655ce54a427aad3e532e5d7df6731916ef3768bfba2fb5ab62600bab8402ec47b3e056f3726df3ab937d35729f932031b8e7db39a0997c32f75e339dd/6.json"
"166","6","learning","B1","shop for hygiene items, use the past perfect","29","skill/regular: Hygiene [crown 0] (6 sessions) -> story/read: Nice Tie (1 sessions) -> skill/grammar: Past Tense 8 [crown 0] (5 sessions) -> chest/chest: Chest 227 (1 sessions) -> skill/regular: Hygiene [crown 1] (6 sessions) -> story/listen: It's Too Expensive (1 sessions) -> practice/practice: In Class + Since Then + Vacation 4 + Customs + Mystery + Healthcare + Traffic + Plans 2 + Wishes + Favors + At Work 2 + Events + College + Eating Out + Intentions + News 2 + Free Time + Sports (5 sessions) -> duo_radio/duo_radio: Radio: Onion Deodorant (1 sessions) -> practice/unit_practice: Hygiene (3 sessions) -> chest/chest: Chest 228 (1 sessions) -> unit_review/unit_review: Hygiene + Past Tense 8 (1 sessions)","https://d1btvuu4dwu627.cloudfront.net/guidebook/compiled/es/en/iOS/1/ee517266d6dcde9caa66a8a59914a268049a7d18d88ceff1205fcfbb451aff0a507d87ca7f4e4c8026b19f723e14991c4130a68208a2ab0060c4e07b46bd373d/8.json"
"167","6","learning","B1","buy clothes","24","skill/regular: Purchases [crown 0] (6 sessions) -> story/read: The Accident (1 sessions) -> skill/regular: Purchases [crown 1] (6 sessions) -> story/listen: The Frog (1 sessions) -> practice/practice: Since Then + Vacation 4 + Customs + Mystery + Healthcare + Traffic + Plans 2 + Wishes + Favors + At Work 2 + Events + College + Eating Out + Intentions + News 2 + Free Time + Sports + Art Events (5 sessions) -> story/listen: Lily's Painting (1 sessions) -> chest/chest: Chest 229 (1 sessions) -> practice/unit_practice: Purchases (3 sessions) -> unit_review/unit_review: Purchases (1 sessions)","https://d1btvuu4dwu627.cloudfront.net/guidebook/compiled/es/en/iOS/1/65454fc63edec60a577c60b17de7bd64a5e72617a99a3661a0700eee5d57817076cf7897023571f2c31b20f8a18f200ef6fabb18282dc36d7e2a3c39f1fc9f42/6.json"
"168","6","learning","B1","return faulty products","24","skill/regular: Returns [crown 0] (6 sessions) -> story/read: Late for the Movie (1 sessions) -> skill/regular: Returns [crown 1] (6 sessions) -> story/listen: I Can Do Anything (1 sessions) -> chest/chest: Chest 230 (1 sessions) -> practice/practice: Since Then + Vacation 4 + Customs + Mystery + Healthcare + Traffic + Plans 2 + Wishes + Favors + At Work 2 + Events + College + Eating Out + Intentions + News 2 + Free Time + Sports + Art Events + Banking (5 sessions) -> story/listen: An Important Decision (1 sessions) -> practice/unit_practice: Returns (3 sessions) -> unit_review/unit_review: Returns (1 sessions)","https://d1btvuu4dwu627.cloudfront.net/guidebook/compiled/es/en/iOS/1/7f7afbd99b68b75699d758e165d4ee80e28b09afa9662cdb6c8ebeff8b2269d707fe287d2a673471bcdaa291c59d23267f76cf2334373aeb58460b45dca8b1c8/6.json"
"169","6","learning","B1","make polite requests","24","skill/regular: Be Polite! [crown 0] (6 sessions) -> story/read: Is This a Date? (1 sessions) -> chest/chest: Chest 231 (1 sessions) -> skill/regular: Be Polite! [crown 1] (6 sessions) -> story/listen: Are You Sick? (1 sessions) -> practice/practice: Vacation 4 + Customs + Mystery + Healthcare + Traffic + Plans 2 + Wishes + Favors + At Work 2 + Events + College + Eating Out + Intentions + News 2 + Free Time + Sports + Art Events + Banking + Weather 2 (5 sessions) -> story/listen: First Class (1 sessions) -> practice/unit_practice: Be Polite! (3 sessions) -> chest/chest: Chest 232 (1 sessions) -> unit_review/unit_review: Be Polite! (1 sessions)","https://d1btvuu4dwu627.cloudfront.net/guidebook/compiled/es/en/iOS/1/ae2a647765e956b6b47aab1c7339d152bc2a680900c6d703c658a7a122d0c4668addde153f43f5c1ef548f98076f72ace57996520d18cd9540d6f0ab5ddfd9a6/6.json"
"170","6","learning","B1","form the subjunctive","24","skill/regular: Customers [crown 0] (6 sessions) -> story/read: The Art Show (1 sessions) -> skill/regular: Customers [crown 1] (6 sessions) -> story/listen: Pajamas and Potato Chips (1 sessions) -> practice/practice: Customs + Mystery + Healthcare + Traffic + Plans 2 + Wishes + Favors + At Work 2 + Events + College + Eating Out + Intentions + News 2 + Free Time + Sports + Art Events + Banking + Weather 2 + I Disagree (5 sessions) -> story/listen: The Rejection Letter (1 sessions) -> chest/chest: Chest 233 (1 sessions) -> practice/unit_practice: Customers (3 sessions) -> unit_review/unit_review: Customers (1 sessions)","https://d1btvuu4dwu627.cloudfront.net/guidebook/compiled/es/en/iOS/1/efcb30f1e6f239f347ffc56e1d0135def993e27d27cff968bb8e8e3196074c98d4ae9f049b94e2ff38a0183c40d082adbbed7774f8d70f5388529e50bd76b3f5/6.json"
"171","6","learning","B1","complain","24","skill/regular: Complaints [crown 0] (6 sessions) -> story/read: Whale Watching (1 sessions) -> skill/regular: Complaints [crown 1] (6 sessions) -> story/listen: The Long Flight (1 sessions) -> chest/chest: Chest 234 (1 sessions) -> practice/practice: Mystery + Healthcare + Traffic + Plans 2 + Wishes + Favors + At Work 2 + Events + College + Eating Out + Intentions + News 2 + Free Time + Sports + Art Events + Banking + Weather 2 + I Disagree + Romance (5 sessions) -> duo_radio/duo_radio: Radio: Noisy Neighbors (1 sessions) -> practice/unit_practice: Complaints (3 sessions) -> unit_review/unit_review: Complaints (1 sessions)","https://d1btvuu4dwu627.cloudfront.net/guidebook/compiled/es/en/iOS/1/af5695d15a62ac21184ab89b7ec02477acdef6c05475c2d69bdc50c84a305eb44d5248562d0ef0ee08ce7671dea232cfa467023890fb82f6124a7443773f7039/6.json"
"172","6","learning","B1","make small talk, use the subjunctive","29","skill/regular: Small Talk [crown 0] (6 sessions) -> story/read: I Can Fix It! (1 sessions) -> chest/chest: Chest 235 (1 sessions) -> skill/grammar: Subj 3 [crown 0] (5 sessions) -> skill/regular: Small Talk [crown 1] (6 sessions) -> story/listen: The Baby Photo (1 sessions) -> practice/practice: Healthcare + Traffic + Plans 2 + Wishes + Favors + At Work 2 + Events + College + Eating Out + Intentions + News 2 + Free Time + Sports + Art Events + Banking + Weather 2 + I Disagree + Romance + Office 2 (5 sessions) -> chest/chest: Chest 236 (1 sessions) -> duo_radio/duo_radio: Radio: Rat Couture (1 sessions) -> practice/unit_practice: Small Talk (3 sessions) -> unit_review/unit_review: Small Talk + Subj 3 (1 sessions)","https://d1btvuu4dwu627.cloudfront.net/guidebook/compiled/es/en/iOS/1/ee12b92e1d7a5cc4643eb3e86a40bec32f11a78813a52fb8cab2a92f9721e6083b077f19152ad350d98184e03af79c73eb6c491073c2c70faf17000902a40cff/8.json"
"173","6","learning","B1","talk about animals","24","skill/regular: Ecology [crown 0] (6 sessions) -> story/read: Hannah's Party (1 sessions) -> skill/regular: Ecology [crown 1] (6 sessions) -> story/listen: Moving (1 sessions) -> chest/chest: Chest 237 (1 sessions) -> practice/practice: Traffic + Plans 2 + Wishes + Favors + At Work 2 + Events + College + Eating Out + Intentions + News 2 + Free Time + Sports + Art Events + Banking + Weather 2 + I Disagree + Romance + Office 2 + Goal! (5 sessions) -> duo_radio/duo_radio: Radio: The Amazon’s Secret (1 sessions) -> practice/unit_practice: Ecology (3 sessions) -> unit_review/unit_review: Ecology (1 sessions)","https://d1btvuu4dwu627.cloudfront.net/guidebook/compiled/es/en/iOS/1/66597ad4d6f76589260e6f95eb64d7d819b9aec898e2b8848b278e2ad65bc69d9ffba7183129d951282ddb63ad5e128535c7382812590cc4dfaf6181a9b23ee2/6.json"
"174","6","learning","B1","talk about art","24","skill/regular: Art Talk [crown 0] (6 sessions) -> story/read: Eddy's Meeting (1 sessions) -> chest/chest: Chest 238 (1 sessions) -> skill/regular: Art Talk [crown 1] (6 sessions) -> story/listen: The Bride (1 sessions) -> practice/practice: Plans 2 + Wishes + Favors + At Work 2 + Events + College + Eating Out + Intentions + News 2 + Free Time + Sports + Art Events + Banking + Weather 2 + I Disagree + Romance + Office 2 + Goal! + Clothing 2 (5 sessions) -> story/listen: A Fancy Wedding (1 sessions) -> practice/unit_practice: Art Talk (3 sessions) -> chest/chest: Chest 239 (1 sessions) -> unit_review/unit_review: Art Talk (1 sessions)","https://d1btvuu4dwu627.cloudfront.net/guidebook/compiled/es/en/iOS/1/219268eb6838e36e6c4d9fff67863b29efeea0ad22e3c4a02e436157fbe727ac05d4b491b44b186504d18f955a783c39167fef6ba188fa0a15ded083c4d3ec58/6.json"
"175","6","learning","B1","say what used to happen","24","skill/regular: Travelers [crown 0] (6 sessions) -> story/read: I'm the Manager (1 sessions) -> skill/regular: Travelers [crown 1] (6 sessions) -> story/listen: I'm Driving (1 sessions) -> practice/practice: Plans 2 + Wishes + Favors + At Work 2 + Events + College + Eating Out + Intentions + News 2 + Free Time + Sports + Art Events + Banking + Weather 2 + I Disagree + Romance + Office 2 + Goal! + Clothing 2 + Hygiene (5 sessions) -> story/listen: The Reunion (1 sessions) -> chest/chest: Chest 240 (1 sessions) -> practice/unit_practice: Travelers (3 sessions) -> unit_review/unit_review: Travelers (1 sessions)","https://d1btvuu4dwu627.cloudfront.net/guidebook/compiled/es/en/iOS/1/e9dd5b96cac0f3312ea48baf4243bd425de9e3447ae4a43b639d6fc8d5bbd47a91f47d0c83e46428cf3c35241681000991894bcf07bd2ad20cacd8040372b2df/6.json"
"176","6","learning","B1","express agreement","24","skill/regular: I agree [crown 0] (6 sessions) -> story/read: Is Your Wi-Fi Working? (1 sessions) -> skill/regular: I agree [crown 1] (6 sessions) -> story/listen: Move the Bed (1 sessions) -> chest/chest: Chest 241 (1 sessions) -> practice/practice: Wishes + Favors + At Work 2 + Events + College + Eating Out + Intentions + News 2 + Free Time + Sports + Art Events + Banking + Weather 2 + I Disagree + Romance + Office 2 + Goal! + Clothing 2 + Hygiene + Purchases (5 sessions) -> story/listen: The New App (1 sessions) -> practice/unit_practice: I agree (3 sessions) -> unit_review/unit_review: I agree (1 sessions)","https://d1btvuu4dwu627.cloudfront.net/guidebook/compiled/es/en/iOS/1/106975b6a082b44c76fa4f31872b3faaa4db1f64c8d18cc54e933f349d907dfd33ea184b4b80af4603feeee6ce980d6645f175c4ee351f2d6aa71a72f32d90c6/6.json"
"177","6","learning","B1","request information","24","skill/regular: Questions [crown 0] (6 sessions) -> story/read: The Worst Season (1 sessions) -> chest/chest: Chest 242 (1 sessions) -> skill/regular: Questions [crown 1] (6 sessions) -> story/listen: That's Not Dinner (1 sessions) -> practice/practice: Favors + At Work 2 + Events + College + Eating Out + Intentions + News 2 + Free Time + Sports + Art Events + Banking + Weather 2 + I Disagree + Romance + Office 2 + Goal! + Clothing 2 + Hygiene + Purchases + Returns (5 sessions) -> story/listen: Eddy's New Haircut (1 sessions) -> practice/unit_practice: Questions (3 sessions) -> chest/chest: Chest 243 (1 sessions) -> unit_review/unit_review: Questions (1 sessions)","https://d1btvuu4dwu627.cloudfront.net/guidebook/compiled/es/en/iOS/1/9c8e776bfced15d2d8e6f8424da594eac1c7762a7f490cbee6a73e55ca97996e3bccc2a9443a39b59279c0a162a946ef7d46af6cb873eb5cfb3ea5298d309694/6.json"
"178","6","learning","B1","express possibilities","24","skill/regular: Probably [crown 0] (6 sessions) -> story/read: Call a Doctor (1 sessions) -> skill/regular: Probably [crown 1] (6 sessions) -> story/listen: The Wedding Present (1 sessions) -> practice/practice: At Work 2 + Events + College + Eating Out + Intentions + News 2 + Free Time + Sports + Art Events + Banking + Weather 2 + I Disagree + Romance + Office 2 + Goal! + Clothing 2 + Hygiene + Purchases + Returns + Be Polite! (5 sessions) -> chest/chest: Chest 244 (1 sessions) -> duo_radio/duo_radio: Radio: Feel the Beat (1 sessions) -> practice/unit_practice: Probably (3 sessions) -> unit_review/unit_review: Probably (1 sessions)","https://d1btvuu4dwu627.cloudfront.net/guidebook/compiled/es/en/iOS/1/e9b08b77b493fa4a44426f6b89c8aaecaad0d4587a4368fe15f0b87f005b8f0b887af3ae4ab6638a95f925075a1c0764b6251d7f6295cacfba35e1661510eca0/6.json"
"179","6","learning","B1","express doubts","24","skill/regular: Doubts [crown 0] (6 sessions) -> story/read: Lin's Resume (1 sessions) -> skill/regular: Doubts [crown 1] (6 sessions) -> story/listen: Bea's Date (1 sessions) -> chest/chest: Chest 245 (1 sessions) -> practice/practice: Events + College + Eating Out + Intentions + News 2 + Free Time + Sports + Art Events + Banking + Weather 2 + I Disagree + Romance + Office 2 + Goal! + Clothing 2 + Hygiene + Purchases + Returns + Be Polite! + Customers (5 sessions) -> story/listen: Waiting for George (1 sessions) -> practice/unit_practice: Doubts (3 sessions) -> unit_review/unit_review: Doubts (1 sessions)","https://d1btvuu4dwu627.cloudfront.net/guidebook/compiled/es/en/iOS/1/a3ac48aec8647c889114abb96065eee6ee3262127e4bcbb705b7fc3c7ae708e29bcbccac2f8f91e192c2ff946150b347b66b8e87a714421083b4a56e27b627eb/6.json"
"180","6","learning","B1","visit the hospital","24","skill/regular: Hospital [crown 0] (6 sessions) -> story/read: The Great Baking Show (1 sessions) -> chest/chest: Chest 246 (1 sessions) -> skill/regular: Hospital [crown 1] (6 sessions) -> story/listen: Marathon Runner (1 sessions) -> practice/practice: College + Eating Out + Intentions + News 2 + Free Time + Sports + Art Events + Banking + Weather 2 + I Disagree + Romance + Office 2 + Goal! + Clothing 2 + Hygiene + Purchases + Returns + Be Polite! + Customers + Complaints (5 sessions) -> story/listen: Aliens Are Real (1 sessions) -> practice/unit_practice: Hospital (3 sessions) -> chest/chest: Chest 247 (1 sessions) -> unit_review/unit_review: Hospital (1 sessions)","https://d1btvuu4dwu627.cloudfront.net/guidebook/compiled/es/en/iOS/1/755d0bacc94d6f5b100190dae6ab9a6ead9ddac09d0859cf31ebab7aa430b75d3a39785cc663d91de46fd8dca0ab92052df7ce48b971d7c86e299eb9baf27e36/6.json"
"181","6","learning","B1","describe work issues, use relative pronouns","29","skill/regular: Hard Work [crown 0] (6 sessions) -> story/read: The Refund (1 sessions) -> skill/grammar: Pronouns 2 [crown 0] (5 sessions) -> skill/regular: Hard Work [crown 1] (6 sessions) -> story/listen: Space Viking (1 sessions) -> chest/chest: Chest 248 (1 sessions) -> practice/practice: Eating Out + Intentions + News 2 + Free Time + Sports + Art Events + Banking + Weather 2 + I Disagree + Romance + Office 2 + Goal! + Clothing 2 + Hygiene + Purchases + Returns + Be Polite! + Customers + Complaints (5 sessions) -> duo_radio/duo_radio: Radio: Substitute You (1 sessions) -> practice/unit_practice: Hard Work (3 sessions) -> unit_review/unit_review: Hard Work + Pronouns 2 (1 sessions)","https://d1btvuu4dwu627.cloudfront.net/guidebook/compiled/es/en/iOS/1/963b75a11b0b492b8b3ab4c92ce85f5b1269c25499b47796246b9fa8371c633ef825de57a6af5c91fa81eaee588ab81ff859f2bc64903b2d0a4b443553dc7679/8.json"
"182","6","learning","B1","describe an emergency","24","skill/regular: Urgency [crown 0] (6 sessions) -> story/read: Something New (1 sessions) -> chest/chest: Chest 249 (1 sessions) -> skill/regular: Urgency [crown 1] (6 sessions) -> story/listen: Bad Reception (1 sessions) -> practice/practice: Eating Out + Intentions + News 2 + Free Time + Sports + Art Events + Banking + Weather 2 + I Disagree + Romance + Office 2 + Goal! + Clothing 2 + Hygiene + Purchases + Returns + Be Polite! + Customers + Complaints + Small Talk (5 sessions) -> story/listen: Without a Paddle (1 sessions) -> practice/unit_practice: Urgency (3 sessions) -> chest/chest: Chest 250 (1 sessions) -> unit_review/unit_review: Urgency (1 sessions)","https://d1btvuu4dwu627.cloudfront.net/guidebook/compiled/es/en/iOS/1/5468bb5ca888ab2d6f08793a02023e5d0f81f79d9dc19c01f05ed3bd4600e2b67b765d2d1e587067a8d17a994d4b4971c1323aa22f2c77e7ed0a8c4411ce793f/6.json"
"183","6","learning","B1","express gratitude","24","skill/regular: Gratitude [crown 0] (6 sessions) -> story/read: The Lost Costume (1 sessions) -> skill/regular: Gratitude [crown 1] (6 sessions) -> story/listen: A Perfect Anniversary (1 sessions) -> practice/practice: Intentions + News 2 + Free Time + Sports + Art Events + Banking + Weather 2 + I Disagree + Romance + Office 2 + Goal! + Clothing 2 + Hygiene + Purchases + Returns + Be Polite! + Customers + Complaints + Small Talk + Ecology (5 sessions) -> chest/chest: Chest 251 (1 sessions) -> duo_radio/duo_radio: Radio: Gratitude Grill (1 sessions) -> practice/unit_practice: Gratitude (3 sessions) -> unit_review/unit_review: Gratitude (1 sessions)","https://d1btvuu4dwu627.cloudfront.net/guidebook/compiled/es/en/iOS/1/3ad447ec391ff2c06358f7d725ccbff28f27660769145c47c6955774d6271d1148c4bb930fd6532ebb4bef37cc916535907d8c2b65a7447b1f0683ee9513cf4c/6.json"
"184","6","learning","B1","tell others what to do","24","skill/regular: Let's Go! [crown 0] (6 sessions) -> story/read: The Cat Rule (1 sessions) -> skill/regular: Let's Go! [crown 1] (6 sessions) -> story/listen: Front Window (1 sessions) -> chest/chest: Chest 252 (1 sessions) -> practice/practice: News 2 + Free Time + Sports + Art Events + Banking + Weather 2 + I Disagree + Romance + Office 2 + Goal! + Clothing 2 + Hygiene + Purchases + Returns + Be Polite! + Customers + Complaints + Small Talk + Ecology + Art Talk (5 sessions) -> story/read: Don't Feed the Seals (1 sessions) -> practice/unit_practice: Let's Go! (3 sessions) -> unit_review/unit_review: Let's Go! (1 sessions)","https://d1btvuu4dwu627.cloudfront.net/guidebook/compiled/es/en/iOS/1/0052dc3436ef8e20a9648f0439d09ac03212fecf652e73e7cff3661f677a8be1d25a5f6a578976c9adcfb0fceedb98b60e4676802d1b6ff0d700812695dba5fc/6.json"
"185","6","learning","B1","use adverbs","24","skill/regular: Bad Day [crown 0] (6 sessions) -> story/read: Yoga Class (1 sessions) -> chest/chest: Chest 253 (1 sessions) -> skill/regular: Bad Day [crown 1] (6 sessions) -> story/listen: Whatever Junior Wants (1 sessions) -> practice/practice: Free Time + Sports + Art Events + Banking + Weather 2 + I Disagree + Romance + Office 2 + Goal! + Clothing 2 + Hygiene + Purchases + Returns + Be Polite! + Customers + Complaints + Small Talk + Ecology + Art Talk + Travelers (5 sessions) -> story/read: The Flu Shot (1 sessions) -> practice/unit_practice: Bad Day (3 sessions) -> chest/chest: Chest 254 (1 sessions) -> unit_review/unit_review: Bad Day (1 sessions)","https://d1btvuu4dwu627.cloudfront.net/guidebook/compiled/es/en/iOS/1/3b2ff51ee07d2cfb82da9523758960fc794d459de4e9cbc13d0e31299eaec5f89cc0fd244b6d1854da03bde48b541dac41b4f20f375f50292872d8bcd9ebcb34/6.json"
"186","6","learning","B1","talk about the news","24","skill/regular: Bad News [crown 0] (6 sessions) -> story/read: Where's My Jacket? (1 sessions) -> skill/regular: Bad News [crown 1] (6 sessions) -> story/listen: The Password (1 sessions) -> practice/practice: Sports + Art Events + Banking + Weather 2 + I Disagree + Romance + Office 2 + Goal! + Clothing 2 + Hygiene + Purchases + Returns + Be Polite! + Customers + Complaints + Small Talk + Ecology + Art Talk + Travelers + I agree (5 sessions) -> story/read: Bad Monkey (1 sessions) -> chest/chest: Chest 255 (1 sessions) -> practice/unit_practice: Bad News (3 sessions) -> unit_review/unit_review: Bad News (1 sessions)","https://d1btvuu4dwu627.cloudfront.net/guidebook/compiled/es/en/iOS/1/c739e368a05547e61187fe5b7a1d90f0e732f327122f11a533775f2e8726799403e0c5c0da6a2fba255f605850148bd96a5a58a371069be851aff0a1a3ea7c5c/6.json"
"187","6","learning","B1","comfort others","24","skill/regular: Comfort [crown 0] (6 sessions) -> story/read: The List (1 sessions) -> skill/regular: Comfort [crown 1] (6 sessions) -> story/listen: Junior Makes a Mess (1 sessions) -> chest/chest: Chest 256 (1 sessions) -> practice/practice: Art Events + Banking + Weather 2 + I Disagree + Romance + Office 2 + Goal! + Clothing 2 + Hygiene + Purchases + Returns + Be Polite! + Customers + Complaints + Small Talk + Ecology + Art Talk + Travelers + I agree + Questions (5 sessions) -> duo_radio/duo_radio: Radio: Popcorn Problems (1 sessions) -> practice/unit_practice: Comfort (3 sessions) -> unit_review/unit_review: Comfort (1 sessions)","https://d1btvuu4dwu627.cloudfront.net/guidebook/compiled/es/en/iOS/1/8e1eb7d30260a56ec3dc70d91dce5d23b5b871661951592fe38bc81b300879d7094f165f4d23fb1ad01c2e5ef8d6c3ac52cd35504a6d5da5335e9717f5ed5d6e/6.json"
"188","6","learning","B1","use modals, use the subjunctive","29","skill/regular: Empathy [crown 0] (6 sessions) -> story/read: Monster under the Bed (1 sessions) -> chest/chest: Chest 257 (1 sessions) -> skill/grammar: Subj 4 [crown 0] (5 sessions) -> skill/regular: Empathy [crown 1] (6 sessions) -> story/listen: The Audition (1 sessions) -> practice/practice: Art Events + Banking + Weather 2 + I Disagree + Romance + Office 2 + Goal! + Clothing 2 + Hygiene + Purchases + Returns + Be Polite! + Customers + Complaints + Small Talk + Ecology + Art Talk + Travelers + I agree + Questions + Probably (5 sessions) -> story/read: Cousins (1 sessions) -> chest/chest: Chest 258 (1 sessions) -> practice/unit_practice: Empathy (3 sessions) -> unit_review/unit_review: Empathy + Subj 4 (1 sessions)","https://d1btvuu4dwu627.cloudfront.net/guidebook/compiled/es/en/iOS/1/e0c9ca6e21998be018c88998a6f5fd2218f31433565a6512e16b62f53be907e0a730723c2565bc5c7ad07dc08d20aef5c5ae8ae9517eb45e5e76a74ba8e03992/8.json"
"189","6","learning","B1","apologize","24","skill/regular: Sorry [crown 0] (6 sessions) -> story/read: Inhale, Exhale (1 sessions) -> skill/regular: Sorry [crown 1] (6 sessions) -> story/listen: Scary Movie (1 sessions) -> chest/chest: Chest 259 (1 sessions) -> practice/practice: Banking + Weather 2 + I Disagree + Romance + Office 2 + Goal! + Clothing 2 + Hygiene + Purchases + Returns + Be Polite! + Customers + Complaints + Small Talk + Ecology + Art Talk + Travelers + I agree + Questions + Probably + Doubts (5 sessions) -> story/read: Front Row (1 sessions) -> practice/unit_practice: Sorry (3 sessions) -> unit_review/unit_review: Sorry (1 sessions)","https://d1btvuu4dwu627.cloudfront.net/guidebook/compiled/es/en/iOS/1/a1ceb0723dc6228e4b5f993061015a225d40fbeb0b199593208edac720a4fee79bdd0e8499db24821cae13383f03a61862fbadcdf5e66e1db4ebc1cc7c7e059f/6.json"
"190","6","learning","B1","express disappointment","24","skill/regular: Too Bad [crown 0] (6 sessions) -> story/read: Eddy's Night Out (1 sessions) -> chest/chest: Chest 260 (1 sessions) -> skill/regular: Too Bad [crown 1] (6 sessions) -> story/listen: Aunt Betty (1 sessions) -> practice/practice: Weather 2 + I Disagree + Romance + Office 2 + Goal! + Clothing 2 + Hygiene + Purchases + Returns + Be Polite! + Customers + Complaints + Small Talk + Ecology + Art Talk + Travelers + I agree + Questions + Probably + Doubts + Hospital (5 sessions) -> story/listen: Twenty Years (1 sessions) -> practice/unit_practice: Too Bad (3 sessions) -> chest/chest: Chest 261 (1 sessions) -> unit_review/unit_review: Too Bad (1 sessions)","https://d1btvuu4dwu627.cloudfront.net/guidebook/compiled/es/en/iOS/1/282d2a5ac7e3b97cdd329ddf261e8b2f04737bfc061802db50fb7a28182148486f4583b62c047e775862177b7d1dc260c078bc339134b12d3c1121f521cf59a1/6.json"
"191","6","learning","B1","talk about a date","24","skill/regular: Blind Date [crown 0] (6 sessions) -> story/read: Checking In (1 sessions) -> skill/regular: Blind Date [crown 1] (6 sessions) -> story/listen: Junior's Interview (1 sessions) -> practice/practice: I Disagree + Romance + Office 2 + Goal! + Clothing 2 + Hygiene + Purchases + Returns + Be Polite! + Customers + Complaints + Small Talk + Ecology + Art Talk + Travelers + I agree + Questions + Probably + Doubts + Hospital + Hard Work (5 sessions) -> story/listen: The Drummer (1 sessions) -> chest/chest: Chest 262 (1 sessions) -> practice/unit_practice: Blind Date (3 sessions) -> unit_review/unit_review: Blind Date (1 sessions)","https://d1btvuu4dwu627.cloudfront.net/guidebook/compiled/es/en/iOS/1/8c4887786716bbbeb07b0ade535595ca499fa235ac8e6d69f90fcabf58a30c1e3db0cae73801f0d03254b179a3407006afdb38de0f6be4facc92d358cd106ce0/6.json"
"192","6","learning","B1","describe instructions","24","skill/regular: Recipes [crown 0] (6 sessions) -> story/read: Bad at Soccer (1 sessions) -> skill/regular: Recipes [crown 1] (6 sessions) -> story/listen: Sorry I'm Late (1 sessions) -> chest/chest: Chest 263 (1 sessions) -> practice/practice: Romance + Office 2 + Goal! + Clothing 2 + Hygiene + Purchases + Returns + Be Polite! + Customers + Complaints + Small Talk + Ecology + Art Talk + Travelers + I agree + Questions + Probably + Doubts + Hospital + Hard Work + Urgency (5 sessions) -> duo_radio/duo_radio: Radio: Surprise Soup (1 sessions) -> practice/unit_practice: Recipes (3 sessions) -> unit_review/unit_review: Recipes (1 sessions)","https://d1btvuu4dwu627.cloudfront.net/guidebook/compiled/es/en/iOS/1/01ddc5868c7ae9a39a508e02a3afd9d368229e1f701209edc579c6bc2001d09c777fe637af8ba0fd308aebbf4b524dbe3a824cf7c1195e9b1a353f316c5b6857/6.json"
"193","6","learning","B1","describe technology","24","skill/regular: Got WiFi? [crown 0] (6 sessions) -> story/read: What's the Recipe? (1 sessions) -> chest/chest: Chest 264 (1 sessions) -> skill/regular: Got WiFi? [crown 1] (6 sessions) -> story/listen: Nice Tie (1 sessions) -> practice/practice: Office 2 + Goal! + Clothing 2 + Hygiene + Purchases + Returns + Be Polite! + Customers + Complaints + Small Talk + Ecology + Art Talk + Travelers + I agree + Questions + Probably + Doubts + Hospital + Hard Work + Urgency + Gratitude (5 sessions) -> duo_radio/duo_radio: Radio: Anti Search Engine (1 sessions) -> practice/unit_practice: Got WiFi? (3 sessions) -> chest/chest: Chest 265 (1 sessions) -> unit_review/unit_review: Got WiFi? (1 sessions)","https://d1btvuu4dwu627.cloudfront.net/guidebook/compiled/es/en/iOS/1/e6a5d0b6fee96cc3b90eadadb82fb28cc9f3e09ab0738b762eec0be80c73b65c9274825f7fec783d1ab084e9f3eb710041770f96ac17e1cf5ee345d5ec5ee3ed/6.json"
"194","6","learning","B1","get things fixed, form the past subjunctive","29","skill/regular: Fix It! [crown 0] (6 sessions) -> story/read: On the News (1 sessions) -> skill/grammar: Subj 5 [crown 0] (5 sessions) -> skill/regular: Fix It! [crown 1] (6 sessions) -> story/listen: The Accident (1 sessions) -> chest/chest: Chest 266 (1 sessions) -> practice/practice: Goal! + Clothing 2 + Hygiene + Purchases + Returns + Be Polite! + Customers + Complaints + Small Talk + Ecology + Art Talk + Travelers + I agree + Questions + Probably + Doubts + Hospital + Hard Work + Urgency + Gratitude + Let's Go! (5 sessions) -> story/listen: Late for the Movie (1 sessions) -> practice/unit_practice: Fix It! (3 sessions) -> unit_review/unit_review: Fix It! + Subj 5 (1 sessions)","https://d1btvuu4dwu627.cloudfront.net/guidebook/compiled/es/en/iOS/1/4c7fe84a81ba892ea6d74ad14c80b526968be32108db4519c3023eb3e44397bd037103000d6932bdbede6be1035b2c12676d09b3e3cf02268ef3f4125fcbc857/8.json"
"195","6","learning","B1","talk about decor","24","skill/regular: Decor [crown 0] (6 sessions) -> story/read: Save the Animals! (1 sessions) -> chest/chest: Chest 267 (1 sessions) -> skill/regular: Decor [crown 1] (6 sessions) -> story/listen: Is This a Date? (1 sessions) -> practice/practice: Goal! + Clothing 2 + Hygiene + Purchases + Returns + Be Polite! + Customers + Complaints + Small Talk + Ecology + Art Talk + Travelers + I agree + Questions + Probably + Doubts + Hospital + Hard Work + Urgency + Gratitude + Let's Go! + Bad Day (5 sessions) -> story/listen: The Art Show (1 sessions) -> practice/unit_practice: Decor (3 sessions) -> chest/chest: Chest 268 (1 sessions) -> unit_review/unit_review: Decor (1 sessions)","https://d1btvuu4dwu627.cloudfront.net/guidebook/compiled/es/en/iOS/1/475b6ada8e244a87d49be1d69e1be5cc9f75e485dfe1e01b62e29aec8234b293e791f5e5c1e536cc75395f5d2a61ae4c255de0212aab1bf3645326816fadd431/6.json"
"196","6","learning","B1","discuss health insurance","24","skill/regular: Insurance [crown 0] (6 sessions) -> story/read: Junior's New Business (1 sessions) -> skill/regular: Insurance [crown 1] (6 sessions) -> story/listen: Whale Watching (1 sessions) -> practice/practice: Clothing 2 + Hygiene + Purchases + Returns + Be Polite! + Customers + Complaints + Small Talk + Ecology + Art Talk + Travelers + I agree + Questions + Probably + Doubts + Hospital + Hard Work + Urgency + Gratitude + Let's Go! + Bad Day + Bad News (5 sessions) -> story/listen: I Can Fix It! (1 sessions) -> chest/chest: Chest 269 (1 sessions) -> practice/unit_practice: Insurance (3 sessions) -> unit_review/unit_review: Insurance (1 sessions)","https://d1btvuu4dwu627.cloudfront.net/guidebook/compiled/es/en/iOS/1/2c0366f9b54481532dd619bd5448190249235d3512e2d1b6851b35f150327446c0f3714a5b0309c3f4e1c529024ae05cc0a499c7f56588ff31f880ac1c53ae63/6.json"
"197","6","learning","B1","watch a talk show","24","skill/regular: Talk Show [crown 0] (6 sessions) -> story/read: Too Much Stuff (1 sessions) -> skill/regular: Talk Show [crown 1] (6 sessions) -> story/listen: Hannah's Party (1 sessions) -> chest/chest: Chest 270 (1 sessions) -> practice/practice: Hygiene + Purchases + Returns + Be Polite! + Customers + Complaints + Small Talk + Ecology + Art Talk + Travelers + I agree + Questions + Probably + Doubts + Hospital + Hard Work + Urgency + Gratitude + Let's Go! + Bad Day + Bad News + Comfort (5 sessions) -> duo_radio/duo_radio: Radio: The Ghost Poet (1 sessions) -> practice/unit_practice: Talk Show (3 sessions) -> unit_review/unit_review: Talk Show (1 sessions)","https://d1btvuu4dwu627.cloudfront.net/guidebook/compiled/es/en/iOS/1/87375a3592972ea6f40278b74478812608cb2af343b0f0f4823c4a12278d82204e91d99566af327f06f63b0d8d369e43fb1f05c291afb6e95e93d227651c7520/6.json"
"198","6","learning","B1","talk about holidays","24","skill/regular: Celebrate! [crown 0] (6 sessions) -> story/read: Secret Place (1 sessions) -> chest/chest: Chest 271 (1 sessions) -> skill/regular: Celebrate! [crown 1] (6 sessions) -> story/listen: Eddy's Meeting (1 sessions) -> practice/practice: Purchases + Returns + Be Polite! + Customers + Complaints + Small Talk + Ecology + Art Talk + Travelers + I agree + Questions + Probably + Doubts + Hospital + Hard Work + Urgency + Gratitude + Let's Go! + Bad Day + Bad News + Comfort + Empathy (5 sessions) -> story/listen: I'm the Manager (1 sessions) -> practice/unit_practice: Celebrate! (3 sessions) -> chest/chest: Chest 272 (1 sessions) -> unit_review/unit_review: Celebrate! (1 sessions)","https://d1btvuu4dwu627.cloudfront.net/guidebook/compiled/es/en/iOS/1/c9a646b2a6d154da549d624d7faa3e6209e7b00ff33858f96080f7bbea2dedefe0bbe766defd8c3c78a4a65afca01f49bc180ca6991c16d7b34113736ea2893d/6.json"
"199","6","learning","B1","discuss world news","24","skill/regular: World News [crown 0] (6 sessions) -> story/read: Eddy's Tears (1 sessions) -> skill/regular: World News [crown 1] (6 sessions) -> story/listen: Is Your Wi-Fi Working? (1 sessions) -> practice/practice: Returns + Be Polite! + Customers + Complaints + Small Talk + Ecology + Art Talk + Travelers + I agree + Questions + Probably + Doubts + Hospital + Hard Work + Urgency + Gratitude + Let's Go! + Bad Day + Bad News + Comfort + Empathy + Sorry (5 sessions) -> story/listen: The Worst Season (1 sessions) -> chest/chest: Chest 273 (1 sessions) -> practice/unit_practice: World News (3 sessions) -> unit_review/unit_review: World News (1 sessions)","https://d1btvuu4dwu627.cloudfront.net/guidebook/compiled/es/en/iOS/1/6f41af7193e2abaff18df44554e1f37f049253bd9162bd009e2bdc0047d9407614cbee64592e0aa1d41edb5499bddf2e442059c402ff417be89fbce8d11b8322/6.json"
"200","6","learning","B1","talk about agriculture","24","skill/regular: Harvest [crown 0] (6 sessions) -> story/read: I'm Fine! (1 sessions) -> skill/regular: Harvest [crown 1] (6 sessions) -> story/listen: Call a Doctor (1 sessions) -> chest/chest: Chest 274 (1 sessions) -> practice/practice: Be Polite! + Customers + Complaints + Small Talk + Ecology + Art Talk + Travelers + I agree + Questions + Probably + Doubts + Hospital + Hard Work + Urgency + Gratitude + Let's Go! + Bad Day + Bad News + Comfort + Empathy + Sorry + Too Bad (5 sessions) -> duo_radio/duo_radio: Radio: The Seed Vault (1 sessions) -> practice/unit_practice: Harvest (3 sessions) -> unit_review/unit_review: Harvest (1 sessions)","https://d1btvuu4dwu627.cloudfront.net/guidebook/compiled/es/en/iOS/1/303040f4e3300a237de39369a252f4a1af84b2539c5f854ba0e25c6a1cbcf023e770734685f97ae7790f09b7b1abb72f9f6c5ff9841590c9b1e8ec86a9debb17/6.json"
"201","6","learning","B1","use the imperative","24","skill/regular: Buy Now! [crown 0] (6 sessions) -> story/read: Surprise Party (1 sessions) -> chest/chest: Chest 275 (1 sessions) -> skill/regular: Buy Now! [crown 1] (6 sessions) -> story/listen: Lin's Resume (1 sessions) -> practice/practice: Customers + Complaints + Small Talk + Ecology + Art Talk + Travelers + I agree + Questions + Probably + Doubts + Hospital + Hard Work + Urgency + Gratitude + Let's Go! + Bad Day + Bad News + Comfort + Empathy + Sorry + Too Bad (5 sessions) -> duo_radio/duo_radio: Radio: A Single Sock (1 sessions) -> practice/unit_practice: Buy Now! (3 sessions) -> chest/chest: Chest 276 (1 sessions) -> unit_review/unit_review: Buy Now! (1 sessions)","https://d1btvuu4dwu627.cloudfront.net/guidebook/compiled/es/en/iOS/1/3e33b6e9c359ef58aaac30527cd1fc752711f749064da8cd3d70b8a14af25ea95e3dd18122cf36c222aa0edd2132a25684a5c6483ad52cbb86f4db58d7d88b73/6.json"
"202","6","learning","B1","say how things happened, use passive voice","29","skill/regular: TV Chef [crown 0] (6 sessions) -> story/read: The Principal's Office (1 sessions) -> skill/grammar: Passive [crown 0] (5 sessions) -> skill/regular: TV Chef [crown 1] (6 sessions) -> story/listen: The Great Baking Show (1 sessions) -> chest/chest: Chest 277 (1 sessions) -> practice/practice: Customers + Complaints + Small Talk + Ecology + Art Talk + Travelers + I agree + Questions + Probably + Doubts + Hospital + Hard Work + Urgency + Gratitude + Let's Go! + Bad Day + Bad News + Comfort + Empathy + Sorry + Too Bad + Blind Date (5 sessions) -> duo_radio/duo_radio: Radio: Recreating a Recipe (1 sessions) -> practice/unit_practice: TV Chef (3 sessions) -> unit_review/unit_review: TV Chef + Passive (1 sessions)","https://d1btvuu4dwu627.cloudfront.net/guidebook/compiled/es/en/iOS/1/5dfd6a9b39c5e601f885453b17e5e030e9e6bdcbae13dd3bd987bdfe67510b33c28813b28f834204f278022364af184f3dc5f07e44aff7ff2703bd5ab5dd61ae/8.json"
"203","6","learning","B1","express concerns","24","skill/regular: Concerns [crown 0] (6 sessions) -> story/read: Is She Mad at Me? (1 sessions) -> chest/chest: Chest 278 (1 sessions) -> skill/regular: Concerns [crown 1] (6 sessions) -> story/listen: The Refund (1 sessions) -> practice/practice: Complaints + Small Talk + Ecology + Art Talk + Travelers + I agree + Questions + Probably + Doubts + Hospital + Hard Work + Urgency + Gratitude + Let's Go! + Bad Day + Bad News + Comfort + Empathy + Sorry + Too Bad + Blind Date + Recipes (5 sessions) -> story/listen: Something New (1 sessions) -> practice/unit_practice: Concerns (3 sessions) -> chest/chest: Chest 279 (1 sessions) -> unit_review/unit_review: Concerns (1 sessions)","https://d1btvuu4dwu627.cloudfront.net/guidebook/compiled/es/en/iOS/1/9fe1f92504627fec672080195e74fa41a50f45f6a229aa928be889d3090835321454d140983a53c92807822616b0f45dd28f77bb9cbaf81a4e27246f503cbff5/6.json"
"204","6","learning","B1","share travel experiences","24","skill/regular: Adventures [crown 0] (6 sessions) -> story/read: The Best Cookies (1 sessions) -> skill/regular: Adventures [crown 1] (6 sessions) -> story/listen: The Lost Costume (1 sessions) -> practice/practice: Small Talk + Ecology + Art Talk + Travelers + I agree + Questions + Probably + Doubts + Hospital + Hard Work + Urgency + Gratitude + Let's Go! + Bad Day + Bad News + Comfort + Empathy + Sorry + Too Bad + Blind Date + Recipes + Got WiFi? (5 sessions) -> chest/chest: Chest 280 (1 sessions) -> duo_radio/duo_radio: Radio: A Dip in the Spring (1 sessions) -> practice/unit_practice: Adventures (3 sessions) -> unit_review/unit_review: Adventures (1 sessions)","https://d1btvuu4dwu627.cloudfront.net/guidebook/compiled/es/en/iOS/1/1a6ce0c31c1f9b3f661f7c161fe666d40ea1698368814087884d1a75816a27e6d8549fdd6dabfb5a358540277c9752fb318f3e1bc9a8f9b6ee3aeb4cd3c16b2e/6.json"
"205","6","learning","B1","talk about jobs","24","skill/regular: Jobs [crown 0] (6 sessions) -> story/read: Dating Apps (1 sessions) -> skill/regular: Jobs [crown 1] (6 sessions) -> story/listen: The Cat Rule (1 sessions) -> chest/chest: Chest 281 (1 sessions) -> practice/practice: Ecology + Art Talk + Travelers + I agree + Questions + Probably + Doubts + Hospital + Hard Work + Urgency + Gratitude + Let's Go! + Bad Day + Bad News + Comfort + Empathy + Sorry + Too Bad + Blind Date + Recipes + Got WiFi? + Fix It! (5 sessions) -> story/listen: Don't Feed the Seals (1 sessions) -> practice/unit_practice: Jobs (3 sessions) -> unit_review/unit_review: Jobs (1 sessions)","https://d1btvuu4dwu627.cloudfront.net/guidebook/compiled/es/en/iOS/1/ab404ae8f9c8ba9c72f2002fe6f201dd626cd426567ac63a54808cd9313a510b092428b73dc869f745ea68f9fff36d6ce7a987c027124be78673952d5ed94ad6/6.json"
"206","6","learning","B1","describe people","24","skill/regular: Neighbors [crown 0] (6 sessions) -> story/read: My Horse Hates Me (1 sessions) -> chest/chest: Chest 282 (1 sessions) -> skill/regular: Neighbors [crown 1] (6 sessions) -> story/listen: Yoga Class (1 sessions) -> practice/practice: Art Talk + Travelers + I agree + Questions + Probably + Doubts + Hospital + Hard Work + Urgency + Gratitude + Let's Go! + Bad Day + Bad News + Comfort + Empathy + Sorry + Too Bad + Blind Date + Recipes + Got WiFi? + Fix It! + Decor (5 sessions) -> duo_radio/duo_radio: Radio: No Clowns! (1 sessions) -> practice/unit_practice: Neighbors (3 sessions) -> chest/chest: Chest 283 (1 sessions) -> unit_review/unit_review: Neighbors (1 sessions)","https://d1btvuu4dwu627.cloudfront.net/guidebook/compiled/es/en/iOS/1/1d83b06a896e285e1832063eedf87b4e7f12bffa6325a2d63d33712c749c92bbd74e12e1f150f644a7a86ce8526670aaa69e36c6082ef2b3160a047c03c5e46f/6.json"
"207","6","learning","B1","use the past subjunctive","24","skill/regular: Counsel [crown 0] (6 sessions) -> story/read: The Videotape (1 sessions) -> skill/regular: Counsel [crown 1] (6 sessions) -> story/listen: The Flu Shot (1 sessions) -> practice/practice: Travelers + I agree + Questions + Probably + Doubts + Hospital + Hard Work + Urgency + Gratitude + Let's Go! + Bad Day + Bad News + Comfort + Empathy + Sorry + Too Bad + Blind Date + Recipes + Got WiFi? + Fix It! + Decor + Insurance (5 sessions) -> chest/chest: Chest 284 (1 sessions) -> duo_radio/duo_radio: Radio: Popstar Teacher (1 sessions) -> practice/unit_practice: Counsel (3 sessions) -> unit_review/unit_review: Counsel (1 sessions)","https://d1btvuu4dwu627.cloudfront.net/guidebook/compiled/es/en/iOS/1/2d67683d6eaf465a7b4084e67be9c054dc191995e82da86af5524846d070a0cbaf7b5da6890c0583fc6e552159a7c8c3d71734f78d42ae5a0f1dcd6e967d889c/6.json"
"208","6","learning","B1","discuss health advice, use the subjunctive","29","skill/regular: Patients [crown 0] (6 sessions) -> story/read: Remove This Statue (1 sessions) -> skill/grammar: Subj 6 [crown 0] (5 sessions) -> chest/chest: Chest 285 (1 sessions) -> skill/regular: Patients [crown 1] (6 sessions) -> story/listen: Where's My Jacket? (1 sessions) -> practice/practice: Travelers + I agree + Questions + Probably + Doubts + Hospital + Hard Work + Urgency + Gratitude + Let's Go! + Bad Day + Bad News + Comfort + Empathy + Sorry + Too Bad + Blind Date + Recipes + Got WiFi? + Fix It! + Decor + Insurance + Talk Show (5 sessions) -> story/listen: Bad Monkey (1 sessions) -> practice/unit_practice: Patients (3 sessions) -> chest/chest: Chest 286 (1 sessions) -> unit_review/unit_review: Patients + Subj 6 (1 sessions)","https://d1btvuu4dwu627.cloudfront.net/guidebook/compiled/es/en/iOS/1/b9a0f27a6b3b0aa96720ee7040cc9b89bcfbc9ee159d942316044270d8621750f605f5b85601fa6a83b61423ad9a7a6fb944b72a77a904e669c682ecd0c7de9d/8.json"
"209","6","learning","B1","express doubts","24","skill/regular: Disbelief [crown 0] (6 sessions) -> story/read: Tiny Hat (1 sessions) -> skill/regular: Disbelief [crown 1] (6 sessions) -> story/listen: The List (1 sessions) -> practice/practice: I agree + Questions + Probably + Doubts + Hospital + Hard Work + Urgency + Gratitude + Let's Go! + Bad Day + Bad News + Comfort + Empathy + Sorry + Too Bad + Blind Date + Recipes + Got WiFi? + Fix It! + Decor + Insurance + Talk Show + Celebrate! (5 sessions) -> story/listen: Monster under the Bed (1 sessions) -> chest/chest: Chest 287 (1 sessions) -> practice/unit_practice: Disbelief (3 sessions) -> unit_review/unit_review: Disbelief (1 sessions)","https://d1btvuu4dwu627.cloudfront.net/guidebook/compiled/es/en/iOS/1/19e58f050f3058f78fcfe925d3c34d15f9522fc0305960766c82e060174dade57629aec5c020f235c9e0cd180b5fec09347693a14b8627eea9490c30a824a393/6.json"
"210","6","learning","B1","express surprise","24","skill/regular: Surprise [crown 0] (6 sessions) -> story/read: The Mountain (1 sessions) -> skill/regular: Surprise [crown 1] (6 sessions) -> story/listen: Cousins (1 sessions) -> chest/chest: Chest 288 (1 sessions) -> practice/practice: Questions + Probably + Doubts + Hospital + Hard Work + Urgency + Gratitude + Let's Go! + Bad Day + Bad News + Comfort + Empathy + Sorry + Too Bad + Blind Date + Recipes + Got WiFi? + Fix It! + Decor + Insurance + Talk Show + Celebrate! + World News (5 sessions) -> story/read: A Difficult Person (1 sessions) -> practice/unit_practice: Surprise (3 sessions) -> unit_review/unit_review: Surprise (1 sessions)","https://d1btvuu4dwu627.cloudfront.net/guidebook/compiled/es/en/iOS/1/2e8b23325dc37cd0199bd14a0c87acfc4369f43f79b3273ee4787507c9d4ca6376cf1bf7fe0a7c33030ffc1157dfe722a000e2cfa6832d6ed06cf19635d32351/6.json"
"211","6","learning","B1","discuss school for children","24","skill/regular: Elementary [crown 0] (6 sessions) -> story/read: Pirate Land (1 sessions) -> chest/chest: Chest 289 (1 sessions) -> skill/regular: Elementary [crown 1] (6 sessions) -> story/listen: Inhale, Exhale (1 sessions) -> practice/practice: Probably + Doubts + Hospital + Hard Work + Urgency + Gratitude + Let's Go! + Bad Day + Bad News + Comfort + Empathy + Sorry + Too Bad + Blind Date + Recipes + Got WiFi? + Fix It! + Decor + Insurance + Talk Show + Celebrate! + World News + Harvest (5 sessions) -> story/read: I Can Predict the Future (1 sessions) -> practice/unit_practice: Elementary (3 sessions) -> chest/chest: Chest 290 (1 sessions) -> unit_review/unit_review: Elementary (1 sessions)","https://d1btvuu4dwu627.cloudfront.net/guidebook/compiled/es/en/iOS/1/d2433aed54d79a5508e4361c208bdf9f2c34d55c5372573783c905fe903320bfeccd60ccd5a654836d68443f38fb3ded5a265713ad56ae30868818fdc9516948/6.json"
"212","6","learning","B1","speculate","24","skill/regular: Speculate [crown 0] (6 sessions) -> story/read: Uncle Edward's House (1 sessions) -> skill/regular: Speculate [crown 1] (6 sessions) -> story/listen: Front Row (1 sessions) -> practice/practice: Doubts + Hospital + Hard Work + Urgency + Gratitude + Let's Go! + Bad Day + Bad News + Comfort + Empathy + Sorry + Too Bad + Blind Date + Recipes + Got WiFi? + Fix It! + Decor + Insurance + Talk Show + Celebrate! + World News + Harvest + Buy Now! (5 sessions) -> story/read: Get Out! (1 sessions) -> chest/chest: Chest 291 (1 sessions) -> practice/unit_practice: Speculate (3 sessions) -> unit_review/unit_review: Speculate (1 sessions)","https://d1btvuu4dwu627.cloudfront.net/guidebook/compiled/es/en/iOS/1/b3ff9ec6ac2f56d41b7ab8d2e5c17aae7f67ff67c955eeca015d57f9f974e04fa3c3fac9fb3e1d6cbbbabc40d167c22d7aaf60eab5f0493803245d397addf5ef/6.json"
"213","6","learning","B1","use transitional phrases","24","skill/regular: Animals [crown 0] (6 sessions) -> story/read: Late Fees (1 sessions) -> skill/regular: Animals [crown 1] (6 sessions) -> story/listen: Eddy's Night Out (1 sessions) -> chest/chest: Chest 292 (1 sessions) -> practice/practice: Hospital + Hard Work + Urgency + Gratitude + Let's Go! + Bad Day + Bad News + Comfort + Empathy + Sorry + Too Bad + Blind Date + Recipes + Got WiFi? + Fix It! + Decor + Insurance + Talk Show + Celebrate! + World News + Harvest + Buy Now! + TV Chef (5 sessions) -> story/read: Painting at Sunrise (1 sessions) -> practice/unit_practice: Animals (3 sessions) -> unit_review/unit_review: Animals (1 sessions)","https://d1btvuu4dwu627.cloudfront.net/guidebook/compiled/es/en/iOS/1/7e0709487c97810c374dabe8c09e4cabbc34371d5698df8f3bcbbc58d83c4a4f230308c98c57204d522f759d347467fabf8f25768cda4873406a022c0c6d47b9/6.json"
"214","6","learning","B1","discuss others' lives","24","skill/regular: Gossip [crown 0] (6 sessions) -> story/read: A Relaxing Weekend (1 sessions) -> chest/chest: Chest 293 (1 sessions) -> skill/regular: Gossip [crown 1] (6 sessions) -> story/listen: Checking In (1 sessions) -> practice/practice: Hard Work + Urgency + Gratitude + Let's Go! + Bad Day + Bad News + Comfort + Empathy + Sorry + Too Bad + Blind Date + Recipes + Got WiFi? + Fix It! + Decor + Insurance + Talk Show + Celebrate! + World News + Harvest + Buy Now! + TV Chef + Concerns (5 sessions) -> story/read: Nature Hike (1 sessions) -> practice/unit_practice: Gossip (3 sessions) -> chest/chest: Chest 294 (1 sessions) -> unit_review/unit_review: Gossip (1 sessions)","https://d1btvuu4dwu627.cloudfront.net/guidebook/compiled/es/en/iOS/1/c6ee661fb14dadcc09502dc68a315e4d4a91fb25a75afaf040e71b1113eb1735ed8afaa2ac9bedf3ff243bdee15cd14e56ddabd4f5bf22cf9908a9b9785491c3/6.json"
"215","7","learning","B2","ask for permission","24","skill/regular: Big Trip [crown 0] (6 sessions) -> story/read: My Money, My Rules (1 sessions) -> skill/regular: Big Trip [crown 1] (6 sessions) -> story/listen: Bad at Soccer (1 sessions) -> practice/practice: Hard Work + Urgency + Gratitude + Let's Go! + Bad Day + Bad News + Comfort + Empathy + Sorry + Too Bad + Blind Date + Recipes + Got WiFi? + Fix It! + Decor + Insurance + Talk Show + Celebrate! + World News + Harvest + Buy Now! + TV Chef + Concerns + Adventures (5 sessions) -> story/listen: What's the Recipe? (1 sessions) -> chest/chest: Chest 295 (1 sessions) -> practice/unit_practice: Big Trip (3 sessions) -> unit_review/unit_review: Big Trip (1 sessions)","https://d1btvuu4dwu627.cloudfront.net/guidebook/compiled/es/en/iOS/1/a60578bcfb4a7f8fd4ce55350a120f63e16cf65f0182e25f96724ef6f02902732421ee25129fc2fce27cd8baf9e0e663fbe7e7cf15101211e48b9a90b6c94559/6.json"
"216","7","learning","B2","talk about healthy living","24","skill/regular: Lifestyle [crown 0] (6 sessions) -> story/read: Eddy's Chores (1 sessions) -> skill/regular: Lifestyle [crown 1] (6 sessions) -> story/listen: On the News (1 sessions) -> chest/chest: Chest 296 (1 sessions) -> practice/practice: Urgency + Gratitude + Let's Go! + Bad Day + Bad News + Comfort + Empathy + Sorry + Too Bad + Blind Date + Recipes + Got WiFi? + Fix It! + Decor + Insurance + Talk Show + Celebrate! + World News + Harvest + Buy Now! + TV Chef + Concerns + Adventures + Jobs (5 sessions) -> story/listen: Save the Animals! (1 sessions) -> practice/unit_practice: Lifestyle (3 sessions) -> unit_review/unit_review: Lifestyle (1 sessions)","https://d1btvuu4dwu627.cloudfront.net/guidebook/compiled/es/en/iOS/1/6c01532284b8c62463b8d03ff998bba2dc1236db087b45dda73fd7f6f86a43acef3ef429675697cc991b593b963436d247a423c0d51c0193d887105f6e33de3b/6.json"
"217","7","learning","B2","talk hypothetically","24","skill/regular: New Home [crown 0] (6 sessions) -> story/read: A Real Prince (1 sessions) -> chest/chest: Chest 297 (1 sessions) -> skill/regular: New Home [crown 1] (6 sessions) -> story/listen: Junior's New Business (1 sessions) -> practice/practice: Gratitude + Let's Go! + Bad Day + Bad News + Comfort + Empathy + Sorry + Too Bad + Blind Date + Recipes + Got WiFi? + Fix It! + Decor + Insurance + Talk Show + Celebrate! + World News + Harvest + Buy Now! + TV Chef + Concerns + Adventures + Jobs + Neighbors (5 sessions) -> story/listen: Too Much Stuff (1 sessions) -> practice/unit_practice: New Home (3 sessions) -> chest/chest: Chest 298 (1 sessions) -> unit_review/unit_review: New Home (1 sessions)","https://d1btvuu4dwu627.cloudfront.net/guidebook/compiled/es/en/iOS/1/4182aa9e3e1fcf4dfbe364697ea842a8a01ae1508e577757fef2748620dd7b66c9410a0bce07963505fa728db9ff665bf0bf9e9776fb0c9f57186ef8af98ae0d/6.json"
"218","7","learning","B2","manage work projects","24","skill/regular: Management [crown 0] (6 sessions) -> story/read: Adopt These Dogs (1 sessions) -> skill/regular: Management [crown 1] (6 sessions) -> story/listen: Secret Place (1 sessions) -> practice/practice: Let's Go! + Bad Day + Bad News + Comfort + Empathy + Sorry + Too Bad + Blind Date + Recipes + Got WiFi? + Fix It! + Decor + Insurance + Talk Show + Celebrate! + World News + Harvest + Buy Now! + TV Chef + Concerns + Adventures + Jobs + Neighbors + Counsel (5 sessions) -> story/listen: Eddy's Tears (1 sessions) -> chest/chest: Chest 299 (1 sessions) -> practice/unit_practice: Management (3 sessions) -> unit_review/unit_review: Management (1 sessions)","https://d1btvuu4dwu627.cloudfront.net/guidebook/compiled/es/en/iOS/1/7a088d2e4c074b3469db2af226678a10c8c2ae2598ca8e17b905ed760e55b8f0a7bdded1378cf26fb62c09506315ffe7cf20363ba4798ecd0d2b11fe55870f1f/6.json"
"219","7","learning","B2","discuss medical advice","24","skill/regular: Doctors [crown 0] (6 sessions) -> story/read: Dog Walker for Hire (1 sessions) -> skill/regular: Doctors [crown 1] (6 sessions) -> story/listen: I'm Fine! (1 sessions) -> chest/chest: Chest 300 (1 sessions) -> practice/practice: Bad Day + Bad News + Comfort + Empathy + Sorry + Too Bad + Blind Date + Recipes + Got WiFi? + Fix It! + Decor + Insurance + Talk Show + Celebrate! + World News + Harvest + Buy Now! + TV Chef + Concerns + Adventures + Jobs + Neighbors + Counsel + Patients (5 sessions) -> story/listen: Surprise Party (1 sessions) -> practice/unit_practice: Doctors (3 sessions) -> unit_review/unit_review: Doctors (1 sessions)","https://d1btvuu4dwu627.cloudfront.net/guidebook/compiled/es/en/iOS/1/5c0178d1eafa081e33c1ed64e971dd5dac00a21b477fb7761b0ac573ef93d32e0a71a38f867187713c4c142194f16f3e8128f73a873002abf360dbb89912d600/6.json"
"220","7","learning","B2","talk about car issues","24","skill/regular: Mechanic [crown 0] (6 sessions) -> story/read: Junior's First Kiss (1 sessions) -> chest/chest: Chest 301 (1 sessions) -> skill/regular: Mechanic [crown 1] (6 sessions) -> story/listen: The Principal's Office (1 sessions) -> practice/practice: Bad News + Comfort + Empathy + Sorry + Too Bad + Blind Date + Recipes + Got WiFi? + Fix It! + Decor + Insurance + Talk Show + Celebrate! + World News + Harvest + Buy Now! + TV Chef + Concerns + Adventures + Jobs + Neighbors + Counsel + Patients + Disbelief (5 sessions) -> story/listen: Is She Mad at Me? (1 sessions) -> practice/unit_practice: Mechanic (3 sessions) -> chest/chest: Chest 302 (1 sessions) -> unit_review/unit_review: Mechanic (1 sessions)","https://d1btvuu4dwu627.cloudfront.net/guidebook/compiled/es/en/iOS/1/1a4e68760ce784267858fb06526661f1b70e6b1540404b5f5624c0c6ad9e0cff3c49ade0d871ff37a1a8ebc0590ea0f0c842ab5b149c7469270042575813acb1/6.json"
"221","7","learning","B2","discuss career paths, use conditional sentences","29","skill/regular: Career [crown 0] (6 sessions) -> story/read: Lin's Audition (1 sessions) -> skill/grammar: Conditional [crown 0] (5 sessions) -> skill/regular: Career [crown 1] (6 sessions) -> story/listen: The Best Cookies (1 sessions) -> chest/chest: Chest 303 (1 sessions) -> practice/practice: Comfort + Empathy + Sorry + Too Bad + Blind Date + Recipes + Got WiFi? + Fix It! + Decor + Insurance + Talk Show + Celebrate! + World News + Harvest + Buy Now! + TV Chef + Concerns + Adventures + Jobs + Neighbors + Counsel + Patients + Disbelief (5 sessions) -> story/read: Thanks for the Memories (1 sessions) -> practice/unit_practice: Career (3 sessions) -> unit_review/unit_review: Career + Conditional (1 sessions)","https://d1btvuu4dwu627.cloudfront.net/guidebook/compiled/es/en/iOS/1/eb510ed2e48e78111886707b845161ec6b347c1be11e1e8788814a2289c548423497ffdd558f79ca562a0a0c0e163b8de72e8a4497077580bc2b8736bb20e00c/6.json"
"222","7","learning","B2","attend reunions","24","skill/regular: Reunion [crown 0] (6 sessions) -> story/read: Eddy Gets an Offer (1 sessions) -> chest/chest: Chest 304 (1 sessions) -> skill/regular: Reunion [crown 1] (6 sessions) -> story/listen: Dating Apps (1 sessions) -> practice/practice: Comfort + Empathy + Sorry + Too Bad + Blind Date + Recipes + Got WiFi? + Fix It! + Decor + Insurance + Talk Show + Celebrate! + World News + Harvest + Buy Now! + TV Chef + Concerns + Adventures + Jobs + Neighbors + Counsel + Patients + Disbelief + Surprise (5 sessions) -> story/read: Looking for a Babysitter (1 sessions) -> practice/unit_practice: Reunion (3 sessions) -> chest/chest: Chest 305 (1 sessions) -> unit_review/unit_review: Reunion (1 sessions)","https://d1btvuu4dwu627.cloudfront.net/guidebook/compiled/es/en/iOS/1/28849b2c9ed9b4fb3b32f0bcc2353128a07b4b0ed359b02f2dfe46727b46865664de0c6252a04f9a02067c1bc68dd073c6fd35629f654551306b7c9ee7f7a4bc/6.json"
"223","7","learning","B2","talk about politics","24","skill/regular: Campaign [crown 0] (6 sessions) -> story/read: A Letter to Eddy (1 sessions) -> skill/regular: Campaign [crown 1] (6 sessions) -> story/listen: My Horse Hates Me (1 sessions) -> practice/practice: Empathy + Sorry + Too Bad + Blind Date + Recipes + Got WiFi? + Fix It! + Decor + Insurance + Talk Show + Celebrate! + World News + Harvest + Buy Now! + TV Chef + Concerns + Adventures + Jobs + Neighbors + Counsel + Patients + Disbelief + Surprise + Elementary (5 sessions) -> story/read: Eddy's Big Debut (1 sessions) -> chest/chest: Chest 306 (1 sessions) -> practice/unit_practice: Campaign (3 sessions) -> unit_review/unit_review: Campaign (1 sessions)","https://d1btvuu4dwu627.cloudfront.net/guidebook/compiled/es/en/iOS/1/cf15d6cdaec315b31931930e71f5ca705b84d919e50f3ecb699f2381ea5495a32d64a755636b776b4c96aec613f1bba11fbba1653bbf696d2c32087ec1f7e11d/6.json"
"224","7","learning","B2","discuss climate change","24","skill/regular: Climate [crown 0] (6 sessions) -> story/read: Ghost Hunting Log (1 sessions) -> skill/regular: Climate [crown 1] (6 sessions) -> story/listen: The Videotape (1 sessions) -> chest/chest: Chest 307 (1 sessions) -> practice/practice: Sorry + Too Bad + Blind Date + Recipes + Got WiFi? + Fix It! + Decor + Insurance + Talk Show + Celebrate! + World News + Harvest + Buy Now! + TV Chef + Concerns + Adventures + Jobs + Neighbors + Counsel + Patients + Disbelief + Surprise + Elementary + Speculate (5 sessions) -> story/read: Supernatural Cleaners Reviews (1 sessions) -> practice/unit_practice: Climate (3 sessions) -> unit_review/unit_review: Climate (1 sessions)","https://d1btvuu4dwu627.cloudfront.net/guidebook/compiled/es/en/iOS/1/4e63cb0a46145e96faf419dfcfa934bb887ed6c3c3e90913ee79dc6da98dfe3c7f96e35963a67d10fc67c0c763d07274cbb9a45f10b0d5b66c99c45d524c3eb9/6.json"
"225","7","learning","B2","admonish others","24","skill/regular: Admonish [crown 0] (6 sessions) -> story/read: City Aquarium Newsletter (1 sessions) -> chest/chest: Chest 308 (1 sessions) -> skill/regular: Admonish [crown 1] (6 sessions) -> story/listen: Remove This Statue (1 sessions) -> practice/practice: Too Bad + Blind Date + Recipes + Got WiFi? + Fix It! + Decor + Insurance + Talk Show + Celebrate! + World News + Harvest + Buy Now! + TV Chef + Concerns + Adventures + Jobs + Neighbors + Counsel + Patients + Disbelief + Surprise + Elementary + Speculate + Animals (5 sessions) -> story/read: Beach Clean Up (1 sessions) -> practice/unit_practice: Admonish (3 sessions) -> chest/chest: Chest 309 (1 sessions) -> unit_review/unit_review: Admonish (1 sessions)","https://d1btvuu4dwu627.cloudfront.net/guidebook/compiled/es/en/iOS/1/fd04a658b94ca81d3aca2441df7c01b6ce0218ff1f6bf62866a65095d6bb1e5660a6f7842245588837e1f5e5570e97da634ef455ff31f5f5d71e20e136594142/6.json"
"226","7","learning","B2","talk about parenthood","24","skill/regular: New Parent [crown 0] (6 sessions) -> story/read: JJ's Astronaut Adventures (1 sessions) -> skill/regular: New Parent [crown 1] (6 sessions) -> story/listen: Tiny Hat (1 sessions) -> practice/practice: Blind Date + Recipes + Got WiFi? + Fix It! + Decor + Insurance + Talk Show + Celebrate! + World News + Harvest + Buy Now! + TV Chef + Concerns + Adventures + Jobs + Neighbors + Counsel + Patients + Disbelief + Surprise + Elementary + Speculate + Animals + Gossip (5 sessions) -> story/read: Astronaut Camp (1 sessions) -> chest/chest: Chest 310 (1 sessions) -> practice/unit_practice: New Parent (3 sessions) -> unit_review/unit_review: New Parent (1 sessions)","https://d1btvuu4dwu627.cloudfront.net/guidebook/compiled/es/en/iOS/1/b2c42645735e7c4cce23c5893c52bcb626cbde80e1ce2c2ce67f5cce1079bf0d17ddada90a2068b5561a45b0318566ab294fa9878144109237662aff90ae0388/6.json"
"227","7","learning","B2","talk about folk beliefs","24","skill/regular: Folklore [crown 0] (6 sessions) -> story/read: Cake Delivery (1 sessions) -> skill/regular: Folklore [crown 1] (6 sessions) -> story/listen: The Mountain (1 sessions) -> chest/chest: Chest 311 (1 sessions) -> practice/practice: Recipes + Got WiFi? + Fix It! + Decor + Insurance + Talk Show + Celebrate! + World News + Harvest + Buy Now! + TV Chef + Concerns + Adventures + Jobs + Neighbors + Counsel + Patients + Disbelief + Surprise + Elementary + Speculate + Animals + Gossip + Big Trip (5 sessions) -> story/read: Lin's Towing Service (1 sessions) -> practice/unit_practice: Folklore (3 sessions) -> unit_review/unit_review: Folklore (1 sessions)","https://d1btvuu4dwu627.cloudfront.net/guidebook/compiled/es/en/iOS/1/c5b4394b841185196b56cde90ef88386551760a52f1d39e418a48226b16b155855596cfb06513e69a55fbca09c5ff2c23a47d0cb5f729fceb69d3f1ca74973f5/6.json"
"228","7","learning","B2","express regret, use complex future tenses","29","skill/regular: Regrets [crown 0] (6 sessions) -> story/read: Oscar's Diary Entry, May 16th (1 sessions) -> chest/chest: Chest 312 (1 sessions) -> skill/grammar: Future 2 [crown 0] (5 sessions) -> skill/regular: Regrets [crown 1] (6 sessions) -> story/listen: A Difficult Person (1 sessions) -> practice/practice: Recipes + Got WiFi? + Fix It! + Decor + Insurance + Talk Show + Celebrate! + World News + Harvest + Buy Now! + TV Chef + Concerns + Adventures + Jobs + Neighbors + Counsel + Patients + Disbelief + Surprise + Elementary + Speculate + Animals + Gossip + Big Trip + Lifestyle (5 sessions) -> story/read: A Romantic Date (1 sessions) -> chest/chest: Chest 313 (1 sessions) -> practice/unit_practice: Regrets (3 sessions) -> unit_review/unit_review: Regrets + Future 2 (1 sessions)","https://d1btvuu4dwu627.cloudfront.net/guidebook/compiled/es/en/iOS/1/c0b89de45ee58ce2d1bb0b391f98281d59d7d6e0d9fea5090f4b5095f6332a6d542cf3012f51ac76c0ea0480e57171ac05588b830707c37364b43f3f2523b38d/6.json"
"229","7","learning","B2","discuss university life","24","skill/regular: Higher Ed [crown 0] (6 sessions) -> story/read: Spilled Sugar (1 sessions) -> skill/regular: Higher Ed [crown 1] (6 sessions) -> story/listen: Pirate Land (1 sessions) -> chest/chest: Chest 314 (1 sessions) -> practice/practice: Got WiFi? + Fix It! + Decor + Insurance + Talk Show + Celebrate! + World News + Harvest + Buy Now! + TV Chef + Concerns + Adventures + Jobs + Neighbors + Counsel + Patients + Disbelief + Surprise + Elementary + Speculate + Animals + Gossip + Big Trip + Lifestyle + New Home (5 sessions) -> story/read: The Action Figure (1 sessions) -> practice/unit_practice: Higher Ed (3 sessions) -> unit_review/unit_review: Higher Ed (1 sessions)","https://d1btvuu4dwu627.cloudfront.net/guidebook/compiled/es/en/iOS/1/4f89ba0762e43b6fddee54b0c87f025404e3091c1fc0070d9cd16432bb89dac973d165a9b4e5b55da4d80dc384f1df43c3fc2a8f115cc515f8e52f94109e28c0/6.json"
"230","7","learning","B2","reminisce","24","skill/regular: Reminisce [crown 0] (6 sessions) -> story/read: Junior's Dance Moves (1 sessions) -> chest/chest: Chest 315 (1 sessions) -> skill/regular: Reminisce [crown 1] (6 sessions) -> story/listen: I Can Predict the Future (1 sessions) -> practice/practice: Fix It! + Decor + Insurance + Talk Show + Celebrate! + World News + Harvest + Buy Now! + TV Chef + Concerns + Adventures + Jobs + Neighbors + Counsel + Patients + Disbelief + Surprise + Elementary + Speculate + Animals + Gossip + Big Trip + Lifestyle + New Home + Management (5 sessions) -> story/read: Art Class Rules (1 sessions) -> practice/unit_practice: Reminisce (3 sessions) -> chest/chest: Chest 316 (1 sessions) -> unit_review/unit_review: Reminisce (1 sessions)","https://d1btvuu4dwu627.cloudfront.net/guidebook/compiled/es/en/iOS/1/74a3e1a0e46242e1720e00b86a449092bab51be1ff25d741bd4d11d65e429ff4abac691e8873c973d46729a5581b0a31dc98311a1ee4913dee7741bee5468a4f/6.json"
"231","7","learning","B2","react to family","24","skill/regular: Together [crown 0] (6 sessions) -> story/read: Oscar's Day Off (1 sessions) -> skill/regular: Together [crown 1] (6 sessions) -> story/listen: Uncle Edward's House (1 sessions) -> practice/practice: Decor + Insurance + Talk Show + Celebrate! + World News + Harvest + Buy Now! + TV Chef + Concerns + Adventures + Jobs + Neighbors + Counsel + Patients + Disbelief + Surprise + Elementary + Speculate + Animals + Gossip + Big Trip + Lifestyle + New Home + Management + Doctors (5 sessions) -> story/read: Bea the Photographer (1 sessions) -> chest/chest: Chest 317 (1 sessions) -> practice/unit_practice: Together (3 sessions) -> unit_review/unit_review: Together (1 sessions)","https://d1btvuu4dwu627.cloudfront.net/guidebook/compiled/es/en/iOS/1/0f1ff9330ce7cff568fad551af5979f3ce498382175c6630e87bac885f05685422ca453001ccab6896867d45ae760d9b52a830fcf6c1d2452c5bf08597aedbf3/6.json"
"232","7","learning","B2","have conversations at work","24","skill/regular: Colleagues [crown 0] (6 sessions) -> story/read: Get Back Together (1 sessions) -> skill/regular: Colleagues [crown 1] (6 sessions) -> story/listen: Get Out! (1 sessions) -> chest/chest: Chest 318 (1 sessions) -> practice/practice: Insurance + Talk Show + Celebrate! + World News + Harvest + Buy Now! + TV Chef + Concerns + Adventures + Jobs + Neighbors + Counsel + Patients + Disbelief + Surprise + Elementary + Speculate + Animals + Gossip + Big Trip + Lifestyle + New Home + Management + Doctors + Mechanic (5 sessions) -> story/read: Zari's Crisis (1 sessions) -> practice/unit_practice: Colleagues (3 sessions) -> unit_review/unit_review: Colleagues (1 sessions)","https://d1btvuu4dwu627.cloudfront.net/guidebook/compiled/es/en/iOS/1/ea3cafed5d09035b45d8c5e076babddc9e2c7d222de1709b24b445fa402549e3f3083ec2c1197cc89cbb7882db64624f72de807976c5a8c2abe9582f57502454/6.json"
"233","7","learning","B2","deal with paperwork","24","skill/regular: Paperwork [crown 0] (6 sessions) -> story/read: Junior the Teenager (1 sessions) -> chest/chest: Chest 319 (1 sessions) -> skill/regular: Paperwork [crown 1] (6 sessions) -> story/listen: Late Fees (1 sessions) -> practice/practice: Talk Show + Celebrate! + World News + Harvest + Buy Now! + TV Chef + Concerns + Adventures + Jobs + Neighbors + Counsel + Patients + Disbelief + Surprise + Elementary + Speculate + Animals + Gossip + Big Trip + Lifestyle + New Home + Management + Doctors + Mechanic + Career (5 sessions) -> story/listen: Painting at Sunrise (1 sessions) -> practice/unit_practice: Paperwork (3 sessions) -> chest/chest: Chest 320 (1 sessions) -> unit_review/unit_review: Paperwork (1 sessions)","https://d1btvuu4dwu627.cloudfront.net/guidebook/compiled/es/en/iOS/1/1a5d00b08b1fe242bbab6be59f5443689e5f697410f773b83c7b5d0a8c10157bff3940d02de6ec85b21557c92101add256406bcb1ec74f82e5726f6662e35175/6.json"
"234","7","learning","B2","discuss injuries","24","skill/regular: Emergency [crown 0] (6 sessions) -> story/read: Baby Bird (1 sessions) -> skill/regular: Emergency [crown 1] (6 sessions) -> story/listen: A Relaxing Weekend (1 sessions) -> practice/practice: Celebrate! + World News + Harvest + Buy Now! + TV Chef + Concerns + Adventures + Jobs + Neighbors + Counsel + Patients + Disbelief + Surprise + Elementary + Speculate + Animals + Gossip + Big Trip + Lifestyle + New Home + Management + Doctors + Mechanic + Career + Reunion (5 sessions) -> story/listen: Nature Hike (1 sessions) -> chest/chest: Chest 321 (1 sessions) -> practice/unit_practice: Emergency (3 sessions) -> unit_review/unit_review: Emergency (1 sessions)","https://d1btvuu4dwu627.cloudfront.net/guidebook/compiled/es/en/iOS/1/c4e7f0dfaa148a5e8dc46649d22bd6e94c885416186472a3f64d7cd16306bd0ed666980fe4cd7100e483353fcf11b6c9517fe34cd5f7e693c24e59f781b2a858/6.json"
"235","7","learning","B2","talk about home repairs","24","skill/regular: Fix It Up [crown 0] (6 sessions) -> story/read: Lily the Interpreter (1 sessions) -> skill/regular: Fix It Up [crown 1] (6 sessions) -> story/listen: My Money, My Rules (1 sessions) -> chest/chest: Chest 322 (1 sessions) -> practice/practice: Celebrate! + World News + Harvest + Buy Now! + TV Chef + Concerns + Adventures + Jobs + Neighbors + Counsel + Patients + Disbelief + Surprise + Elementary + Speculate + Animals + Gossip + Big Trip + Lifestyle + New Home + Management + Doctors + Mechanic + Career + Reunion + Campaign (5 sessions) -> story/listen: A Real Prince (1 sessions) -> practice/unit_practice: Fix It Up (3 sessions) -> unit_review/unit_review: Fix It Up (1 sessions)","https://d1btvuu4dwu627.cloudfront.net/guidebook/compiled/es/en/iOS/1/09c17ed2d4ddd4005507b1528e1b8e3f44e12e7a7fcae6172ec1833961e3a5da87bca4dba438061bdd2f5c30163106f333567425a27e07835d918f3ae2fac866/6.json"
"236","7","learning","B2","bicker with someone","24","skill/regular: Bickering [crown 0] (6 sessions) -> story/read: Eddy's Cooking Tips (1 sessions) -> chest/chest: Chest 323 (1 sessions) -> skill/regular: Bickering [crown 1] (6 sessions) -> story/listen: Junior's First Kiss (1 sessions) -> practice/practice: World News + Harvest + Buy Now! + TV Chef + Concerns + Adventures + Jobs + Neighbors + Counsel + Patients + Disbelief + Surprise + Elementary + Speculate + Animals + Gossip + Big Trip + Lifestyle + New Home + Management + Doctors + Mechanic + Career + Reunion + Campaign + Climate (5 sessions) -> story/listen: Lin's Audition (1 sessions) -> practice/unit_practice: Bickering (3 sessions) -> chest/chest: Chest 324 (1 sessions) -> unit_review/unit_review: Bickering (1 sessions)","https://d1btvuu4dwu627.cloudfront.net/guidebook/compiled/es/en/iOS/1/1daad89de2e4d4e8567bf090026a353bff7a05a5250a50ddf2b8273d3154a0e78d3eab12234f8acd00a08c3aeb88a871f864e542f724a79dc47563d2e9293fc9/6.json"
"237","7","learning","B2","talk about telenovelas","24","skill/regular: Telenovela [crown 0] (6 sessions) -> story/read: Pirate Post (1 sessions) -> skill/regular: Telenovela [crown 1] (6 sessions) -> story/listen: Eddy Gets an Offer (1 sessions) -> practice/practice: Harvest + Buy Now! + TV Chef + Concerns + Adventures + Jobs + Neighbors + Counsel + Patients + Disbelief + Surprise + Elementary + Speculate + Animals + Gossip + Big Trip + Lifestyle + New Home + Management + Doctors + Mechanic + Career + Reunion + Campaign + Climate + Admonish (5 sessions) -> story/listen: Eddy's Big Debut (1 sessions) -> chest/chest: Chest 325 (1 sessions) -> practice/unit_practice: Telenovela (3 sessions) -> unit_review/unit_review: Telenovela (1 sessions)","https://d1btvuu4dwu627.cloudfront.net/guidebook/compiled/es/en/iOS/1/2c8d5960ae2dd986bf4c99d6b83378df1e3939faee30eba53303670f419fc2893d18e462c729b9fd778a6b36fd4401538efcc806a968ffd9bfb4f8aeb3b110fa/6.json"
"238","7","learning","B2","talk about life changes","24","skill/regular: Changes [crown 0] (6 sessions) -> story/read: Impressing Lily (1 sessions) -> skill/regular: Changes [crown 1] (6 sessions) -> story/listen: Beach Clean Up (1 sessions) -> chest/chest: Chest 326 (1 sessions) -> practice/practice: Buy Now! + TV Chef + Concerns + Adventures + Jobs + Neighbors + Counsel + Patients + Disbelief + Surprise + Elementary + Speculate + Animals + Gossip + Big Trip + Lifestyle + New Home + Management + Doctors + Mechanic + Career + Reunion + Campaign + Climate + Admonish + New Parent (5 sessions) -> story/listen: Astronaut Camp (1 sessions) -> practice/unit_practice: Changes (3 sessions) -> unit_review/unit_review: Changes (1 sessions)","https://d1btvuu4dwu627.cloudfront.net/guidebook/compiled/es/en/iOS/1/46f1acf8c8673dd5a6abbab717b8d1626e62e4695a75b074567e7d609e4bc6c9c29303051e719ee57a093a501a9aae407e364ea34a9d1e2135b3f954ebcaf192/6.json"
"239","7","learning","B2","discuss frustration","24","skill/regular: Monotony [crown 0] (6 sessions) -> story/read: Eddy's Dating Profile (1 sessions) -> chest/chest: Chest 327 (1 sessions) -> skill/regular: Monotony [crown 1] (6 sessions) -> story/listen: Cake Delivery (1 sessions) -> practice/practice: TV Chef + Concerns + Adventures + Jobs + Neighbors + Counsel + Patients + Disbelief + Surprise + Elementary + Speculate + Animals + Gossip + Big Trip + Lifestyle + New Home + Management + Doctors + Mechanic + Career + Reunion + Campaign + Climate + Admonish + New Parent + Folklore (5 sessions) -> story/read: Stolen Art (1 sessions) -> practice/unit_practice: Monotony (3 sessions) -> chest/chest: Chest 328 (1 sessions) -> unit_review/unit_review: Monotony (1 sessions)","https://d1btvuu4dwu627.cloudfront.net/guidebook/compiled/es/en/iOS/1/6e508487fc06e260a0f794163d0d79932f7da40aa36b48e91ee60043f77a934644af99749655caf9c1ef371dd2f5ff8e2b2dd997897690ac6d565eee3e22cc6a/6.json"
"240","7","learning","B2","express surprise","24","skill/regular: Really?! [crown 0] (6 sessions) -> story/read: The Warranty (1 sessions) -> skill/regular: Really?! [crown 1] (6 sessions) -> story/listen: A Romantic Date (1 sessions) -> practice/practice: Concerns + Adventures + Jobs + Neighbors + Counsel + Patients + Disbelief + Surprise + Elementary + Speculate + Animals + Gossip + Big Trip + Lifestyle + New Home + Management + Doctors + Mechanic + Career + Reunion + Campaign + Climate + Admonish + New Parent + Folklore + Regrets (5 sessions) -> story/read: Locked In (1 sessions) -> chest/chest: Chest 329 (1 sessions) -> practice/unit_practice: Really?! (3 sessions) -> unit_review/unit_review: Really?! (1 sessions)","https://d1btvuu4dwu627.cloudfront.net/guidebook/compiled/es/en/iOS/1/a50932a9766f2f7f3cb716526700c83dfb6a7d742edbfbc003698d77de71866183ac699fcd269decf347b51b6c2f8415af54a5e5726ad9c8e02d52e18aca7815/6.json"
"241","7","learning","B2","describe a bad trip","24","skill/regular: Bad Trip [crown 0] (6 sessions) -> story/read: Get Well Soon (1 sessions) -> skill/regular: Bad Trip [crown 1] (6 sessions) -> story/listen: Spilled Sugar (1 sessions) -> chest/chest: Chest 330 (1 sessions) -> practice/practice: Adventures + Jobs + Neighbors + Counsel + Patients + Disbelief + Surprise + Elementary + Speculate + Animals + Gossip + Big Trip + Lifestyle + New Home + Management + Doctors + Mechanic + Career + Reunion + Campaign + Climate + Admonish + New Parent + Folklore + Regrets (5 sessions) -> story/read: Surviving a Music Festival (1 sessions) -> practice/unit_practice: Bad Trip (3 sessions) -> unit_review/unit_review: Bad Trip (1 sessions)","https://d1btvuu4dwu627.cloudfront.net/guidebook/compiled/es/en/iOS/1/0bbc81ce4297c4971b34d0f7dbd3d630a3b7d0b3a31f96209145779880ddba26b4890635ad0e186c52ebc9d639271b265d7d2b01f16047fce44679f19702e8d8/6.json"
"242","7","learning","B2","identify cultural issues","24","skill/regular: Adapting [crown 0] (6 sessions) -> story/read: What Did I Miss? (1 sessions) -> chest/chest: Chest 331 (1 sessions) -> skill/regular: Adapting [crown 1] (6 sessions) -> story/listen: The Action Figure (1 sessions) -> practice/practice: Adventures + Jobs + Neighbors + Counsel + Patients + Disbelief + Surprise + Elementary + Speculate + Animals + Gossip + Big Trip + Lifestyle + New Home + Management + Doctors + Mechanic + Career + Reunion + Campaign + Climate + Admonish + New Parent + Folklore + Regrets + Higher Ed (5 sessions) -> story/read: Movie Theater Memo (1 sessions) -> practice/unit_practice: Adapting (3 sessions) -> chest/chest: Chest 332 (1 sessions) -> unit_review/unit_review: Adapting (1 sessions)","https://d1btvuu4dwu627.cloudfront.net/guidebook/compiled/es/en/iOS/1/1f92e0d12a1944541b6d169dda9b0d1fcfa0f317723daace3f2de354c27aa9404adbef21f7f340997c98dcdb62bfca60fa59087a46ef3700582e400035a553ba/6.json"
"243","7","learning","B2","refer to unfamiliar items, use the verb haber","29","skill/regular: New Cook [crown 0] (6 sessions) -> story/read: Dear Lucy (1 sessions) -> skill/grammar: Haber [crown 0] (5 sessions) -> skill/regular: New Cook [crown 1] (6 sessions) -> story/listen: Junior's Dance Moves (1 sessions) -> chest/chest: Chest 333 (1 sessions) -> practice/practice: Jobs + Neighbors + Counsel + Patients + Disbelief + Surprise + Elementary + Speculate + Animals + Gossip + Big Trip + Lifestyle + New Home + Management + Doctors + Mechanic + Career + Reunion + Campaign + Climate + Admonish + New Parent + Folklore + Regrets + Higher Ed + Reminisce (5 sessions) -> story/read: Talent Show (1 sessions) -> practice/unit_practice: New Cook (3 sessions) -> unit_review/unit_review: New Cook + Haber (1 sessions)","https://d1btvuu4dwu627.cloudfront.net/guidebook/compiled/es/en/iOS/1/d6314990e83bd94c4c3abb34747c1cc4cb9aa32e02b42b3f5012b395c7da90461e665530a973b2ba030125096dd0e6b3a9416dad34177b97abb46b504d79f129/6.json"
"244","7","learning","B2","discuss growing up","24","skill/regular: Growing Up [crown 0] (6 sessions) -> story/read: Buying Art on a Budget (1 sessions) -> chest/chest: Chest 334 (1 sessions) -> skill/regular: Growing Up [crown 1] (6 sessions) -> story/listen: Oscar's Day Off (1 sessions) -> practice/practice: Neighbors + Counsel + Patients + Disbelief + Surprise + Elementary + Speculate + Animals + Gossip + Big Trip + Lifestyle + New Home + Management + Doctors + Mechanic + Career + Reunion + Campaign + Climate + Admonish + New Parent + Folklore + Regrets + Higher Ed + Reminisce + Together (5 sessions) -> story/read: A True Expert (1 sessions) -> practice/unit_practice: Growing Up (3 sessions) -> chest/chest: Chest 335 (1 sessions) -> unit_review/unit_review: Growing Up (1 sessions)","https://d1btvuu4dwu627.cloudfront.net/guidebook/compiled/es/en/iOS/1/05db9b326cbc2cfe73ef1e3748f19e07951e004e07313aa38d1898d3da884820c32512990bfba52238646b6b77f3c238a3750eaa694077c8b393f2711a8abab0/6.json"
"245","7","learning","B2","talk about feelings","24","skill/regular: Caring [crown 0] (6 sessions) -> story/read: Remember Me? (1 sessions) -> skill/regular: Caring [crown 1] (6 sessions) -> story/listen: Bea the Photographer (1 sessions) -> practice/practice: Counsel + Patients + Disbelief + Surprise + Elementary + Speculate + Animals + Gossip + Big Trip + Lifestyle + New Home + Management + Doctors + Mechanic + Career + Reunion + Campaign + Climate + Admonish + New Parent + Folklore + Regrets + Higher Ed + Reminisce + Together + Colleagues (5 sessions) -> story/read: Formal Attire (1 sessions) -> chest/chest: Chest 336 (1 sessions) -> practice/unit_practice: Caring (3 sessions) -> unit_review/unit_review: Caring (1 sessions)","https://d1btvuu4dwu627.cloudfront.net/guidebook/compiled/es/en/iOS/1/6d5c2e9164097d2c3793fbe1c4eb88104671b77cd8245b957fe07e52ad779c3bb1b4a2ac648bea9741a743f58e63a9ea2286d04950fbc81138c9614f4d993e00/6.json"
"246","7","learning","B2","comfort others","24","skill/regular: Break Up [crown 0] (6 sessions) -> story/read: Oscar the Babysitter (1 sessions) -> skill/regular: Break Up [crown 1] (6 sessions) -> story/listen: Zari's Crisis (1 sessions) -> chest/chest: Chest 337 (1 sessions) -> practice/practice: Patients + Disbelief + Surprise + Elementary + Speculate + Animals + Gossip + Big Trip + Lifestyle + New Home + Management + Doctors + Mechanic + Career + Reunion + Campaign + Climate + Admonish + New Parent + Folklore + Regrets + Higher Ed + Reminisce + Together + Colleagues + Paperwork (5 sessions) -> story/read: ""Museum of Doom"" - A Review (1 sessions) -> practice/unit_practice: Break Up (3 sessions) -> unit_review/unit_review: Break Up (1 sessions)","https://d1btvuu4dwu627.cloudfront.net/guidebook/compiled/es/en/iOS/1/503f3c0a1aa3dcf80118ce9258e770f28225f8aa470156ee0bb369eb266b7ad091c2dd91ac8d56bb4003c5752dd2e80b7d3ca270db6cb465309953832ab72793/6.json"
"247","7","learning","B2","interrupt a conversation","24","skill/regular: Interrupt [crown 0] (6 sessions) -> story/read: The Practice Date (1 sessions) -> chest/chest: Chest 338 (1 sessions) -> skill/regular: Interrupt [crown 1] (6 sessions) -> story/listen: Baby Bird (1 sessions) -> practice/practice: Disbelief + Surprise + Elementary + Speculate + Animals + Gossip + Big Trip + Lifestyle + New Home + Management + Doctors + Mechanic + Career + Reunion + Campaign + Climate + Admonish + New Parent + Folklore + Regrets + Higher Ed + Reminisce + Together + Colleagues + Paperwork + Emergency (5 sessions) -> story/read: Selecting Movies for Babysitting (1 sessions) -> practice/unit_practice: Interrupt (3 sessions) -> chest/chest: Chest 339 (1 sessions) -> unit_review/unit_review: Interrupt (1 sessions)","https://d1btvuu4dwu627.cloudfront.net/guidebook/compiled/es/en/iOS/1/f3577ff38dbf113c8fda9400693bede3def0811c0d2e6ad6885047cc7650047a2ba8778c024dc51cb4884466b47f8e112a19d7d55ad54bb9dabf1f6c1fe1b428/6.json"
"248","7","learning","B2","ask tactful questions","24","skill/regular: Disaster [crown 0] (6 sessions) -> story/read: Happy Camper (1 sessions) -> skill/regular: Disaster [crown 1] (6 sessions) -> story/listen: Lily the Interpreter (1 sessions) -> practice/practice: Disbelief + Surprise + Elementary + Speculate + Animals + Gossip + Big Trip + Lifestyle + New Home + Management + Doctors + Mechanic + Career + Reunion + Campaign + Climate + Admonish + New Parent + Folklore + Regrets + Higher Ed + Reminisce + Together + Colleagues + Paperwork + Emergency + Fix It Up (5 sessions) -> story/read: The Roommate Agreement (1 sessions) -> chest/chest: Chest 340 (1 sessions) -> practice/unit_practice: Disaster (3 sessions) -> unit_review/unit_review: Disaster (1 sessions)","https://d1btvuu4dwu627.cloudfront.net/guidebook/compiled/es/en/iOS/1/61184bc39e53d530b5a10e0eb7aa0441b017030f5cbcae2b61a4c2d13a57c0db9389ce68ebf3a8c11fba27a7db83bbfd3fbada35287bfa96999ac12868438b03/6.json"
"249","7","learning","B2","blame others","24","skill/regular: Siblings [crown 0] (6 sessions) -> story/read: Save the Crabs (1 sessions) -> skill/regular: Siblings [crown 1] (6 sessions) -> story/listen: Impressing Lily (1 sessions) -> chest/chest: Chest 341 (1 sessions) -> practice/practice: Surprise + Elementary + Speculate + Animals + Gossip + Big Trip + Lifestyle + New Home + Management + Doctors + Mechanic + Career + Reunion + Campaign + Climate + Admonish + New Parent + Folklore + Regrets + Higher Ed + Reminisce + Together + Colleagues + Paperwork + Emergency + Fix It Up + Bickering (5 sessions) -> story/read: Writing an Award-Winning Memoir (1 sessions) -> practice/unit_practice: Siblings (3 sessions) -> unit_review/unit_review: Siblings (1 sessions)","https://d1btvuu4dwu627.cloudfront.net/guidebook/compiled/es/en/iOS/1/d38275adfabd8beec53c93524816bb01f8e54605207ff8adb345e94f674b004b8cd925132c4ec6e9507335b95f580dee30b538e0561dd548072c0a853b651b4e/6.json"
"250","7","learning","B2","criticize someone, use the subjunctive","29","skill/regular: Criticism [crown 0] (6 sessions) -> story/read: Local Park Renovations (1 sessions) -> chest/chest: Chest 342 (1 sessions) -> skill/grammar: Subj 7 [crown 0] (5 sessions) -> skill/regular: Criticism [crown 1] (6 sessions) -> story/listen: Stolen Art (1 sessions) -> practice/practice: Elementary + Speculate + Animals + Gossip + Big Trip + Lifestyle + New Home + Management + Doctors + Mechanic + Career + Reunion + Campaign + Climate + Admonish + New Parent + Folklore + Regrets + Higher Ed + Reminisce + Together + Colleagues + Paperwork + Emergency + Fix It Up + Bickering + Telenovela (5 sessions) -> story/read: Neighborhood Threat (1 sessions) -> chest/chest: Chest 343 (1 sessions) -> practice/unit_practice: Criticism (3 sessions) -> unit_review/unit_review: Criticism + Subj 7 (1 sessions)","https://d1btvuu4dwu627.cloudfront.net/guidebook/compiled/es/en/iOS/1/6a1fd520a08d015f34c23d22ab70f675d77bcc8c2ec4b112ae79fe0157bee7b876d0e833c6ca1fb6d4054dde9451f42ad4e085bf83e3f75328af8e3840d43d6c/6.json"
"251","8","learning","B2","give reasons and justifications","24","skill/regular: Theme Park [crown 0] (6 sessions) -> story/read: Thanks for the Bike (1 sessions) -> skill/regular: Theme Park [crown 1] (6 sessions) -> story/listen: The Warranty (1 sessions) -> chest/chest: Chest 344 (1 sessions) -> practice/practice: Speculate + Animals + Gossip + Big Trip + Lifestyle + New Home + Management + Doctors + Mechanic + Career + Reunion + Campaign + Climate + Admonish + New Parent + Folklore + Regrets + Higher Ed + Reminisce + Together + Colleagues + Paperwork + Emergency + Fix It Up + Bickering + Telenovela + Changes (5 sessions) -> story/listen: Locked In (1 sessions) -> practice/unit_practice: Theme Park (3 sessions) -> unit_review/unit_review: Theme Park (1 sessions)","https://d1btvuu4dwu627.cloudfront.net/guidebook/compiled/es/en/iOS/1/5e2cb4701d45abc96a6744d43058b2b951fc2566c0c2d70edcd25f7abee31702b13a03fbe8f7d7ba3c23c574374f9913a0b2d3f3030a15020aba594d3305fa67/6.json"
"252","8","learning","B2","ask for things in a softened way","24","skill/regular: Projects [crown 0] (6 sessions) -> story/read: You Can't Rush Art (1 sessions) -> chest/chest: Chest 345 (1 sessions) -> skill/regular: Projects [crown 1] (6 sessions) -> story/listen: What Did I Miss? (1 sessions) -> practice/practice: Animals + Gossip + Big Trip + Lifestyle + New Home + Management + Doctors + Mechanic + Career + Reunion + Campaign + Climate + Admonish + New Parent + Folklore + Regrets + Higher Ed + Reminisce + Together + Colleagues + Paperwork + Emergency + Fix It Up + Bickering + Telenovela + Changes + Monotony (5 sessions) -> story/listen: Talent Show (1 sessions) -> practice/unit_practice: Projects (3 sessions) -> chest/chest: Chest 346 (1 sessions) -> unit_review/unit_review: Projects (1 sessions)","https://d1btvuu4dwu627.cloudfront.net/guidebook/compiled/es/en/iOS/1/086b199de1b85820ec7d5ecdf3be532e6e38a9dd1f9944526fe5188a8873246f4f1a14cbeaf79b56c9afba6e98943c9e1780bb2227d2f0e46a39caeb2436d687/6.json"
"253","8","learning","B2","negotiate while shopping","24","skill/regular: Negotiate [crown 0] (6 sessions) -> story/read: This Week's School Highlights (1 sessions) -> skill/regular: Negotiate [crown 1] (6 sessions) -> story/listen: A True Expert (1 sessions) -> practice/practice: Gossip + Big Trip + Lifestyle + New Home + Management + Doctors + Mechanic + Career + Reunion + Campaign + Climate + Admonish + New Parent + Folklore + Regrets + Higher Ed + Reminisce + Together + Colleagues + Paperwork + Emergency + Fix It Up + Bickering + Telenovela + Changes + Monotony + Really?! (5 sessions) -> story/listen: Remember Me? (1 sessions) -> chest/chest: Chest 347 (1 sessions) -> practice/unit_practice: Negotiate (3 sessions) -> unit_review/unit_review: Negotiate (1 sessions)","https://d1btvuu4dwu627.cloudfront.net/guidebook/compiled/es/en/iOS/1/5c85183aba5e7e7337604f42dd94ee5c754cc2107996cbc467ebaae3d8de8fb1f353f465334f2be2d2fa53b7634dfbd820d38da8ecdca89ac7e6399f23185b11/6.json"
"254","8","learning","B2","react to the news","24","skill/regular: Newscast [crown 0] (6 sessions) -> story/read: Junior's Birthday Party (1 sessions) -> skill/regular: Newscast [crown 1] (6 sessions) -> story/listen: Formal Attire (1 sessions) -> chest/chest: Chest 348 (1 sessions) -> practice/practice: Big Trip + Lifestyle + New Home + Management + Doctors + Mechanic + Career + Reunion + Campaign + Climate + Admonish + New Parent + Folklore + Regrets + Higher Ed + Reminisce + Together + Colleagues + Paperwork + Emergency + Fix It Up + Bickering + Telenovela + Changes + Monotony + Really?! + Bad Trip (5 sessions) -> story/listen: Oscar the Babysitter (1 sessions) -> practice/unit_practice: Newscast (3 sessions) -> unit_review/unit_review: Newscast (1 sessions)","https://d1btvuu4dwu627.cloudfront.net/guidebook/compiled/es/en/iOS/1/6d721ffb5595b9c7568bf7fd73d578ec69d26686fae768d11d5e190dc21418cf093c4af5303222a63c8c103b2d1dd4ad69de5f3bb0ba3943302171188abedf77/6.json"
"255","8","learning","B2","talk and reflect about past events, use the past subjunctive","29","skill/regular: Equality [crown 0] (6 sessions) -> story/read: Used Laptop for Sale (1 sessions) -> chest/chest: Chest 349 (1 sessions) -> skill/grammar: Subj 8 [crown 0] (5 sessions) -> skill/regular: Equality [crown 1] (6 sessions) -> story/listen: The Practice Date (1 sessions) -> practice/practice: Big Trip + Lifestyle + New Home + Management + Doctors + Mechanic + Career + Reunion + Campaign + Climate + Admonish + New Parent + Folklore + Regrets + Higher Ed + Reminisce + Together + Colleagues + Paperwork + Emergency + Fix It Up + Bickering + Telenovela + Changes + Monotony + Really?! + Bad Trip + Adapting (5 sessions) -> story/listen: Happy Camper (1 sessions) -> chest/chest: Chest 350 (1 sessions) -> practice/unit_practice: Equality (3 sessions) -> unit_review/unit_review: Equality + Subj 8 (1 sessions)","https://d1btvuu4dwu627.cloudfront.net/guidebook/compiled/es/en/iOS/1/8576eeb63ed1a2966e13de2fa5a8530213312182a6671cbf3f8088e21350d3e481de4f1128d2e9d2b3a2b62aff52b018710515586c883a0b30a67f2b0ee043c2/6.json"
"256","8","learning","B2","describe trends in art over time","22","skill/regular: Art [crown 0] (6 sessions) -> story/read: The Rival (1 sessions) -> skill/regular: Art [crown 1] (6 sessions) -> chest/chest: Chest 351 (1 sessions) -> practice/practice: Lifestyle + New Home + Management + Doctors + Mechanic + Career + Reunion + Campaign + Climate + Admonish + New Parent + Folklore + Regrets + Higher Ed + Reminisce + Together + Colleagues + Paperwork + Emergency + Fix It Up + Bickering + Telenovela + Changes + Monotony + Really?! + Bad Trip + Adapting + New Cook (5 sessions) -> practice/unit_practice: Art (3 sessions) -> unit_review/unit_review: Art (1 sessions)","https://d1btvuu4dwu627.cloudfront.net/guidebook/compiled/es/en/iOS/1/518411e1a359a4b3f75e6d69b5786a0c677a21846992c20dc43df3b52fbb2553e6959dab4d78d53b8c028520acfcbd9fa2af4833b9d94501bfc9163639ed076a/6.json"
"257","8","learning","B2","make comparisons at a sports event","24","skill/regular: Wrestling [crown 0] (6 sessions) -> story/read: The Vintage Jacket (1 sessions) -> chest/chest: Chest 352 (1 sessions) -> skill/regular: Wrestling [crown 1] (6 sessions) -> story/listen: Save the Crabs (1 sessions) -> practice/practice: New Home + Management + Doctors + Mechanic + Career + Reunion + Campaign + Climate + Admonish + New Parent + Folklore + Regrets + Higher Ed + Reminisce + Together + Colleagues + Paperwork + Emergency + Fix It Up + Bickering + Telenovela + Changes + Monotony + Really?! + Bad Trip + Adapting + New Cook + Growing Up (5 sessions) -> story/read: Karaoke Controversy (1 sessions) -> practice/unit_practice: Wrestling (3 sessions) -> chest/chest: Chest 353 (1 sessions) -> unit_review/unit_review: Wrestling (1 sessions)","https://d1btvuu4dwu627.cloudfront.net/guidebook/compiled/es/en/iOS/1/510f0de7005d2949340ed7f55681732af8ab57dd748c7369e2c180cdc7f4397c8ce45d6da9f62e11b9006516f7a06406d1a1bcabfe1d38193fc97d0d5c44064e/6.json"
"258","8","learning","B2","express disagreement","23","skill/regular: Soccer [crown 0] (6 sessions) -> story/read: Great Food, Bad Service (1 sessions) -> skill/regular: Soccer [crown 1] (6 sessions) -> practice/practice: Management + Doctors + Mechanic + Career + Reunion + Campaign + Climate + Admonish + New Parent + Folklore + Regrets + Higher Ed + Reminisce + Together + Colleagues + Paperwork + Emergency + Fix It Up + Bickering + Telenovela + Changes + Monotony + Really?! + Bad Trip + Adapting + New Cook + Growing Up + Caring (5 sessions) -> story/read: A Grown-up Birthday (1 sessions) -> chest/chest: Chest 354 (1 sessions) -> practice/unit_practice: Soccer (3 sessions) -> unit_review/unit_review: Soccer (1 sessions)","https://d1btvuu4dwu627.cloudfront.net/guidebook/compiled/es/en/iOS/1/f9cb778fc659f8b4648a3abddb83565838ebe94b436b5540e6a4c4e07d66408c4261ae5c3e69f4ed5466b308c871d8a0c09c22faaecfed888938ab55d983a1e5/6.json"
"259","8","learning","B2","use possessive pronouns","24","skill/regular: Arguing [crown 0] (6 sessions) -> story/read: Mastering Relaxation (1 sessions) -> skill/regular: Arguing [crown 1] (6 sessions) -> story/listen: Neighborhood Threat (1 sessions) -> chest/chest: Chest 355 (1 sessions) -> practice/practice: Doctors + Mechanic + Career + Reunion + Campaign + Climate + Admonish + New Parent + Folklore + Regrets + Higher Ed + Reminisce + Together + Colleagues + Paperwork + Emergency + Fix It Up + Bickering + Telenovela + Changes + Monotony + Really?! + Bad Trip + Adapting + New Cook + Growing Up + Caring + Break Up (5 sessions) -> story/read: The Great Blackout (1 sessions) -> practice/unit_practice: Arguing (3 sessions) -> unit_review/unit_review: Arguing (1 sessions)","https://d1btvuu4dwu627.cloudfront.net/guidebook/compiled/es/en/iOS/1/4a255a82d8314a849decf572bbbdfb4235376bc1e944484ea9d1fd8e6559770264a01257db033ae8313b6cd7420d7ba5febabc154c9862338376812606a5599b/6.json"
"260","8","learning","B2","express frustration","24","skill/regular: Annoyed [crown 0] (6 sessions) -> story/read: The Lonely Frog (1 sessions) -> chest/chest: Chest 356 (1 sessions) -> skill/regular: Annoyed [crown 1] (6 sessions) -> story/listen: You Can't Rush Art (1 sessions) -> practice/practice: Mechanic + Career + Reunion + Campaign + Climate + Admonish + New Parent + Folklore + Regrets + Higher Ed + Reminisce + Together + Colleagues + Paperwork + Emergency + Fix It Up + Bickering + Telenovela + Changes + Monotony + Really?! + Bad Trip + Adapting + New Cook + Growing Up + Caring + Break Up + Interrupt (5 sessions) -> story/read: Pretty Good Bakery (1 sessions) -> practice/unit_practice: Annoyed (3 sessions) -> chest/chest: Chest 357 (1 sessions) -> unit_review/unit_review: Annoyed (1 sessions)","https://d1btvuu4dwu627.cloudfront.net/guidebook/compiled/es/en/iOS/1/c043a0620721781daae6c97ad0bbef8a89723c634290124705a3611b04e305d412f4a8e98bb7f33e82cf41f0bc6c5d3cb8e24bbbf634f50ebc74e9a67e8f37b8/6.json"
"261","8","learning","B2","achieve consensus in a disagreement","24","skill/regular: Games [crown 0] (6 sessions) -> story/read: I'm Innocent (1 sessions) -> skill/regular: Games [crown 1] (6 sessions) -> story/listen: Junior's Birthday Party (1 sessions) -> practice/practice: Career + Reunion + Campaign + Climate + Admonish + New Parent + Folklore + Regrets + Higher Ed + Reminisce + Together + Colleagues + Paperwork + Emergency + Fix It Up + Bickering + Telenovela + Changes + Monotony + Really?! + Bad Trip + Adapting + New Cook + Growing Up + Caring + Break Up + Interrupt (5 sessions) -> story/read: Zari vs. Lily (1 sessions) -> chest/chest: Chest 358 (1 sessions) -> practice/unit_practice: Games (3 sessions) -> unit_review/unit_review: Games (1 sessions)","https://d1btvuu4dwu627.cloudfront.net/guidebook/compiled/es/en/iOS/1/b7d492418ece532bc4d45c3fa18a032df59d0b9ca71e65d898f948e3700cd53467b17facee1b5b2c91bd9031b92ca49858daac5d0d275a07d06a194aa72c06e6/6.json"
"262","8","learning","B2","make conclusions and deductions","24","skill/regular: Detective [crown 0] (6 sessions) -> story/read: The Playwright (1 sessions) -> skill/regular: Detective [crown 1] (6 sessions) -> story/listen: The Rival (1 sessions) -> chest/chest: Chest 359 (1 sessions) -> practice/practice: Career + Reunion + Campaign + Climate + Admonish + New Parent + Folklore + Regrets + Higher Ed + Reminisce + Together + Colleagues + Paperwork + Emergency + Fix It Up + Bickering + Telenovela + Changes + Monotony + Really?! + Bad Trip + Adapting + New Cook + Growing Up + Caring + Break Up + Interrupt + Disaster (5 sessions) -> story/read: The New Coach (1 sessions) -> practice/unit_practice: Detective (3 sessions) -> unit_review/unit_review: Detective (1 sessions)","https://d1btvuu4dwu627.cloudfront.net/guidebook/compiled/es/en/iOS/1/135604fe1f9b94819bea0b389bcb7d19eb58a0917c3d71129ce72cbb3d4e98e3ae5a87b9cced67a68ff42585c371477f1651df12e8588a5b3a330584957701b5/6.json"
"263","8","learning","B2","tell scary stories, use verbs with prepositions","29","skill/regular: Legends [crown 0] (6 sessions) -> story/read: Vikram's Sick Day (1 sessions) -> chest/chest: Chest 360 (1 sessions) -> skill/grammar: Verbs [crown 0] (5 sessions) -> skill/regular: Legends [crown 1] (6 sessions) -> story/listen: The Vintage Jacket (1 sessions) -> practice/practice: Reunion + Campaign + Climate + Admonish + New Parent + Folklore + Regrets + Higher Ed + Reminisce + Together + Colleagues + Paperwork + Emergency + Fix It Up + Bickering + Telenovela + Changes + Monotony + Really?! + Bad Trip + Adapting + New Cook + Growing Up + Caring + Break Up + Interrupt + Disaster + Siblings (5 sessions) -> story/read: Lin's Letter of Recommendation (1 sessions) -> chest/chest: Chest 361 (1 sessions) -> practice/unit_practice: Legends (3 sessions) -> unit_review/unit_review: Legends + Verbs (1 sessions)","https://d1btvuu4dwu627.cloudfront.net/guidebook/compiled/es/en/iOS/1/d0afbace186f0eb2791cb548445f219050669de92aef38160ed9ded1c28de4ba9d03f5b20f5f35f77616995e5abd2a002244783efb72372b4c262a0f40d44414/6.json"
"264","8","learning","B2","use the present subjunctive","23","skill/regular: Job Search [crown 0] (6 sessions) -> story/read: Super Qualified (1 sessions) -> skill/regular: Job Search [crown 1] (6 sessions) -> chest/chest: Chest 362 (1 sessions) -> practice/practice: Campaign + Climate + Admonish + New Parent + Folklore + Regrets + Higher Ed + Reminisce + Together + Colleagues + Paperwork + Emergency + Fix It Up + Bickering + Telenovela + Changes + Monotony + Really?! + Bad Trip + Adapting + New Cook + Growing Up + Caring + Break Up + Interrupt + Disaster + Siblings + Criticism (5 sessions) -> story/read: The New Oven (1 sessions) -> practice/unit_practice: Job Search (3 sessions) -> unit_review/unit_review: Job Search (1 sessions)","https://d1btvuu4dwu627.cloudfront.net/guidebook/compiled/es/en/iOS/1/5fa8393baf18967ce0958d6b5edf5549f4ab5260a93f649d3c760c00e47e2d7af74aa01ec53f80ab7a71d14706cd87a4082cba7f790f77987749d07ae14678b2/6.json"
"265","8","learning","B2","rearrange plans","24","skill/regular: Fam Event [crown 0] (6 sessions) -> story/read: Oscar's Winter Gathering Invitation (1 sessions) -> chest/chest: Chest 363 (1 sessions) -> skill/regular: Fam Event [crown 1] (6 sessions) -> story/listen: The Lonely Frog (1 sessions) -> practice/practice: Climate + Admonish + New Parent + Folklore + Regrets + Higher Ed + Reminisce + Together + Colleagues + Paperwork + Emergency + Fix It Up + Bickering + Telenovela + Changes + Monotony + Really?! + Bad Trip + Adapting + New Cook + Growing Up + Caring + Break Up + Interrupt + Disaster + Siblings + Criticism + Theme Park (5 sessions) -> story/read: The Time-Traveler (1 sessions) -> practice/unit_practice: Fam Event (3 sessions) -> chest/chest: Chest 364 (1 sessions) -> unit_review/unit_review: Fam Event (1 sessions)","https://d1btvuu4dwu627.cloudfront.net/guidebook/compiled/es/en/iOS/1/96e23d8a8e07804136c1bc3aef8f3d2350da9dc76053d038a6544f1629c50f229cf28db51d1bb725ced530ada92043f07c1f66eeae50e32f20c7723aaeb9cc8c/6.json"
"266","8","learning","B2","give tactful commands","23","skill/regular: Zombies [crown 0] (6 sessions) -> story/read: The Art Competition (1 sessions) -> skill/regular: Zombies [crown 1] (6 sessions) -> practice/practice: Admonish + New Parent + Folklore + Regrets + Higher Ed + Reminisce + Together + Colleagues + Paperwork + Emergency + Fix It Up + Bickering + Telenovela + Changes + Monotony + Really?! + Bad Trip + Adapting + New Cook + Growing Up + Caring + Break Up + Interrupt + Disaster + Siblings + Criticism + Theme Park + Projects (5 sessions) -> story/read: Lin Moves Out (1 sessions) -> chest/chest: Chest 365 (1 sessions) -> practice/unit_practice: Zombies (3 sessions) -> unit_review/unit_review: Zombies (1 sessions)","https://d1btvuu4dwu627.cloudfront.net/guidebook/compiled/es/en/iOS/1/8b60b506961d8fb384137c068f32a590d704592ed875211cb7fd32b39808feee178607d6ded8e1d4c91ccb4dab8fb59512c14b63eedc800de7ce2f7029937747/6.json"
"267","8","learning","B2","interact at a performance","24","skill/regular: Magic show [crown 0] (6 sessions) -> story/read: Eddy's Parenting Book (1 sessions) -> skill/regular: Magic show [crown 1] (6 sessions) -> story/listen: Zari vs. Lily (1 sessions) -> chest/chest: Chest 366 (1 sessions) -> practice/practice: New Parent + Folklore + Regrets + Higher Ed + Reminisce + Together + Colleagues + Paperwork + Emergency + Fix It Up + Bickering + Telenovela + Changes + Monotony + Really?! + Bad Trip + Adapting + New Cook + Growing Up + Caring + Break Up + Interrupt + Disaster + Siblings + Criticism + Theme Park + Projects + Negotiate (5 sessions) -> story/read: The Art of Persuasion (1 sessions) -> practice/unit_practice: Magic show (3 sessions) -> unit_review/unit_review: Magic show (1 sessions)","https://d1btvuu4dwu627.cloudfront.net/guidebook/compiled/es/en/iOS/1/6f64713699f11f04c6258cbdedcd13abdec9feefd4834853bdc0637a7b2545df32293ccbdc4f8b6558b17bbc4007dba40f942e738fd7b277652d3b700f4e0044/6.json"
"268","8","learning","B2","confirm information","24","skill/regular: Quince [crown 0] (6 sessions) -> story/read: I Know the Landlord (1 sessions) -> chest/chest: Chest 367 (1 sessions) -> skill/regular: Quince [crown 1] (6 sessions) -> story/listen: The Playwright (1 sessions) -> practice/practice: New Parent + Folklore + Regrets + Higher Ed + Reminisce + Together + Colleagues + Paperwork + Emergency + Fix It Up + Bickering + Telenovela + Changes + Monotony + Really?! + Bad Trip + Adapting + New Cook + Growing Up + Caring + Break Up + Interrupt + Disaster + Siblings + Criticism + Theme Park + Projects + Negotiate + Newscast (5 sessions) -> story/read: What's That Smell? (1 sessions) -> practice/unit_practice: Quince (3 sessions) -> chest/chest: Chest 368 (1 sessions) -> unit_review/unit_review: Quince (1 sessions)","https://d1btvuu4dwu627.cloudfront.net/guidebook/compiled/es/en/iOS/1/e84320a152458d71c3b80231f78c0f767a6a052948c1857bd41b7759075689826278cbc6f2fcb4c1b3c5e5d82d858f788da9f7058cc293c2b0926ee58c6237aa/6.json"
"269","8","learning","B2","express and respond to wishes","24","skill/regular: New Life [crown 0] (6 sessions) -> story/read: Year in Review (1 sessions) -> skill/regular: New Life [crown 1] (6 sessions) -> story/listen: Vikram's Sick Day (1 sessions) -> practice/practice: Folklore + Regrets + Higher Ed + Reminisce + Together + Colleagues + Paperwork + Emergency + Fix It Up + Bickering + Telenovela + Changes + Monotony + Really?! + Bad Trip + Adapting + New Cook + Growing Up + Caring + Break Up + Interrupt + Disaster + Siblings + Criticism + Theme Park + Projects + Negotiate + Newscast + Equality (5 sessions) -> story/listen: Super Qualified (1 sessions) -> chest/chest: Chest 369 (1 sessions) -> practice/unit_practice: New Life (3 sessions) -> unit_review/unit_review: New Life (1 sessions)","https://d1btvuu4dwu627.cloudfront.net/guidebook/compiled/es/en/iOS/1/404124be6fbb567792a1056f3356e8b53672e1150ce5ac4c124532b546e0465417ce61bf94426786f716b613d991d56fb5cca3ec19c9e214323aaf1dc4b570b4/6.json"
"270","8","learning","B2","talk about past plans","23","skill/regular: Pets [crown 0] (6 sessions) -> story/read: Cousin Lou (1 sessions) -> skill/regular: Pets [crown 1] (6 sessions) -> story/listen: The New Oven (1 sessions) -> chest/chest: Chest 370 (1 sessions) -> practice/practice: Regrets + Higher Ed + Reminisce + Together + Colleagues + Paperwork + Emergency + Fix It Up + Bickering + Telenovela + Changes + Monotony + Really?! + Bad Trip + Adapting + New Cook + Growing Up + Caring + Break Up + Interrupt + Disaster + Siblings + Criticism + Theme Park + Projects + Negotiate + Newscast + Equality + Art (5 sessions) -> practice/unit_practice: Pets (3 sessions) -> unit_review/unit_review: Pets (1 sessions)","https://d1btvuu4dwu627.cloudfront.net/guidebook/compiled/es/en/iOS/1/88d09c1feb2e8f6a70916bbd5bdce2bd6c16e878176492fc287330a8e82798e8a04db72c2e6af284de0f12bac641001132762638197a590e478fcbb671285b69/6.json"
"271","8","learning","B2","use the future tense","22","skill/regular: The Future [crown 0] (6 sessions) -> story/read: Art Camp (1 sessions) -> chest/chest: Chest 371 (1 sessions) -> skill/regular: The Future [crown 1] (6 sessions) -> practice/practice: Higher Ed + Reminisce + Together + Colleagues + Paperwork + Emergency + Fix It Up + Bickering + Telenovela + Changes + Monotony + Really?! + Bad Trip + Adapting + New Cook + Growing Up + Caring + Break Up + Interrupt + Disaster + Siblings + Criticism + Theme Park + Projects + Negotiate + Newscast + Equality + Art + Wrestling (5 sessions) -> practice/unit_practice: The Future (3 sessions) -> chest/chest: Chest 372 (1 sessions) -> unit_review/unit_review: The Future (1 sessions)","https://d1btvuu4dwu627.cloudfront.net/guidebook/compiled/es/en/iOS/1/eb6f1337b29f6c3384e7192a552187a9b6e4be3d78b64f2592b300625ee9c9dc86cadc88fb660381a26dc238fa541384b8368b8d48e712e731e14db332133fd3/6.json"
"272","8","learning","B2","navigate transactions","23","skill/regular: Technology [crown 0] (6 sessions) -> story/read: Cat Sitting (1 sessions) -> skill/regular: Technology [crown 1] (6 sessions) -> story/listen: The Time-Traveler (1 sessions) -> practice/practice: Reminisce + Together + Colleagues + Paperwork + Emergency + Fix It Up + Bickering + Telenovela + Changes + Monotony + Really?! + Bad Trip + Adapting + New Cook + Growing Up + Caring + Break Up + Interrupt + Disaster + Siblings + Criticism + Theme Park + Projects + Negotiate + Newscast + Equality + Art + Wrestling + Soccer (5 sessions) -> chest/chest: Chest 373 (1 sessions) -> practice/unit_practice: Technology (3 sessions) -> unit_review/unit_review: Technology (1 sessions)","https://d1btvuu4dwu627.cloudfront.net/guidebook/compiled/es/en/iOS/1/0988c757acdc106021e881e7d67c1b407d060b50a282386b40e88f4f48e2d43ca3e36afa20b9273e93f22b5d760e1c5ea1f66052525d053181b87c6b83b64dfb/6.json"
"273","8","learning","B2","express lack of preference, use pronouns attached to verbs","28","skill/regular: Assignment [crown 0] (6 sessions) -> story/read: The Fancy Hotel (1 sessions) -> skill/grammar: Pronouns 3 [crown 0] (5 sessions) -> chest/chest: Chest 374 (1 sessions) -> skill/regular: Assignment [crown 1] (6 sessions) -> story/listen: The Art Competition (1 sessions) -> practice/practice: Together + Colleagues + Paperwork + Emergency + Fix It Up + Bickering + Telenovela + Changes + Monotony + Really?! + Bad Trip + Adapting + New Cook + Growing Up + Caring + Break Up + Interrupt + Disaster + Siblings + Criticism + Theme Park + Projects + Negotiate + Newscast + Equality + Art + Wrestling + Soccer + Arguing (5 sessions) -> practice/unit_practice: Assignment (3 sessions) -> chest/chest: Chest 375 (1 sessions) -> unit_review/unit_review: Assignment + Pronouns 3 (1 sessions)","https://d1btvuu4dwu627.cloudfront.net/guidebook/compiled/es/en/iOS/1/58c11d5939f5f142023ce11b28ed9e5723e68c86a280f81c860ebf27011e025d4ffbd5ba6e74ccf1b4176a30de8efb3df63edd5ca775f25df22ead562ee6085a/6.json"
"274","8","learning","B2","respond to a command or request","23","skill/regular: Gym [crown 0] (6 sessions) -> story/read: Romantic Getaway (1 sessions) -> skill/regular: Gym [crown 1] (6 sessions) -> story/listen: Lin Moves Out (1 sessions) -> practice/practice: Colleagues + Paperwork + Emergency + Fix It Up + Bickering + Telenovela + Changes + Monotony + Really?! + Bad Trip + Adapting + New Cook + Growing Up + Caring + Break Up + Interrupt + Disaster + Siblings + Criticism + Theme Park + Projects + Negotiate + Newscast + Equality + Art + Wrestling + Soccer + Arguing + Annoyed (5 sessions) -> chest/chest: Chest 376 (1 sessions) -> practice/unit_practice: Gym (3 sessions) -> unit_review/unit_review: Gym (1 sessions)","https://d1btvuu4dwu627.cloudfront.net/guidebook/compiled/es/en/iOS/1/9aeb8f4366bb11a4df2cc10e5b0673af3cbb8072fe78eb012e95a687f74a92c3e688ddf270193914dbf088b0a0d1f1489f8cfb82ea4a359c5d90e907be654312/6.json"
"275","8","learning","B2","reject a proposal or invitation","24","skill/regular: A date [crown 0] (6 sessions) -> story/read: The Rejection Business (1 sessions) -> skill/regular: A date [crown 1] (6 sessions) -> story/listen: Eddy's Parenting Book (1 sessions) -> chest/chest: Chest 377 (1 sessions) -> practice/practice: Colleagues + Paperwork + Emergency + Fix It Up + Bickering + Telenovela + Changes + Monotony + Really?! + Bad Trip + Adapting + New Cook + Growing Up + Caring + Break Up + Interrupt + Disaster + Siblings + Criticism + Theme Park + Projects + Negotiate + Newscast + Equality + Art + Wrestling + Soccer + Arguing + Annoyed + Games (5 sessions) -> story/read: The Coolest Bakery (1 sessions) -> practice/unit_practice: A date (3 sessions) -> unit_review/unit_review: A date (1 sessions)","https://d1btvuu4dwu627.cloudfront.net/guidebook/compiled/es/en/iOS/1/f2f703f3e453041c3d4a6cef4fc9b770a58d0b976fc9605ef06d9c5833d76eadfd37e09bfad1a8cf7dfce77a47106eac2164bcc4494864c20336130a8b7a7b5a/6.json"
"276","8","learning","B2","express travel needs","24","skill/regular: Getaway [crown 0] (6 sessions) -> story/read: Holiday Request (1 sessions) -> chest/chest: Chest 378 (1 sessions) -> skill/regular: Getaway [crown 1] (6 sessions) -> story/listen: I Know the Landlord (1 sessions) -> practice/practice: Paperwork + Emergency + Fix It Up + Bickering + Telenovela + Changes + Monotony + Really?! + Bad Trip + Adapting + New Cook + Growing Up + Caring + Break Up + Interrupt + Disaster + Siblings + Criticism + Theme Park + Projects + Negotiate + Newscast + Equality + Art + Wrestling + Soccer + Arguing + Annoyed + Games + Detective (5 sessions) -> story/read: Updated Bakery Policies (1 sessions) -> practice/unit_practice: Getaway (3 sessions) -> chest/chest: Chest 379 (1 sessions) -> unit_review/unit_review: Getaway (1 sessions)","https://d1btvuu4dwu627.cloudfront.net/guidebook/compiled/es/en/iOS/1/b01784bba6900e01b762f0cb02b8dd96c599f975d12183cd20248e329ce357207b69b050532e4ff4e47b67087a01d1428fc374b5678737df2b2cb8264e941581/6.json"
"277","8","learning","B2","discuss politics","24","skill/regular: Politics 2 [crown 0] (6 sessions) -> story/read: A Big Commitment (1 sessions) -> skill/regular: Politics 2 [crown 1] (6 sessions) -> story/listen: What's That Smell? (1 sessions) -> practice/practice: Emergency + Fix It Up + Bickering + Telenovela + Changes + Monotony + Really?! + Bad Trip + Adapting + New Cook + Growing Up + Caring + Break Up + Interrupt + Disaster + Siblings + Criticism + Theme Park + Projects + Negotiate + Newscast + Equality + Art + Wrestling + Soccer + Arguing + Annoyed + Games + Detective + Legends (5 sessions) -> story/read: The Matchmaker (1 sessions) -> chest/chest: Chest 380 (1 sessions) -> practice/unit_practice: Politics 2 (3 sessions) -> unit_review/unit_review: Politics 2 (1 sessions)","https://d1btvuu4dwu627.cloudfront.net/guidebook/compiled/es/en/iOS/1/332db5bd7a01349b78c194f1ae67e8b254f4b00d2c8e1ef7ab0c4b528a5ada9fdbf460a0ac184e6ece7f33008cead4c25257d95fc4b2ff88e79afc3332ccd76e/6.json"
"278","8","learning","B2","talk about the past","24","skill/regular: Mischief [crown 0] (6 sessions) -> story/read: Lin's Chores (1 sessions) -> skill/regular: Mischief [crown 1] (6 sessions) -> story/listen: Cousin Lou (1 sessions) -> chest/chest: Chest 381 (1 sessions) -> practice/practice: Fix It Up + Bickering + Telenovela + Changes + Monotony + Really?! + Bad Trip + Adapting + New Cook + Growing Up + Caring + Break Up + Interrupt + Disaster + Siblings + Criticism + Theme Park + Projects + Negotiate + Newscast + Equality + Art + Wrestling + Soccer + Arguing + Annoyed + Games + Detective + Legends + Job Search (5 sessions) -> story/read: The Rival Coach (1 sessions) -> practice/unit_practice: Mischief (3 sessions) -> unit_review/unit_review: Mischief (1 sessions)","https://d1btvuu4dwu627.cloudfront.net/guidebook/compiled/es/en/iOS/1/ca5bd7dd4847cc21d545e9801c84d0f4294ca4a112c92c1f9cb4fe292813bc9c3d1b405caf70d416c678a9b4982d17d358c16998eb6c3b2526db4de3fbd3abd1/6.json"
"279","8","learning","B2","express limitations or caveats","24","skill/regular: Auto [crown 0] (6 sessions) -> story/read: Nobody's Perfect (1 sessions) -> chest/chest: Chest 382 (1 sessions) -> skill/regular: Auto [crown 1] (6 sessions) -> story/listen: Art Camp (1 sessions) -> practice/practice: Bickering + Telenovela + Changes + Monotony + Really?! + Bad Trip + Adapting + New Cook + Growing Up + Caring + Break Up + Interrupt + Disaster + Siblings + Criticism + Theme Park + Projects + Negotiate + Newscast + Equality + Art + Wrestling + Soccer + Arguing + Annoyed + Games + Detective + Legends + Job Search + Fam Event (5 sessions) -> story/read: The Art Department (1 sessions) -> practice/unit_practice: Auto (3 sessions) -> chest/chest: Chest 383 (1 sessions) -> unit_review/unit_review: Auto (1 sessions)","https://d1btvuu4dwu627.cloudfront.net/guidebook/compiled/es/en/iOS/1/2e4d4e8fb3e5253db621de46355d0b97c8c9d796d7cbe22ec6a57cdf615d88593651f1aef77b819fb738eb23f858e4774468ca1542b1762e4d2c7318982d683d/6.json"
"280","8","learning","B2","communicate precisely","24","skill/regular: Newspaper [crown 0] (6 sessions) -> story/read: Best of the City (1 sessions) -> skill/regular: Newspaper [crown 1] (6 sessions) -> story/listen: Cat Sitting (1 sessions) -> practice/practice: Telenovela + Changes + Monotony + Really?! + Bad Trip + Adapting + New Cook + Growing Up + Caring + Break Up + Interrupt + Disaster + Siblings + Criticism + Theme Park + Projects + Negotiate + Newscast + Equality + Art + Wrestling + Soccer + Arguing + Annoyed + Games + Detective + Legends + Job Search + Fam Event + Zombies (5 sessions) -> story/read: New Walking Tour! (1 sessions) -> chest/chest: Chest 384 (1 sessions) -> practice/unit_practice: Newspaper (3 sessions) -> unit_review/unit_review: Newspaper (1 sessions)","https://d1btvuu4dwu627.cloudfront.net/guidebook/compiled/es/en/iOS/1/15c5c5d2ce840405439ac47007d2ff99bbdae68ff21520e3f7d8daa88fbd6865ab01cd46ec5c017735cccee44548380d5434621d3f54cd19ffa05d4084d788df/6.json"
"281","8","learning","B2","talk about sporting events, use comparative expressions","29","skill/regular: Olympics [crown 0] (6 sessions) -> story/read: Dear Concerned Parents (1 sessions) -> skill/grammar: Modifiers [crown 0] (5 sessions) -> chest/chest: Chest 385 (1 sessions) -> skill/regular: Olympics [crown 1] (6 sessions) -> story/listen: The Fancy Hotel (1 sessions) -> practice/practice: Changes + Monotony + Really?! + Bad Trip + Adapting + New Cook + Growing Up + Caring + Break Up + Interrupt + Disaster + Siblings + Criticism + Theme Park + Projects + Negotiate + Newscast + Equality + Art + Wrestling + Soccer + Arguing + Annoyed + Games + Detective + Legends + Job Search + Fam Event + Zombies (5 sessions) -> story/read: The Weekend Manager (1 sessions) -> practice/unit_practice: Olympics (3 sessions) -> chest/chest: Chest 386 (1 sessions) -> unit_review/unit_review: Olympics + Modifiers (1 sessions)","https://d1btvuu4dwu627.cloudfront.net/guidebook/compiled/es/en/iOS/1/e33df8a3331fd341f0185574048f0f480fe0d0e8cecc2b4b49064ba48c47270d38ae14f2143371af38a88fc3a6f2c52c2bac4c5485d419574c4f5fc699a9bf8c/6.json"
"282","8","learning","B2","use the conditional","24","skill/regular: First Date [crown 0] (6 sessions) -> story/read: The Eclipse (1 sessions) -> skill/regular: First Date [crown 1] (6 sessions) -> story/listen: The Coolest Bakery (1 sessions) -> practice/practice: Changes + Monotony + Really?! + Bad Trip + Adapting + New Cook + Growing Up + Caring + Break Up + Interrupt + Disaster + Siblings + Criticism + Theme Park + Projects + Negotiate + Newscast + Equality + Art + Wrestling + Soccer + Arguing + Annoyed + Games + Detective + Legends + Job Search + Fam Event + Zombies + Magic show (5 sessions) -> story/read: Lin's Guide to Free Food (1 sessions) -> chest/chest: Chest 387 (1 sessions) -> practice/unit_practice: First Date (3 sessions) -> unit_review/unit_review: First Date (1 sessions)","https://d1btvuu4dwu627.cloudfront.net/guidebook/compiled/es/en/iOS/1/2bcc4c38484cbd71997f614f66da54a2fe543c87ce3cae43792eb9cb2306e013fe5e46cbece39812101c4845cf6be712b9c80c0378e73e327615e286944281bd/6.json"
"283","8","learning","B2","prompt someone to speak and react","24","skill/regular: Convention [crown 0] (6 sessions) -> story/read: The Auction (1 sessions) -> skill/regular: Convention [crown 1] (6 sessions) -> story/listen: The Matchmaker (1 sessions) -> chest/chest: Chest 388 (1 sessions) -> practice/practice: Monotony + Really?! + Bad Trip + Adapting + New Cook + Growing Up + Caring + Break Up + Interrupt + Disaster + Siblings + Criticism + Theme Park + Projects + Negotiate + Newscast + Equality + Art + Wrestling + Soccer + Arguing + Annoyed + Games + Detective + Legends + Job Search + Fam Event + Zombies + Magic show + Quince (5 sessions) -> story/read: Positive Thinking (1 sessions) -> practice/unit_practice: Convention (3 sessions) -> unit_review/unit_review: Convention (1 sessions)","https://d1btvuu4dwu627.cloudfront.net/guidebook/compiled/es/en/iOS/1/a4991414b372d0bc53d9217a51ee6919a346f2cfbfd6fc3518723e4f7bba23925199a0275d755bea67dca19c70df3b8c30203d6ba26234e457782644a7eeedda/6.json"
"284","8","learning","B2","reminisce about childhood","24","skill/regular: Old Friend [crown 0] (6 sessions) -> story/read: The Ski Trip (1 sessions) -> chest/chest: Chest 389 (1 sessions) -> skill/regular: Old Friend [crown 1] (6 sessions) -> story/listen: The Rival Coach (1 sessions) -> practice/practice: Really?! + Bad Trip + Adapting + New Cook + Growing Up + Caring + Break Up + Interrupt + Disaster + Siblings + Criticism + Theme Park + Projects + Negotiate + Newscast + Equality + Art + Wrestling + Soccer + Arguing + Annoyed + Games + Detective + Legends + Job Search + Fam Event + Zombies + Magic show + Quince + New Life (5 sessions) -> story/read: Lin the Lawyer (1 sessions) -> practice/unit_practice: Old Friend (3 sessions) -> chest/chest: Chest 390 (1 sessions) -> unit_review/unit_review: Old Friend (1 sessions)","https://d1btvuu4dwu627.cloudfront.net/guidebook/compiled/es/en/iOS/1/f892a9d58bf7133b086c03532b1cd926b18b33de29f0c6c519f7f01821958e66a7a056338d2079e8d73dbffb59b068a8a0fd2301942515a6e0ac1977f1dc344a/6.json"
"285","8","learning","B2","explain a complicated situation","24","skill/regular: Mishap [crown 0] (6 sessions) -> story/read: Opera Frog (1 sessions) -> skill/regular: Mishap [crown 1] (6 sessions) -> story/listen: Nobody's Perfect (1 sessions) -> practice/practice: Bad Trip + Adapting + New Cook + Growing Up + Caring + Break Up + Interrupt + Disaster + Siblings + Criticism + Theme Park + Projects + Negotiate + Newscast + Equality + Art + Wrestling + Soccer + Arguing + Annoyed + Games + Detective + Legends + Job Search + Fam Event + Zombies + Magic show + Quince + New Life + Pets (5 sessions) -> story/read: The Secret Buyer (1 sessions) -> chest/chest: Chest 391 (1 sessions) -> practice/unit_practice: Mishap (3 sessions) -> unit_review/unit_review: Mishap (1 sessions)","https://d1btvuu4dwu627.cloudfront.net/guidebook/compiled/es/en/iOS/1/d6b36426b0becb0fd4b8c54fcc8e66337d9dfb9102092f798cc9cc08c25ae65c2550d62df7b0e99567c66699865cbfa5c59a5365079beaf449d880b8f7da7e4d/6.json"
"286","8","learning","B2","organize and connect information","24","skill/regular: Learning [crown 0] (6 sessions) -> story/read: My Ex's Wedding (1 sessions) -> skill/regular: Learning [crown 1] (6 sessions) -> story/listen: The Art Department (1 sessions) -> chest/chest: Chest 392 (1 sessions) -> practice/practice: Adapting + New Cook + Growing Up + Caring + Break Up + Interrupt + Disaster + Siblings + Criticism + Theme Park + Projects + Negotiate + Newscast + Equality + Art + Wrestling + Soccer + Arguing + Annoyed + Games + Detective + Legends + Job Search + Fam Event + Zombies + Magic show + Quince + New Life + Pets + The Future (5 sessions) -> story/read: Second Place (1 sessions) -> practice/unit_practice: Learning (3 sessions) -> unit_review/unit_review: Learning (1 sessions)","https://d1btvuu4dwu627.cloudfront.net/guidebook/compiled/es/en/iOS/1/11a4de851bd89b5f534e1a11a2755a3195dfb37a0188becc82cd4b2e7e1e6b765fe9269da02c129a2028c5b1b8c7c91c60500e079bb1c0f7fab1906b4ca6b01c/6.json"
"287","9","daily_refresh","B2","","6","practice/practice: Art Talk + Let's Go! + Fix It! + Adventures + Gossip + Climate + Emergency + Growing Up + Newscast + Job Search + Gym (1 sessions) -> story/read: Eddy's Big Debut (1 sessions) -> practice/practice: Hard Work + Blind Date + Buy Now! + Elementary + Career + Together + Bad Trip + Theme Park + Games + The Future + Olympics (1 sessions) -> story/listen: My Money, My Rules (1 sessions) -> practice/practice: Clothing 2 + Travelers + Bad Day + Decor + Jobs + Big Trip + Admonish + Fix It Up + Caring + Equality + Fam Event (1 sessions) -> unit_review/unit_review: Art Talk + Let's Go! + Fix It! + Adventures + Gossip + Climate + Emergency + Growing Up + Newscast + Job Search + Gym (1 sessions)",""
