"session","chapter","class_id","phase","planned_tasks_without_dynamic_review","exercise_types"
"1","1","c1l1","discover","9","{""choice"":6,""type"":2,""order"":1}"
"2","1","c1l1","discover","9","{""choice"":6,""order"":2,""type"":1}"
"3","1","c1l1","guided","12","{""type"":6,""order"":6}"
"4","1","c1l5","discover","9","{""choice"":6,""match"":3}"
"5","1","c1l5","discover","9","{""choice"":6,""match"":3}"
"6","1","c1l5","guided","12","{""match"":6,""type"":6}"
"7","1","c1l1","recall","6","{""type"":6}"
"8","1","c1-lex-people-and-possession","discover","9","{""choice"":6,""type"":3}"
"9","1","c1-lex-people-and-possession","discover","9","{""choice"":6,""type"":3}"
"10","1","c1-lex-people-and-possession","discover","9","{""choice"":6,""type"":3}"
"11","1","c1-lex-people-and-possession","discover","9","{""choice"":6,""type"":3}"
"12","1","c1-lex-people-and-possession","discover","9","{""choice"":6,""type"":3}"
"13","1","c1-lex-people-and-possession","guided","12","{""type"":12}"
"14","1","c1-lex-people-and-possession","guided","12","{""type"":12}"
"15","1","c1-lex-people-and-possession","guided","6","{""type"":6}"
"16","1","c1l5","recall","6","{""type"":6}"
"17","1","c1l1","apply","7","{""order"":2,""type"":5}"
"18","1","c1l2","discover","9","{""choice"":3,""order"":3,""cloze"":3}"
"19","1","c1l2","discover","9","{""choice"":3,""order"":3,""cloze"":3}"
"20","1","c1l2","guided","12","{""cloze"":6,""order"":6}"
"21","1","c1-lex-people-and-possession","recall","6","{""type"":6}"
"22","1","c1-lex-people-and-possession","recall","6","{""type"":6}"
"23","1","c1-lex-people-and-possession","recall","3","{""type"":3}"
"24","1","c1l5","apply","6","{""type"":6}"
"25","1","c1l5","apply","4","{""order"":2,""type"":2}"
"26","1","c1-lex-your-first-places","discover","9","{""choice"":6,""type"":3}"
"27","1","c1-lex-your-first-places","discover","9","{""choice"":6,""type"":3}"
"28","1","c1-lex-your-first-places","discover","9","{""choice"":6,""type"":3}"
"29","1","c1-lex-your-first-places","guided","12","{""type"":12}"
"30","1","c1-lex-your-first-places","guided","6","{""type"":6}"
"31","1","c1l2","recall","6","{""type"":6}"
"32","1","c1-lex-people-and-possession","apply","7","{""order"":2,""type"":3,""cloze"":2}"
"33","1","c1-negative-being","discover","9","{""choice"":3,""order"":3,""cloze"":3}"
"34","1","c1-negative-being","discover","9","{""choice"":3,""order"":3,""cloze"":3}"
"35","1","c1-negative-being","guided","12","{""cloze"":6,""order"":6}"
"36","1","c1-lex-your-first-places","recall","6","{""type"":6}"
"37","1","c1-lex-your-first-places","recall","3","{""type"":3}"
"38","1","c1l2","apply","7","{""cloze"":7}"
"39","1","c1-possession","discover","9","{""choice"":3,""order"":3,""cloze"":3}"
"40","1","c1-possession","discover","9","{""choice"":3,""order"":3,""cloze"":3}"
"41","1","c1-possession","guided","12","{""cloze"":6,""order"":6}"
"42","1","c1-negative-being","recall","6","{""type"":6}"
"43","1","c1-lex-your-first-places","apply","7","{""order"":2,""type"":3,""cloze"":2}"
"44","1","c1l3","discover","9","{""choice"":3,""order"":3,""cloze"":3}"
"45","1","c1l3","discover","9","{""choice"":3,""order"":3,""cloze"":3}"
"46","1","c1l3","guided","12","{""cloze"":6,""order"":6}"
"47","1","c1-possession","recall","6","{""type"":6}"
"48","1","c1-negative-being","apply","7","{""cloze"":7}"
"49","1","c1-origin-endings","discover","9","{""choice"":4,""order"":2,""cloze"":2,""match"":1}"
"50","1","c1-origin-endings","discover","9","{""choice"":5,""order"":1,""match"":2,""cloze"":1}"
"51","1","c1-origin-endings","discover","9","{""choice"":4,""order"":2,""cloze"":2,""match"":1}"
"52","1","c1-origin-endings","discover","3","{""choice"":2,""match"":1}"
"53","1","c1-origin-endings","guided","12","{""cloze"":3,""match"":3,""order"":3,""type"":3}"
"54","1","c1-origin-endings","guided","8","{""cloze"":2,""match"":2,""order"":2,""type"":2}"
"55","1","c1l3","recall","6","{""type"":6}"
"56","1","c1-possession","apply","7","{""cloze"":7}"
"57","1","c1l4","discover","9","{""choice"":3,""order"":3,""cloze"":3}"
"58","1","c1l4","discover","3","{""choice"":1,""order"":2}"
"59","1","c1l4","guided","8","{""cloze"":3,""order"":5}"
"60","1","c1-origin-endings","recall","6","{""type"":6}"
"61","1","c1-origin-endings","recall","4","{""type"":4}"
"62","1","c1l3","apply","7","{""cloze"":7}"
"63","1","c1l6","discover","9","{""choice"":6,""type"":3}"
"64","1","c1l6","discover","9","{""choice"":6,""type"":3}"
"65","1","c1l6","discover","9","{""choice"":6,""type"":3}"
"66","1","c1l6","discover","3","{""choice"":2,""type"":1}"
"67","1","c1l6","guided","12","{""type"":12}"
"68","1","c1l6","guided","8","{""type"":8}"
"69","1","c1l4","recall","4","{""type"":4}"
"70","1","c1-origin-endings","apply","7","{""cloze"":5,""type"":2}"
"71","1","c1-lex-ask-and-understand","discover","9","{""choice"":6,""type"":3}"
"72","1","c1-lex-ask-and-understand","discover","9","{""choice"":6,""type"":2,""order"":1}"
"73","1","c1-lex-ask-and-understand","discover","9","{""choice"":6,""type"":3}"
"74","1","c1-lex-ask-and-understand","discover","9","{""choice"":6,""type"":3}"
"75","1","c1-lex-ask-and-understand","discover","9","{""choice"":6,""type"":3}"
"76","1","c1-lex-ask-and-understand","discover","6","{""choice"":4,""type"":2}"
"77","1","c1-lex-ask-and-understand","guided","12","{""type"":10,""order"":2}"
"78","1","c1-lex-ask-and-understand","guided","12","{""type"":12}"
"79","1","c1-lex-ask-and-understand","guided","10","{""type"":10}"
"80","1","c1l6","recall","6","{""type"":6}"
"81","1","c1l6","recall","4","{""type"":4}"
"82","1","c1l4","apply","7","{""cloze"":6,""type"":1}"
"83","1","c1-lex-people-and-personal-details","discover","9","{""choice"":6,""type"":3}"
"84","1","c1-lex-people-and-personal-details","discover","9","{""choice"":6,""type"":3}"
"85","1","c1-lex-people-and-personal-details","discover","9","{""choice"":6,""type"":3}"
"86","1","c1-lex-people-and-personal-details","discover","9","{""choice"":6,""type"":3}"
"87","1","c1-lex-people-and-personal-details","discover","3","{""choice"":2,""order"":1}"
"88","1","c1-lex-people-and-personal-details","guided","12","{""type"":12}"
"89","1","c1-lex-people-and-personal-details","guided","12","{""type"":12}"
"90","1","c1-lex-people-and-personal-details","guided","2","{""order"":2}"
"91","1","c1-lex-ask-and-understand","recall","6","{""type"":6}"
"92","1","c1-lex-ask-and-understand","recall","6","{""type"":6}"
"93","1","c1-lex-ask-and-understand","recall","5","{""type"":5}"
"94","1","c1l6","apply","7","{""order"":2,""type"":5}"
"95","1","c1-lex-useful-first-replies","discover","9","{""choice"":6,""order"":1,""type"":2}"
"96","1","c1-lex-useful-first-replies","discover","9","{""choice"":6,""order"":1,""type"":2}"
"97","1","c1-lex-useful-first-replies","discover","9","{""choice"":6,""order"":2,""type"":1}"
"98","1","c1-lex-useful-first-replies","discover","9","{""choice"":6,""order"":1,""type"":2}"
"99","1","c1-lex-useful-first-replies","discover","9","{""choice"":6,""type"":2,""order"":1}"
"100","1","c1-lex-useful-first-replies","discover","9","{""choice"":6,""order"":2,""type"":1}"
"101","1","c1-lex-useful-first-replies","discover","3","{""choice"":2,""order"":1}"
"102","1","c1-lex-useful-first-replies","guided","12","{""type"":8,""order"":4}"
"103","1","c1-lex-useful-first-replies","guided","12","{""order"":6,""type"":6}"
"104","1","c1-lex-useful-first-replies","guided","12","{""type"":6,""order"":6}"
"105","1","c1-lex-useful-first-replies","guided","2","{""order"":2}"
"106","1","c1-lex-people-and-personal-details","recall","6","{""type"":6}"
"107","1","c1-lex-people-and-personal-details","recall","6","{""type"":6}"
"108","1","c1-lex-people-and-personal-details","recall","1","{""type"":1}"
"109","1","c1-lex-ask-and-understand","apply","7","{""order"":2,""type"":4,""cloze"":1}"
"110","1","c1-present-people","discover","9","{""choice"":3,""order"":3,""cloze"":3}"
"111","1","c1-present-people","discover","9","{""choice"":3,""order"":3,""cloze"":3}"
"112","1","c1-present-people","guided","12","{""cloze"":6,""order"":6}"
"113","1","c1-lex-useful-first-replies","recall","6","{""type"":6}"
"114","1","c1-lex-useful-first-replies","recall","6","{""type"":6}"
"115","1","c1-lex-useful-first-replies","recall","6","{""type"":6}"
"116","1","c1-lex-useful-first-replies","recall","1","{""type"":1}"
"117","1","c1-lex-people-and-personal-details","apply","7","{""order"":2,""type"":3,""cloze"":2}"
"118","1","c1l7","discover","9","{""choice"":3,""order"":6}"
"119","1","c1l7","discover","6","{""choice"":2,""order"":4}"
"120","1","c1l7","guided","10","{""order"":10}"
"121","1","c1-present-people","recall","6","{""type"":6}"
"122","1","c1-lex-useful-first-replies","apply","7","{""order"":2,""type"":5}"
"123","1","c1-places-1","discover","9","{""choice"":6,""type"":3}"
"124","1","c1-places-1","discover","9","{""choice"":6,""type"":3}"
"125","1","c1-places-1","discover","6","{""choice"":4,""type"":2}"
"126","1","c1-places-1","guided","12","{""type"":12}"
"127","1","c1-places-1","guided","4","{""type"":4}"
"128","1","c1l7","recall","5","{""type"":5}"
"129","1","c1-present-people","apply","7","{""cloze"":7}"
"130","1","c1-places-2","discover","9","{""choice"":6,""type"":3}"
"131","1","c1-places-2","discover","9","{""choice"":6,""type"":2,""order"":1}"
"132","1","c1-places-2","discover","6","{""choice"":4,""type"":2}"
"133","1","c1-places-2","guided","12","{""type"":10,""order"":2}"
"134","1","c1-places-2","guided","4","{""type"":4}"
"135","1","c1-places-1","recall","6","{""type"":6}"
"136","1","c1-places-1","recall","2","{""type"":2}"
"137","1","c1l7","apply","5","{""type"":3,""cloze"":2}"
"138","1","c1l7","apply","4","{""order"":2,""type"":1,""cloze"":1}"
"139","1","c1-places-3","discover","9","{""choice"":6,""type"":3}"
"140","1","c1-places-3","discover","9","{""choice"":6,""type"":3}"
"141","1","c1-places-3","discover","6","{""choice"":4,""type"":2}"
"142","1","c1-places-3","guided","12","{""type"":12}"
"143","1","c1-places-3","guided","4","{""type"":4}"
"144","1","c1-places-2","recall","6","{""type"":6}"
"145","1","c1-places-2","recall","2","{""type"":2}"
"146","1","c1-places-1","apply","7","{""order"":2,""type"":3,""cloze"":2}"
"147","1","c1-places-4","discover","9","{""choice"":6,""type"":3}"
"148","1","c1-places-4","discover","9","{""choice"":6,""type"":3}"
"149","1","c1-places-4","discover","6","{""choice"":4,""type"":2}"
"150","1","c1-places-4","guided","12","{""type"":12}"
"151","1","c1-places-4","guided","4","{""type"":4}"
"152","1","c1-places-3","recall","6","{""type"":6}"
"153","1","c1-places-3","recall","2","{""type"":2}"
"154","1","c1-places-2","apply","7","{""order"":2,""type"":3,""cloze"":2}"
"155","1","c1-places-5","discover","6","{""choice"":4,""type"":2}"
"156","1","c1-places-5","guided","4","{""type"":4}"
"157","1","c1-places-4","recall","6","{""type"":6}"
"158","1","c1-places-4","recall","2","{""type"":2}"
"159","1","c1-places-3","apply","7","{""order"":2,""type"":3,""cloze"":2}"
"160","1","c1-languages-1","discover","9","{""choice"":6,""type"":3}"
"161","1","c1-languages-1","discover","9","{""choice"":6,""type"":3}"
"162","1","c1-languages-1","guided","12","{""type"":12}"
"163","1","c1-places-5","recall","2","{""type"":2}"
"164","1","c1-places-4","apply","7","{""order"":2,""type"":3,""cloze"":2}"
"165","1","c1-languages-2","discover","9","{""choice"":6,""type"":3}"
"166","1","c1-languages-2","discover","9","{""choice"":6,""type"":3}"
"167","1","c1-languages-2","guided","12","{""type"":12}"
"168","1","c1-languages-1","recall","6","{""type"":6}"
"169","1","c1-places-5","apply","4","{""order"":1,""type"":2,""cloze"":1}"
"170","1","c1-languages-3","discover","9","{""choice"":6,""type"":3}"
"171","1","c1-languages-3","discover","3","{""choice"":2,""type"":1}"
"172","1","c1-languages-3","guided","8","{""type"":8}"
"173","1","c1-languages-2","recall","6","{""type"":6}"
"174","1","c1-languages-1","apply","7","{""order"":2,""type"":3,""cloze"":2}"
"175","1","c1-situation-classmate","discover","9","{""choice"":9}"
"176","1","c1-situation-classmate","guided","6","{""choice"":3,""type"":3}"
"177","1","c1-languages-3","recall","4","{""type"":4}"
"178","1","c1-languages-2","apply","7","{""order"":2,""type"":3,""cloze"":2}"
"179","1","c1-situation-reception","discover","9","{""choice"":9}"
"180","1","c1-situation-reception","guided","6","{""choice"":3,""type"":3}"
"181","1","c1-situation-classmate","recall","3","{""type"":3}"
"182","1","c1-languages-3","apply","7","{""order"":2,""type"":3,""cloze"":2}"
"183","1","c1-writing","writing","1","{""writing"":1}"
"184","1","c1-situation-reception","recall","3","{""type"":3}"
"185","1","c1-situation-classmate","apply","3","{""type"":3}"
"186","1","c1-situation-reception","apply","3","{""type"":3}"
"187","1","c1l7","checkpoint","8","{""type"":8}"
"188","1","c1l7","checkpoint","8","{""type"":8}"
"189","1","c1l7","checkpoint","8","{""type"":8}"
"190","1","c1l7","checkpoint","8","{""type"":8}"
"191","1","c1l7","checkpoint","8","{""type"":8}"
"192","1","c1l7","checkpoint","8","{""type"":8}"
"193","1","c1l7","checkpoint","4","{""type"":4}"
"194","2","c2l1","discover","9","{""choice"":6,""type"":3}"
"195","2","c2l1","discover","3","{""choice"":2,""type"":1}"
"196","2","c2l1","guided","8","{""type"":8}"
"197","2","c2l5","discover","9","{""choice"":6,""type"":3}"
"198","2","c2l5","discover","9","{""choice"":6,""type"":3}"
"199","2","c2l5","guided","12","{""type"":12}"
"200","2","c2l1","recall","4","{""type"":4}"
"201","2","c2l6","discover","9","{""choice"":6,""type"":3}"
"202","2","c2l6","discover","9","{""choice"":6,""type"":3}"
"203","2","c2l6","guided","12","{""type"":12}"
"204","2","c2l5","recall","6","{""type"":6}"
"205","2","c2l1","apply","7","{""order"":2,""type"":5}"
"206","2","c2l7","discover","9","{""choice"":3,""order"":3,""cloze"":3}"
"207","2","c2l7","discover","6","{""choice"":2,""order"":2,""cloze"":2}"
"208","2","c2l7","guided","10","{""cloze"":5,""order"":5}"
"209","2","c2l6","recall","6","{""type"":6}"
"210","2","c2l5","apply","6","{""type"":6}"
"211","2","c2l5","apply","4","{""order"":2,""cloze"":2}"
"212","2","c2-lex-meat-and-fish","discover","9","{""choice"":6,""type"":3}"
"213","2","c2-lex-meat-and-fish","discover","9","{""choice"":6,""type"":3}"
"214","2","c2-lex-meat-and-fish","discover","9","{""choice"":6,""type"":3}"
"215","2","c2-lex-meat-and-fish","discover","3","{""choice"":2,""type"":1}"
"216","2","c2-lex-meat-and-fish","guided","12","{""type"":12}"
"217","2","c2-lex-meat-and-fish","guided","8","{""type"":8}"
"218","2","c2l7","recall","5","{""type"":5}"
"219","2","c2l6","apply","6","{""type"":6}"
"220","2","c2l6","apply","4","{""order"":2,""cloze"":2}"
"221","2","c2-lex-bread-and-dairy","discover","9","{""choice"":6,""order"":1,""type"":2}"
"222","2","c2-lex-bread-and-dairy","discover","9","{""choice"":6,""type"":3}"
"223","2","c2-lex-bread-and-dairy","discover","3","{""choice"":2,""type"":1}"
"224","2","c2-lex-bread-and-dairy","guided","12","{""type"":10,""order"":2}"
"225","2","c2-lex-bread-and-dairy","guided","2","{""type"":2}"
"226","2","c2-lex-meat-and-fish","recall","6","{""type"":6}"
"227","2","c2-lex-meat-and-fish","recall","4","{""type"":4}"
"228","2","c2l7","apply","7","{""cloze"":7}"
"229","2","c2-lex-vegetable-basket","discover","9","{""choice"":6,""type"":3}"
"230","2","c2-lex-vegetable-basket","discover","9","{""choice"":6,""type"":3}"
"231","2","c2-lex-vegetable-basket","discover","9","{""choice"":6,""type"":3}"
"232","2","c2-lex-vegetable-basket","guided","12","{""type"":12}"
"233","2","c2-lex-vegetable-basket","guided","6","{""type"":6}"
"234","2","c2-lex-bread-and-dairy","recall","6","{""type"":6}"
"235","2","c2-lex-bread-and-dairy","recall","1","{""type"":1}"
"236","2","c2-lex-meat-and-fish","apply","7","{""order"":2,""type"":3,""cloze"":2}"
"237","2","c2-lex-fruit-basket","discover","9","{""choice"":6,""type"":3}"
"238","2","c2-lex-fruit-basket","discover","9","{""choice"":6,""type"":3}"
"239","2","c2-lex-fruit-basket","discover","3","{""choice"":2,""type"":1}"
"240","2","c2-lex-fruit-basket","guided","12","{""type"":12}"
"241","2","c2-lex-fruit-basket","guided","2","{""type"":2}"
"242","2","c2-lex-vegetable-basket","recall","6","{""type"":6}"
"243","2","c2-lex-vegetable-basket","recall","3","{""type"":3}"
"244","2","c2-lex-bread-and-dairy","apply","7","{""order"":2,""type"":3,""cloze"":2}"
"245","2","c2-lex-dessert-and-the-cupboard","discover","9","{""choice"":6,""type"":3}"
"246","2","c2-lex-dessert-and-the-cupboard","discover","9","{""choice"":6,""type"":3}"
"247","2","c2-lex-dessert-and-the-cupboard","discover","9","{""choice"":6,""type"":3}"
"248","2","c2-lex-dessert-and-the-cupboard","discover","3","{""choice"":2,""type"":1}"
"249","2","c2-lex-dessert-and-the-cupboard","guided","12","{""type"":12}"
"250","2","c2-lex-dessert-and-the-cupboard","guided","8","{""type"":8}"
"251","2","c2-lex-fruit-basket","recall","6","{""type"":6}"
"252","2","c2-lex-fruit-basket","recall","1","{""type"":1}"
"253","2","c2-lex-vegetable-basket","apply","7","{""order"":2,""type"":3,""cloze"":2}"
"254","2","c2-lex-on-the-menu","discover","9","{""choice"":6,""type"":3}"
"255","2","c2-lex-on-the-menu","discover","9","{""choice"":6,""type"":3}"
"256","2","c2-lex-on-the-menu","discover","9","{""choice"":6,""type"":3}"
"257","2","c2-lex-on-the-menu","discover","9","{""choice"":6,""order"":2,""type"":1}"
"258","2","c2-lex-on-the-menu","guided","12","{""type"":12}"
"259","2","c2-lex-on-the-menu","guided","12","{""type"":8,""order"":4}"
"260","2","c2-lex-dessert-and-the-cupboard","recall","6","{""type"":6}"
"261","2","c2-lex-dessert-and-the-cupboard","recall","4","{""type"":4}"
"262","2","c2-lex-fruit-basket","apply","7","{""order"":2,""type"":3,""cloze"":2}"
"263","2","c2-lex-describe-a-flavour","discover","9","{""choice"":6,""type"":3}"
"264","2","c2-lex-describe-a-flavour","discover","9","{""choice"":6,""type"":3}"
"265","2","c2-lex-describe-a-flavour","discover","9","{""choice"":6,""type"":3}"
"266","2","c2-lex-describe-a-flavour","guided","12","{""type"":12}"
"267","2","c2-lex-describe-a-flavour","guided","6","{""type"":6}"
"268","2","c2-lex-on-the-menu","recall","6","{""type"":6}"
"269","2","c2-lex-on-the-menu","recall","6","{""type"":6}"
"270","2","c2-lex-dessert-and-the-cupboard","apply","7","{""order"":2,""type"":3,""cloze"":2}"
"271","2","c2-lex-how-food-is-prepared","discover","9","{""choice"":6,""type"":3}"
"272","2","c2-lex-how-food-is-prepared","discover","9","{""choice"":6,""type"":3}"
"273","2","c2-lex-how-food-is-prepared","discover","9","{""choice"":6,""type"":3}"
"274","2","c2-lex-how-food-is-prepared","discover","6","{""choice"":4,""type"":2}"
"275","2","c2-lex-how-food-is-prepared","guided","12","{""type"":12}"
"276","2","c2-lex-how-food-is-prepared","guided","10","{""type"":10}"
"277","2","c2-lex-describe-a-flavour","recall","6","{""type"":6}"
"278","2","c2-lex-describe-a-flavour","recall","3","{""type"":3}"
"279","2","c2-lex-on-the-menu","apply","7","{""order"":2,""type"":4,""cloze"":1}"
"280","2","c2-lex-paying-and-caf-signs","discover","9","{""choice"":6,""type"":3}"
"281","2","c2-lex-paying-and-caf-signs","discover","9","{""choice"":6,""type"":3}"
"282","2","c2-lex-paying-and-caf-signs","discover","9","{""choice"":6,""type"":3}"
"283","2","c2-lex-paying-and-caf-signs","discover","9","{""choice"":6,""type"":3}"
"284","2","c2-lex-paying-and-caf-signs","discover","9","{""choice"":6,""type"":3}"
"285","2","c2-lex-paying-and-caf-signs","discover","9","{""choice"":6,""type"":3}"
"286","2","c2-lex-paying-and-caf-signs","guided","12","{""type"":12}"
"287","2","c2-lex-paying-and-caf-signs","guided","12","{""type"":12}"
"288","2","c2-lex-paying-and-caf-signs","guided","12","{""type"":12}"
"289","2","c2-lex-how-food-is-prepared","recall","6","{""type"":6}"
"290","2","c2-lex-how-food-is-prepared","recall","5","{""type"":5}"
"291","2","c2-lex-describe-a-flavour","apply","7","{""order"":2,""type"":3,""cloze"":2}"
"292","2","c2-lex-food-and-drink-actions","discover","9","{""choice"":6,""type"":3}"
"293","2","c2-lex-food-and-drink-actions","discover","9","{""choice"":6,""type"":3}"
"294","2","c2-lex-food-and-drink-actions","guided","12","{""type"":12}"
"295","2","c2-lex-paying-and-caf-signs","recall","6","{""type"":6}"
"296","2","c2-lex-paying-and-caf-signs","recall","6","{""type"":6}"
"297","2","c2-lex-paying-and-caf-signs","recall","6","{""type"":6}"
"298","2","c2-lex-how-food-is-prepared","apply","7","{""order"":2,""type"":3,""cloze"":2}"
"299","2","c2-lex-lithuanian-dishes","discover","9","{""choice"":6,""type"":3}"
"300","2","c2-lex-lithuanian-dishes","discover","9","{""choice"":6,""type"":3}"
"301","2","c2-lex-lithuanian-dishes","discover","6","{""choice"":4,""order"":2}"
"302","2","c2-lex-lithuanian-dishes","guided","12","{""type"":12}"
"303","2","c2-lex-lithuanian-dishes","guided","4","{""order"":4}"
"304","2","c2-lex-food-and-drink-actions","recall","6","{""type"":6}"
"305","2","c2-lex-paying-and-caf-signs","apply","7","{""order"":2,""type"":4,""cloze"":1}"
"306","2","c2-lex-food-and-traditions","discover","9","{""choice"":6,""type"":3}"
"307","2","c2-lex-food-and-traditions","discover","9","{""choice"":6,""type"":3}"
"308","2","c2-lex-food-and-traditions","discover","9","{""choice"":6,""type"":3}"
"309","2","c2-lex-food-and-traditions","discover","6","{""choice"":4,""type"":2}"
"310","2","c2-lex-food-and-traditions","guided","12","{""type"":12}"
"311","2","c2-lex-food-and-traditions","guided","10","{""type"":10}"
"312","2","c2-lex-lithuanian-dishes","recall","6","{""type"":6}"
"313","2","c2-lex-lithuanian-dishes","recall","2","{""type"":2}"
"314","2","c2-lex-food-and-drink-actions","apply","7","{""order"":2,""type"":4,""cloze"":1}"
"315","2","c2-dative-people","discover","9","{""choice"":3,""order"":3,""cloze"":3}"
"316","2","c2-dative-people","discover","6","{""choice"":2,""order"":2,""cloze"":2}"
"317","2","c2-dative-people","guided","10","{""cloze"":5,""order"":5}"
"318","2","c2-lex-food-and-traditions","recall","6","{""type"":6}"
"319","2","c2-lex-food-and-traditions","recall","5","{""type"":5}"
"320","2","c2-lex-lithuanian-dishes","apply","7","{""order"":2,""type"":3,""cloze"":2}"
"321","2","c2-plural-food","discover","9","{""choice"":6,""match"":3}"
"322","2","c2-plural-food","discover","9","{""choice"":6,""match"":3}"
"323","2","c2-plural-food","guided","12","{""match"":6,""type"":6}"
"324","2","c2-dative-people","recall","5","{""type"":5}"
"325","2","c2-lex-food-and-traditions","apply","7","{""order"":2,""type"":3,""cloze"":2}"
"326","2","c2l2","discover","9","{""choice"":3,""order"":3,""cloze"":3}"
"327","2","c2l2","discover","9","{""choice"":3,""order"":3,""cloze"":3}"
"328","2","c2l2","guided","12","{""cloze"":6,""order"":6}"
"329","2","c2-plural-food","recall","6","{""type"":6}"
"330","2","c2-dative-people","apply","7","{""cloze"":7}"
"331","2","c2-verb-types","discover","9","{""choice"":3,""order"":3,""cloze"":3}"
"332","2","c2-verb-types","discover","9","{""choice"":3,""order"":3,""cloze"":3}"
"333","2","c2-verb-types","guided","12","{""cloze"":6,""order"":6}"
"334","2","c2l2","recall","6","{""type"":6}"
"335","2","c2-plural-food","apply","7","{""cloze"":4,""type"":3}"
"336","2","c2-ordering-forms","discover","9","{""choice"":3,""order"":3,""cloze"":3}"
"337","2","c2-ordering-forms","discover","9","{""choice"":3,""order"":3,""cloze"":3}"
"338","2","c2-ordering-forms","guided","12","{""cloze"":6,""order"":6}"
"339","2","c2-verb-types","recall","6","{""type"":6}"
"340","2","c2l2","apply","7","{""cloze"":7}"
"341","2","c2l3","discover","9","{""choice"":3,""order"":3,""cloze"":3}"
"342","2","c2l3","discover","9","{""choice"":3,""order"":3,""cloze"":3}"
"343","2","c2l3","guided","12","{""cloze"":6,""order"":6}"
"344","2","c2-ordering-forms","recall","6","{""type"":6}"
"345","2","c2-verb-types","apply","7","{""cloze"":7}"
"346","2","c2-with-without-forms","discover","9","{""choice"":3,""order"":3,""cloze"":3}"
"347","2","c2-with-without-forms","discover","9","{""choice"":3,""order"":3,""cloze"":3}"
"348","2","c2-with-without-forms","guided","12","{""cloze"":6,""order"":6}"
"349","2","c2l3","recall","6","{""type"":6}"
"350","2","c2-ordering-forms","apply","7","{""cloze"":7}"
"351","2","c2-eat-not-eat","discover","9","{""choice"":3,""order"":3,""cloze"":3}"
"352","2","c2-eat-not-eat","discover","9","{""choice"":3,""order"":3,""cloze"":3}"
"353","2","c2-eat-not-eat","guided","12","{""cloze"":6,""order"":6}"
"354","2","c2-with-without-forms","recall","6","{""type"":6}"
"355","2","c2l3","apply","7","{""cloze"":7}"
"356","2","c2l8","discover","9","{""choice"":3,""order"":3,""cloze"":3}"
"357","2","c2l8","discover","9","{""choice"":3,""order"":3,""cloze"":3}"
"358","2","c2l8","guided","12","{""cloze"":6,""order"":6}"
"359","2","c2-eat-not-eat","recall","6","{""type"":6}"
"360","2","c2-with-without-forms","apply","7","{""cloze"":7}"
"361","2","c2-which-food","discover","9","{""choice"":3,""order"":3,""cloze"":3}"
"362","2","c2-which-food","discover","9","{""choice"":3,""order"":3,""cloze"":3}"
"363","2","c2-which-food","guided","12","{""cloze"":6,""order"":6}"
"364","2","c2l8","recall","6","{""type"":6}"
"365","2","c2-eat-not-eat","apply","7","{""cloze"":7}"
"366","2","c2-teens","discover","9","{""choice"":6,""match"":3}"
"367","2","c2-teens","discover","9","{""choice"":6,""match"":3}"
"368","2","c2-teens","discover","9","{""choice"":6,""match"":3}"
"369","2","c2-teens","guided","12","{""match"":6,""type"":6}"
"370","2","c2-teens","guided","6","{""match"":3,""type"":3}"
"371","2","c2-which-food","recall","6","{""type"":6}"
"372","2","c2l8","apply","6","{""cloze"":6}"
"373","2","c2l8","apply","4","{""cloze"":4}"
"374","2","c2-tens","discover","9","{""choice"":6,""match"":3}"
"375","2","c2-tens","discover","9","{""choice"":6,""match"":3}"
"376","2","c2-tens","discover","9","{""choice"":6,""match"":3}"
"377","2","c2-tens","guided","12","{""match"":6,""type"":6}"
"378","2","c2-tens","guided","6","{""match"":3,""type"":3}"
"379","2","c2-teens","recall","6","{""type"":6}"
"380","2","c2-teens","recall","3","{""type"":3}"
"381","2","c2-which-food","apply","7","{""cloze"":7}"
"382","2","c2-compound-prices","discover","9","{""choice"":3,""order"":6}"
"383","2","c2-compound-prices","discover","9","{""choice"":3,""order"":6}"
"384","2","c2-compound-prices","discover","9","{""choice"":3,""order"":6}"
"385","2","c2-compound-prices","guided","12","{""order"":12}"
"386","2","c2-compound-prices","guided","6","{""order"":6}"
"387","2","c2-tens","recall","6","{""type"":6}"
"388","2","c2-tens","recall","3","{""type"":3}"
"389","2","c2-teens","apply","7","{""order"":2,""type"":5}"
"390","2","c2l4","discover","9","{""choice"":3,""order"":6}"
"391","2","c2l4","discover","9","{""choice"":4,""order"":4,""match"":1}"
"392","2","c2l4","guided","12","{""order"":10,""match"":1,""type"":1}"
"393","2","c2-compound-prices","recall","6","{""type"":6}"
"394","2","c2-compound-prices","recall","3","{""type"":3}"
"395","2","c2-tens","apply","7","{""order"":2,""type"":5}"
"396","2","c2-situation-menu","discover","9","{""choice"":9}"
"397","2","c2-situation-menu","guided","6","{""choice"":3,""type"":3}"
"398","2","c2l4","recall","6","{""type"":6}"
"399","2","c2-compound-prices","apply","9","{""order"":3,""type"":6}"
"400","2","c2-situation-cafe-exchange","discover","9","{""choice"":9}"
"401","2","c2-situation-cafe-exchange","guided","6","{""choice"":3,""type"":3}"
"402","2","c2-situation-menu","recall","3","{""type"":3}"
"403","2","c2l4","apply","7","{""order"":2,""type"":3,""cloze"":2}"
"404","2","c2-situation-host-drink","discover","9","{""choice"":9}"
"405","2","c2-situation-host-drink","guided","6","{""choice"":3,""type"":3}"
"406","2","c2-situation-cafe-exchange","recall","3","{""type"":3}"
"407","2","c2-situation-menu","apply","3","{""type"":3}"
"408","2","c2-writing","writing","1","{""writing"":1}"
"409","2","c2-situation-host-drink","recall","3","{""type"":3}"
"410","2","c2-situation-cafe-exchange","apply","3","{""type"":3}"
"411","2","c2-situation-host-drink","apply","3","{""type"":3}"
"412","2","c2l4","checkpoint","8","{""type"":8}"
"413","2","c2l4","checkpoint","8","{""type"":8}"
"414","2","c2l4","checkpoint","8","{""type"":8}"
"415","2","c2l4","checkpoint","8","{""type"":8}"
"416","2","c2l4","checkpoint","8","{""type"":8}"
"417","2","c2l4","checkpoint","8","{""type"":8}"
"418","2","c2l4","checkpoint","8","{""type"":8}"
"419","2","c2l4","checkpoint","8","{""type"":8}"
"420","2","c2l4","checkpoint","2","{""type"":2}"
"421","3","c3l5","discover","9","{""choice"":6,""type"":3}"
"422","3","c3l5","discover","9","{""choice"":6,""type"":3}"
"423","3","c3l5","guided","12","{""type"":12}"
"424","3","c3-lex-landmarks","discover","9","{""choice"":6,""type"":3}"
"425","3","c3-lex-landmarks","discover","9","{""choice"":6,""type"":3}"
"426","3","c3-lex-landmarks","discover","9","{""choice"":6,""type"":3}"
"427","3","c3-lex-landmarks","discover","9","{""choice"":6,""type"":3}"
"428","3","c3-lex-landmarks","guided","12","{""type"":12}"
"429","3","c3-lex-landmarks","guided","12","{""type"":12}"
"430","3","c3l5","recall","6","{""type"":6}"
"431","3","c3-lex-errands-in-town","discover","9","{""choice"":6,""order"":1,""type"":2}"
"432","3","c3-lex-errands-in-town","discover","9","{""choice"":6,""type"":2,""order"":1}"
"433","3","c3-lex-errands-in-town","discover","9","{""choice"":6,""type"":3}"
"434","3","c3-lex-errands-in-town","discover","9","{""choice"":6,""type"":3}"
"435","3","c3-lex-errands-in-town","discover","3","{""choice"":2,""type"":1}"
"436","3","c3-lex-errands-in-town","guided","12","{""type"":8,""order"":4}"
"437","3","c3-lex-errands-in-town","guided","12","{""type"":12}"
"438","3","c3-lex-errands-in-town","guided","2","{""type"":2}"
"439","3","c3-lex-landmarks","recall","6","{""type"":6}"
"440","3","c3-lex-landmarks","recall","6","{""type"":6}"
"441","3","c3l5","apply","6","{""type"":6}"
"442","3","c3l5","apply","4","{""order"":2,""cloze"":2}"
"443","3","c3-lex-public-transport","discover","9","{""choice"":6,""order"":3}"
"444","3","c3-lex-public-transport","discover","9","{""choice"":6,""type"":3}"
"445","3","c3-lex-public-transport","discover","9","{""choice"":6,""type"":3}"
"446","3","c3-lex-public-transport","discover","9","{""choice"":6,""order"":1,""type"":2}"
"447","3","c3-lex-public-transport","discover","9","{""choice"":6,""type"":2,""order"":1}"
"448","3","c3-lex-public-transport","discover","3","{""choice"":2,""type"":1}"
"449","3","c3-lex-public-transport","guided","12","{""order"":6,""type"":6}"
"450","3","c3-lex-public-transport","guided","12","{""type"":10,""order"":2}"
"451","3","c3-lex-public-transport","guided","8","{""type"":6,""order"":2}"
"452","3","c3-lex-errands-in-town","recall","6","{""type"":6}"
"453","3","c3-lex-errands-in-town","recall","6","{""type"":6}"
"454","3","c3-lex-errands-in-town","recall","1","{""type"":1}"
"455","3","c3-lex-landmarks","apply","7","{""order"":2,""type"":3,""cloze"":2}"
"456","3","c3-lex-directions-and-movement","discover","9","{""choice"":6,""type"":3}"
"457","3","c3-lex-directions-and-movement","discover","9","{""choice"":6,""type"":3}"
"458","3","c3-lex-directions-and-movement","discover","9","{""choice"":6,""type"":2,""order"":1}"
"459","3","c3-lex-directions-and-movement","discover","9","{""choice"":6,""type"":3}"
"460","3","c3-lex-directions-and-movement","discover","9","{""choice"":6,""order"":1,""type"":2}"
"461","3","c3-lex-directions-and-movement","discover","9","{""choice"":6,""type"":2,""order"":1}"
"462","3","c3-lex-directions-and-movement","discover","9","{""choice"":6,""type"":3}"
"463","3","c3-lex-directions-and-movement","discover","6","{""choice"":4,""type"":2}"
"464","3","c3-lex-directions-and-movement","guided","12","{""type"":12}"
"465","3","c3-lex-directions-and-movement","guided","12","{""order"":2,""type"":10}"
"466","3","c3-lex-directions-and-movement","guided","12","{""type"":8,""order"":4}"
"467","3","c3-lex-directions-and-movement","guided","10","{""type"":10}"
"468","3","c3-lex-public-transport","recall","6","{""type"":6}"
"469","3","c3-lex-public-transport","recall","6","{""type"":6}"
"470","3","c3-lex-public-transport","recall","4","{""type"":4}"
"471","3","c3-lex-errands-in-town","apply","7","{""order"":2,""type"":3,""cloze"":2}"
"472","3","c3-lex-when-and-how-often","discover","9","{""choice"":6,""type"":3}"
"473","3","c3-lex-when-and-how-often","discover","9","{""choice"":6,""type"":3}"
"474","3","c3-lex-when-and-how-often","discover","9","{""choice"":6,""type"":3}"
"475","3","c3-lex-when-and-how-often","discover","9","{""choice"":6,""type"":3}"
"476","3","c3-lex-when-and-how-often","discover","9","{""choice"":6,""type"":3}"
"477","3","c3-lex-when-and-how-often","discover","6","{""choice"":4,""type"":2}"
"478","3","c3-lex-when-and-how-often","guided","12","{""type"":12}"
"479","3","c3-lex-when-and-how-often","guided","12","{""type"":12}"
"480","3","c3-lex-when-and-how-often","guided","10","{""type"":10}"
"481","3","c3-lex-directions-and-movement","recall","6","{""type"":6}"
"482","3","c3-lex-directions-and-movement","recall","6","{""type"":6}"
"483","3","c3-lex-directions-and-movement","recall","6","{""type"":6}"
"484","3","c3-lex-directions-and-movement","recall","5","{""type"":5}"
"485","3","c3-lex-public-transport","apply","7","{""order"":2,""type"":3,""cloze"":2}"
"486","3","c3-lex-everyday-public-signs","discover","9","{""choice"":6,""type"":2,""order"":1}"
"487","3","c3-lex-everyday-public-signs","discover","6","{""choice"":4,""order"":2}"
"488","3","c3-lex-everyday-public-signs","guided","10","{""order"":6,""type"":4}"
"489","3","c3-lex-when-and-how-often","recall","6","{""type"":6}"
"490","3","c3-lex-when-and-how-often","recall","6","{""type"":6}"
"491","3","c3-lex-when-and-how-often","recall","5","{""type"":5}"
"492","3","c3-lex-directions-and-movement","apply","7","{""order"":2,""type"":4,""cloze"":1}"
"493","3","c3l1","discover","9","{""choice"":3,""order"":3,""cloze"":3}"
"494","3","c3l1","discover","6","{""choice"":2,""order"":2,""cloze"":2}"
"495","3","c3l1","guided","10","{""cloze"":5,""order"":5}"
"496","3","c3-lex-everyday-public-signs","recall","5","{""type"":5}"
"497","3","c3-lex-when-and-how-often","apply","7","{""order"":2,""type"":3,""cloze"":2}"
"498","3","c3-destination-contrast","discover","9","{""choice"":3,""order"":3,""cloze"":3}"
"499","3","c3-destination-contrast","discover","9","{""choice"":3,""order"":4,""cloze"":2}"
"500","3","c3-destination-contrast","guided","12","{""cloze"":5,""order"":7}"
"501","3","c3l1","recall","5","{""type"":5}"
"502","3","c3-lex-everyday-public-signs","apply","7","{""order"":2,""type"":4,""cloze"":1}"
"503","3","c3l2","discover","9","{""choice"":4,""order"":4,""match"":1}"
"504","3","c3l2","discover","6","{""choice"":2,""order"":2,""cloze"":2}"
"505","3","c3l2","guided","10","{""match"":1,""cloze"":2,""order"":6,""type"":1}"
"506","3","c3-destination-contrast","recall","6","{""type"":6}"
"507","3","c3l1","apply","7","{""cloze"":7}"
"508","3","c3l6","discover","9","{""choice"":6,""type"":3}"
"509","3","c3l6","discover","9","{""choice"":6,""type"":3}"
"510","3","c3l6","discover","3","{""choice"":2,""type"":1}"
"511","3","c3l6","guided","12","{""type"":12}"
"512","3","c3l6","guided","2","{""type"":2}"
"513","3","c3l2","recall","5","{""type"":5}"
"514","3","c3-destination-contrast","apply","7","{""cloze"":6,""type"":1}"
"515","3","c3-days-parts","discover","9","{""choice"":6,""match"":3}"
"516","3","c3-days-parts","discover","9","{""choice"":6,""match"":3}"
"517","3","c3-days-parts","discover","9","{""choice"":6,""match"":3}"
"518","3","c3-days-parts","guided","12","{""match"":6,""type"":6}"
"519","3","c3-days-parts","guided","6","{""match"":3,""type"":3}"
"520","3","c3l6","recall","6","{""type"":6}"
"521","3","c3l6","recall","1","{""type"":1}"
"522","3","c3l2","apply","7","{""cloze"":4,""order"":1,""type"":2}"
"523","3","c3-ordinals-early","discover","9","{""choice"":6,""match"":3}"
"524","3","c3-ordinals-early","discover","9","{""choice"":6,""match"":3}"
"525","3","c3-ordinals-early","discover","9","{""choice"":6,""match"":3}"
"526","3","c3-ordinals-early","discover","3","{""choice"":2,""match"":1}"
"527","3","c3-ordinals-early","guided","12","{""match"":6,""type"":6}"
"528","3","c3-ordinals-early","guided","8","{""match"":4,""type"":4}"
"529","3","c3-days-parts","recall","6","{""type"":6}"
"530","3","c3-days-parts","recall","3","{""type"":3}"
"531","3","c3l6","apply","7","{""type"":7}"
"532","3","c3l6","apply","4","{""order"":2,""cloze"":2}"
"533","3","c3-ordinals-later","discover","9","{""choice"":6,""match"":3}"
"534","3","c3-ordinals-later","discover","9","{""choice"":6,""match"":3}"
"535","3","c3-ordinals-later","discover","9","{""choice"":6,""match"":3}"
"536","3","c3-ordinals-later","discover","9","{""choice"":4,""order"":4,""match"":1}"
"537","3","c3-ordinals-later","guided","12","{""match"":6,""type"":6}"
"538","3","c3-ordinals-later","guided","12","{""match"":4,""order"":4,""type"":4}"
"539","3","c3-ordinals-early","recall","6","{""type"":6}"
"540","3","c3-ordinals-early","recall","4","{""type"":4}"
"541","3","c3-days-parts","apply","7","{""cloze"":4,""type"":3}"
"542","3","c3-clock-hours","discover","9","{""choice"":3,""order"":6}"
"543","3","c3-clock-hours","discover","9","{""choice"":3,""order"":6}"
"544","3","c3-clock-hours","discover","9","{""choice"":3,""order"":6}"
"545","3","c3-clock-hours","discover","9","{""choice"":3,""order"":6}"
"546","3","c3-clock-hours","guided","12","{""order"":12}"
"547","3","c3-clock-hours","guided","12","{""order"":12}"
"548","3","c3-ordinals-later","recall","6","{""type"":6}"
"549","3","c3-ordinals-later","recall","6","{""type"":6}"
"550","3","c3-ordinals-early","apply","7","{""order"":2,""type"":5}"
"551","3","c3l3","discover","9","{""choice"":5,""order"":2,""match"":2}"
"552","3","c3l3","discover","6","{""choice"":2,""order"":4}"
"553","3","c3l3","guided","10","{""match"":2,""order"":6,""type"":2}"
"554","3","c3-clock-hours","recall","6","{""type"":6}"
"555","3","c3-clock-hours","recall","6","{""type"":6}"
"556","3","c3-ordinals-later","apply","7","{""order"":2,""type"":5}"
"557","3","c3l4","discover","9","{""choice"":3,""order"":3,""cloze"":3}"
"558","3","c3l4","discover","6","{""choice"":4,""match"":2}"
"559","3","c3l4","guided","10","{""cloze"":3,""match"":2,""order"":3,""type"":2}"
"560","3","c3l3","recall","5","{""type"":5}"
"561","3","c3-clock-hours","apply","7","{""order"":2,""type"":5}"
"562","3","c3-transport-endings","discover","9","{""choice"":3,""order"":3,""cloze"":3}"
"563","3","c3-transport-endings","discover","6","{""choice"":2,""order"":3,""cloze"":1}"
"564","3","c3-transport-endings","guided","10","{""cloze"":4,""order"":6}"
"565","3","c3l4","recall","5","{""type"":5}"
"566","3","c3l3","apply","7","{""order"":2,""type"":3,""cloze"":2}"
"567","3","c3-inviting","discover","9","{""choice"":3,""order"":6}"
"568","3","c3-inviting","discover","9","{""choice"":3,""order"":5,""cloze"":1}"
"569","3","c3-inviting","guided","12","{""order"":11,""cloze"":1}"
"570","3","c3-transport-endings","recall","5","{""type"":5}"
"571","3","c3l4","apply","7","{""cloze"":5,""type"":2}"
"572","3","c3-half-hours","discover","9","{""choice"":3,""order"":6}"
"573","3","c3-half-hours","discover","9","{""choice"":3,""order"":6}"
"574","3","c3-half-hours","discover","9","{""choice"":3,""order"":6}"
"575","3","c3-half-hours","discover","9","{""choice"":3,""order"":6}"
"576","3","c3-half-hours","guided","12","{""order"":12}"
"577","3","c3-half-hours","guided","12","{""order"":12}"
"578","3","c3-inviting","recall","6","{""type"":6}"
"579","3","c3-transport-endings","apply","7","{""cloze"":4,""order"":1,""type"":2}"
"580","3","c3l7","discover","9","{""choice"":3,""order"":6}"
"581","3","c3l7","discover","6","{""choice"":2,""order"":4}"
"582","3","c3l7","guided","10","{""order"":10}"
"583","3","c3-half-hours","recall","6","{""type"":6}"
"584","3","c3-half-hours","recall","6","{""type"":6}"
"585","3","c3-inviting","apply","7","{""order"":1,""cloze"":3,""type"":3}"
"586","3","c3-situation-directions","discover","9","{""choice"":9}"
"587","3","c3-situation-directions","guided","6","{""choice"":3,""type"":3}"
"588","3","c3l7","recall","5","{""type"":5}"
"589","3","c3-half-hours","apply","7","{""order"":2,""type"":5}"
"590","3","c3-situation-meeting-message","discover","9","{""choice"":9}"
"591","3","c3-situation-meeting-message","guided","6","{""choice"":3,""type"":3}"
"592","3","c3-situation-directions","recall","3","{""type"":3}"
"593","3","c3l7","apply","5","{""cloze"":2,""type"":3}"
"594","3","c3l7","apply","4","{""order"":2,""cloze"":2}"
"595","3","c3-situation-transport-signs","discover","9","{""choice"":9}"
"596","3","c3-situation-transport-signs","guided","6","{""choice"":3,""type"":3}"
"597","3","c3-situation-meeting-message","recall","3","{""type"":3}"
"598","3","c3-situation-directions","apply","3","{""type"":3}"
"599","3","c3-writing","writing","1","{""writing"":1}"
"600","3","c3-situation-transport-signs","recall","3","{""type"":3}"
"601","3","c3-situation-meeting-message","apply","3","{""type"":3}"
"602","3","c3-situation-transport-signs","apply","3","{""type"":3}"
"603","3","c3l7","checkpoint","8","{""type"":8}"
"604","3","c3l7","checkpoint","8","{""type"":8}"
"605","3","c3l7","checkpoint","8","{""type"":8}"
"606","3","c3l7","checkpoint","8","{""type"":8}"
"607","3","c3l7","checkpoint","8","{""type"":8}"
"608","3","c3l7","checkpoint","8","{""type"":8}"
"609","4","c4l5","discover","9","{""choice"":6,""type"":3}"
"610","4","c4l5","discover","9","{""choice"":6,""type"":3}"
"611","4","c4l5","guided","12","{""type"":12}"
"612","4","c4-lex-rooms-and-buildings","discover","9","{""choice"":6,""type"":3}"
"613","4","c4-lex-rooms-and-buildings","discover","9","{""choice"":6,""type"":3}"
"614","4","c4-lex-rooms-and-buildings","discover","9","{""choice"":6,""type"":3}"
"615","4","c4-lex-rooms-and-buildings","discover","9","{""choice"":6,""type"":2,""order"":1}"
"616","4","c4-lex-rooms-and-buildings","discover","9","{""choice"":6,""type"":3}"
"617","4","c4-lex-rooms-and-buildings","discover","3","{""choice"":2,""type"":1}"
"618","4","c4-lex-rooms-and-buildings","guided","12","{""type"":12}"
"619","4","c4-lex-rooms-and-buildings","guided","12","{""type"":10,""order"":2}"
"620","4","c4-lex-rooms-and-buildings","guided","8","{""type"":8}"
"621","4","c4l5","recall","6","{""type"":6}"
"622","4","c4-lex-furnishing-a-home","discover","9","{""choice"":6,""type"":3}"
"623","4","c4-lex-furnishing-a-home","discover","9","{""choice"":6,""type"":3}"
"624","4","c4-lex-furnishing-a-home","discover","9","{""choice"":6,""type"":3}"
"625","4","c4-lex-furnishing-a-home","discover","9","{""choice"":6,""type"":3}"
"626","4","c4-lex-furnishing-a-home","discover","9","{""choice"":6,""type"":3}"
"627","4","c4-lex-furnishing-a-home","discover","6","{""choice"":4,""type"":2}"
"628","4","c4-lex-furnishing-a-home","guided","12","{""type"":12}"
"629","4","c4-lex-furnishing-a-home","guided","12","{""type"":12}"
"630","4","c4-lex-furnishing-a-home","guided","10","{""type"":10}"
"631","4","c4-lex-rooms-and-buildings","recall","6","{""type"":6}"
"632","4","c4-lex-rooms-and-buildings","recall","6","{""type"":6}"
"633","4","c4-lex-rooms-and-buildings","recall","4","{""type"":4}"
"634","4","c4l5","apply","6","{""type"":6}"
"635","4","c4l5","apply","4","{""order"":2,""cloze"":2}"
"636","4","c4-lex-household-essentials","discover","9","{""choice"":6,""order"":1,""type"":2}"
"637","4","c4-lex-household-essentials","discover","9","{""choice"":6,""order"":2,""type"":1}"
"638","4","c4-lex-household-essentials","discover","9","{""choice"":6,""type"":3}"
"639","4","c4-lex-household-essentials","guided","12","{""type"":6,""order"":6}"
"640","4","c4-lex-household-essentials","guided","6","{""type"":6}"
"641","4","c4-lex-furnishing-a-home","recall","6","{""type"":6}"
"642","4","c4-lex-furnishing-a-home","recall","6","{""type"":6}"
"643","4","c4-lex-furnishing-a-home","recall","5","{""type"":5}"
"644","4","c4-lex-rooms-and-buildings","apply","7","{""order"":2,""type"":4,""cloze"":1}"
"645","4","c4-lex-describe-your-flat","discover","9","{""choice"":6,""type"":3}"
"646","4","c4-lex-describe-your-flat","discover","9","{""choice"":6,""type"":3}"
"647","4","c4-lex-describe-your-flat","discover","9","{""choice"":6,""type"":3}"
"648","4","c4-lex-describe-your-flat","discover","6","{""choice"":4,""type"":2}"
"649","4","c4-lex-describe-your-flat","guided","12","{""type"":12}"
"650","4","c4-lex-describe-your-flat","guided","10","{""type"":10}"
"651","4","c4-lex-household-essentials","recall","6","{""type"":6}"
"652","4","c4-lex-household-essentials","recall","3","{""type"":3}"
"653","4","c4-lex-furnishing-a-home","apply","7","{""order"":2,""type"":3,""cloze"":2}"
"654","4","c4-lex-things-to-do-at-home","discover","9","{""choice"":6,""type"":3}"
"655","4","c4-lex-things-to-do-at-home","discover","9","{""choice"":6,""type"":3}"
"656","4","c4-lex-things-to-do-at-home","discover","9","{""choice"":6,""type"":3}"
"657","4","c4-lex-things-to-do-at-home","discover","9","{""choice"":6,""type"":3}"
"658","4","c4-lex-things-to-do-at-home","discover","9","{""choice"":6,""type"":3}"
"659","4","c4-lex-things-to-do-at-home","discover","9","{""choice"":6,""type"":3}"
"660","4","c4-lex-things-to-do-at-home","discover","3","{""choice"":2,""type"":1}"
"661","4","c4-lex-things-to-do-at-home","guided","12","{""type"":12}"
"662","4","c4-lex-things-to-do-at-home","guided","12","{""type"":12}"
"663","4","c4-lex-things-to-do-at-home","guided","12","{""type"":12}"
"664","4","c4-lex-things-to-do-at-home","guided","2","{""type"":2}"
"665","4","c4-lex-describe-your-flat","recall","6","{""type"":6}"
"666","4","c4-lex-describe-your-flat","recall","5","{""type"":5}"
"667","4","c4-lex-household-essentials","apply","7","{""order"":2,""type"":3,""cloze"":2}"
"668","4","c4-lex-signs-in-a-building","discover","9","{""choice"":6,""type"":2,""order"":1}"
"669","4","c4-lex-signs-in-a-building","discover","6","{""choice"":4,""order"":2}"
"670","4","c4-lex-signs-in-a-building","guided","10","{""order"":6,""type"":4}"
"671","4","c4-lex-things-to-do-at-home","recall","6","{""type"":6}"
"672","4","c4-lex-things-to-do-at-home","recall","6","{""type"":6}"
"673","4","c4-lex-things-to-do-at-home","recall","6","{""type"":6}"
"674","4","c4-lex-things-to-do-at-home","recall","1","{""type"":1}"
"675","4","c4-lex-describe-your-flat","apply","7","{""order"":2,""type"":3,""cloze"":2}"
"676","4","c4l1","discover","9","{""choice"":5,""order"":1,""cloze"":1,""match"":2}"
"677","4","c4l1","discover","9","{""choice"":4,""order"":2,""cloze"":2,""match"":1}"
"678","4","c4l1","guided","12","{""match"":3,""cloze"":3,""type"":3,""order"":3}"
"679","4","c4-lex-signs-in-a-building","recall","5","{""type"":5}"
"680","4","c4-lex-things-to-do-at-home","apply","7","{""order"":2,""type"":3,""cloze"":2}"
"681","4","c4l2","discover","9","{""choice"":3,""order"":3,""cloze"":3}"
"682","4","c4l2","discover","6","{""choice"":2,""order"":2,""cloze"":2}"
"683","4","c4l2","guided","10","{""cloze"":5,""order"":5}"
"684","4","c4l1","recall","6","{""type"":6}"
"685","4","c4-lex-signs-in-a-building","apply","7","{""order"":2,""type"":3,""cloze"":2}"
"686","4","c4-count-gender","discover","9","{""choice"":6,""match"":3}"
"687","4","c4-count-gender","discover","9","{""choice"":6,""match"":3}"
"688","4","c4-count-gender","discover","9","{""choice"":6,""match"":3}"
"689","4","c4-count-gender","guided","12","{""match"":6,""type"":6}"
"690","4","c4-count-gender","guided","6","{""match"":3,""type"":3}"
"691","4","c4l2","recall","5","{""type"":5}"
"692","4","c4l1","apply","7","{""cloze"":6,""type"":1}"
"693","4","c4l3","discover","9","{""choice"":3,""order"":3,""cloze"":3}"
"694","4","c4l3","discover","6","{""choice"":2,""order"":2,""cloze"":2}"
"695","4","c4l3","guided","10","{""cloze"":5,""order"":5}"
"696","4","c4-count-gender","recall","6","{""type"":6}"
"697","4","c4-count-gender","recall","3","{""type"":3}"
"698","4","c4l2","apply","7","{""cloze"":7}"
"699","4","c4-home-absence","discover","9","{""choice"":3,""order"":3,""cloze"":3}"
"700","4","c4-home-absence","discover","9","{""choice"":3,""order"":3,""cloze"":3}"
"701","4","c4-home-absence","guided","12","{""cloze"":6,""order"":6}"
"702","4","c4l3","recall","5","{""type"":5}"
"703","4","c4-count-gender","apply","9","{""order"":3,""type"":6}"
"704","4","c4-home-locations","discover","9","{""choice"":3,""order"":3,""cloze"":3}"
"705","4","c4-home-locations","discover","9","{""choice"":3,""order"":3,""cloze"":3}"
"706","4","c4-home-locations","guided","12","{""cloze"":6,""order"":6}"
"707","4","c4-home-absence","recall","6","{""type"":6}"
"708","4","c4l3","apply","7","{""cloze"":7}"
"709","4","c4l4","discover","9","{""choice"":3,""order"":4,""cloze"":2}"
"710","4","c4l4","discover","6","{""choice"":2,""order"":2,""cloze"":2}"
"711","4","c4l4","guided","10","{""cloze"":4,""order"":6}"
"712","4","c4-home-locations","recall","6","{""type"":6}"
"713","4","c4-home-absence","apply","7","{""cloze"":7}"
"714","4","c4-modal-requests","discover","9","{""choice"":3,""order"":4,""cloze"":2}"
"715","4","c4-modal-requests","discover","6","{""choice"":2,""order"":2,""cloze"":2}"
"716","4","c4-modal-requests","guided","10","{""order"":6,""cloze"":4}"
"717","4","c4l4","recall","5","{""type"":5}"
"718","4","c4-home-locations","apply","7","{""cloze"":7}"
"719","4","c4-floors","discover","9","{""choice"":3,""order"":6}"
"720","4","c4-floors","discover","9","{""choice"":3,""order"":6}"
"721","4","c4-floors","discover","9","{""choice"":3,""order"":6}"
"722","4","c4-floors","guided","12","{""order"":12}"
"723","4","c4-floors","guided","6","{""order"":6}"
"724","4","c4-modal-requests","recall","5","{""type"":5}"
"725","4","c4l4","apply","7","{""cloze"":4,""order"":1,""type"":2}"
"726","4","c4l6","discover","9","{""choice"":3,""order"":6}"
"727","4","c4l6","discover","6","{""choice"":2,""order"":4}"
"728","4","c4l6","guided","10","{""order"":10}"
"729","4","c4-floors","recall","6","{""type"":6}"
"730","4","c4-floors","recall","3","{""type"":3}"
"731","4","c4-modal-requests","apply","7","{""cloze"":5,""order"":1,""type"":1}"
"732","4","c4-situation-rental-ad","discover","9","{""choice"":9}"
"733","4","c4-situation-rental-ad","guided","6","{""choice"":3,""type"":3}"
"734","4","c4l6","recall","5","{""type"":5}"
"735","4","c4-floors","apply","7","{""cloze"":4,""type"":3}"
"736","4","c4-situation-home-help","discover","9","{""choice"":9}"
"737","4","c4-situation-home-help","guided","6","{""choice"":3,""type"":3}"
"738","4","c4-situation-rental-ad","recall","3","{""type"":3}"
"739","4","c4l6","apply","5","{""type"":2,""cloze"":3}"
"740","4","c4l6","apply","4","{""order"":2,""type"":2}"
"741","4","c4-situation-guest","discover","9","{""choice"":9}"
"742","4","c4-situation-guest","guided","6","{""choice"":3,""type"":3}"
"743","4","c4-situation-home-help","recall","3","{""type"":3}"
"744","4","c4-situation-rental-ad","apply","3","{""type"":3}"
"745","4","c4-writing","writing","1","{""writing"":1}"
"746","4","c4-situation-guest","recall","3","{""type"":3}"
"747","4","c4-situation-home-help","apply","3","{""type"":3}"
"748","4","c4-situation-guest","apply","3","{""type"":3}"
"749","4","c4l6","checkpoint","8","{""type"":8}"
"750","4","c4l6","checkpoint","8","{""type"":8}"
"751","4","c4l6","checkpoint","8","{""type"":8}"
"752","4","c4l6","checkpoint","8","{""type"":8}"
"753","4","c4l6","checkpoint","8","{""type"":8}"
"754","5","c5l5","discover","9","{""choice"":6,""type"":3}"
"755","5","c5l5","discover","9","{""choice"":6,""type"":3}"
"756","5","c5l5","guided","12","{""type"":12}"
"757","5","c5-lex-arts-and-evenings-out","discover","9","{""choice"":6,""type"":3}"
"758","5","c5-lex-arts-and-evenings-out","discover","9","{""choice"":6,""type"":3}"
"759","5","c5-lex-arts-and-evenings-out","discover","9","{""choice"":6,""order"":1,""type"":2}"
"760","5","c5-lex-arts-and-evenings-out","discover","9","{""choice"":6,""type"":3}"
"761","5","c5-lex-arts-and-evenings-out","discover","9","{""choice"":6,""type"":3}"
"762","5","c5-lex-arts-and-evenings-out","discover","3","{""choice"":2,""type"":1}"
"763","5","c5-lex-arts-and-evenings-out","guided","12","{""type"":12}"
"764","5","c5-lex-arts-and-evenings-out","guided","12","{""type"":10,""order"":2}"
"765","5","c5-lex-arts-and-evenings-out","guided","8","{""type"":8}"
"766","5","c5l5","recall","6","{""type"":6}"
"767","5","c5-lex-sport-and-the-outdoors","discover","9","{""choice"":6,""type"":3}"
"768","5","c5-lex-sport-and-the-outdoors","discover","9","{""choice"":6,""type"":3}"
"769","5","c5-lex-sport-and-the-outdoors","discover","9","{""choice"":6,""type"":2,""order"":1}"
"770","5","c5-lex-sport-and-the-outdoors","discover","9","{""choice"":6,""type"":3}"
"771","5","c5-lex-sport-and-the-outdoors","discover","9","{""choice"":6,""type"":3}"
"772","5","c5-lex-sport-and-the-outdoors","guided","12","{""type"":12}"
"773","5","c5-lex-sport-and-the-outdoors","guided","12","{""order"":2,""type"":10}"
"774","5","c5-lex-sport-and-the-outdoors","guided","6","{""type"":6}"
"775","5","c5-lex-arts-and-evenings-out","recall","6","{""type"":6}"
"776","5","c5-lex-arts-and-evenings-out","recall","6","{""type"":6}"
"777","5","c5-lex-arts-and-evenings-out","recall","4","{""type"":4}"
"778","5","c5l5","apply","6","{""type"":6}"
"779","5","c5l5","apply","4","{""order"":2,""cloze"":2}"
"780","5","c5-lex-travelling-and-the-seasons","discover","9","{""choice"":6,""type"":3}"
"781","5","c5-lex-travelling-and-the-seasons","discover","9","{""choice"":6,""type"":3}"
"782","5","c5-lex-travelling-and-the-seasons","discover","9","{""choice"":6,""type"":3}"
"783","5","c5-lex-travelling-and-the-seasons","discover","9","{""choice"":6,""type"":3}"
"784","5","c5-lex-travelling-and-the-seasons","discover","9","{""choice"":6,""type"":3}"
"785","5","c5-lex-travelling-and-the-seasons","discover","6","{""choice"":4,""type"":2}"
"786","5","c5-lex-travelling-and-the-seasons","guided","12","{""type"":12}"
"787","5","c5-lex-travelling-and-the-seasons","guided","12","{""type"":12}"
"788","5","c5-lex-travelling-and-the-seasons","guided","10","{""type"":10}"
"789","5","c5-lex-sport-and-the-outdoors","recall","6","{""type"":6}"
"790","5","c5-lex-sport-and-the-outdoors","recall","6","{""type"":6}"
"791","5","c5-lex-sport-and-the-outdoors","recall","3","{""type"":3}"
"792","5","c5-lex-arts-and-evenings-out","apply","7","{""order"":2,""type"":4,""cloze"":1}"
"793","5","c5-lex-holiday-actions","discover","9","{""choice"":6,""order"":1,""type"":2}"
"794","5","c5-lex-holiday-actions","discover","9","{""choice"":6,""type"":3}"
"795","5","c5-lex-holiday-actions","discover","9","{""choice"":6,""type"":2,""order"":1}"
"796","5","c5-lex-holiday-actions","discover","9","{""choice"":6,""type"":3}"
"797","5","c5-lex-holiday-actions","discover","9","{""choice"":6,""type"":2,""order"":1}"
"798","5","c5-lex-holiday-actions","discover","3","{""choice"":2,""type"":1}"
"799","5","c5-lex-holiday-actions","guided","12","{""type"":10,""order"":2}"
"800","5","c5-lex-holiday-actions","guided","12","{""type"":10,""order"":2}"
"801","5","c5-lex-holiday-actions","guided","8","{""order"":2,""type"":6}"
"802","5","c5-lex-travelling-and-the-seasons","recall","6","{""type"":6}"
"803","5","c5-lex-travelling-and-the-seasons","recall","6","{""type"":6}"
"804","5","c5-lex-travelling-and-the-seasons","recall","5","{""type"":5}"
"805","5","c5-lex-sport-and-the-outdoors","apply","7","{""order"":2,""type"":3,""cloze"":2}"
"806","5","c5-lex-hobbies-in-words","discover","9","{""choice"":6,""type"":3}"
"807","5","c5-lex-hobbies-in-words","discover","9","{""choice"":6,""type"":3}"
"808","5","c5-lex-hobbies-in-words","discover","9","{""choice"":6,""type"":3}"
"809","5","c5-lex-hobbies-in-words","discover","6","{""choice"":4,""type"":1,""order"":1}"
"810","5","c5-lex-hobbies-in-words","guided","12","{""type"":12}"
"811","5","c5-lex-hobbies-in-words","guided","10","{""type"":8,""order"":2}"
"812","5","c5-lex-holiday-actions","recall","6","{""type"":6}"
"813","5","c5-lex-holiday-actions","recall","6","{""type"":6}"
"814","5","c5-lex-holiday-actions","recall","4","{""type"":4}"
"815","5","c5-lex-travelling-and-the-seasons","apply","7","{""order"":2,""type"":3,""cloze"":2}"
"816","5","c5-lex-time-around-a-trip","discover","9","{""choice"":6,""type"":3}"
"817","5","c5-lex-time-around-a-trip","discover","9","{""choice"":6,""order"":2,""type"":1}"
"818","5","c5-lex-time-around-a-trip","discover","6","{""choice"":4,""order"":2}"
"819","5","c5-lex-time-around-a-trip","guided","12","{""type"":8,""order"":4}"
"820","5","c5-lex-time-around-a-trip","guided","4","{""order"":4}"
"821","5","c5-lex-hobbies-in-words","recall","6","{""type"":6}"
"822","5","c5-lex-hobbies-in-words","recall","5","{""type"":5}"
"823","5","c5-lex-holiday-actions","apply","7","{""order"":2,""type"":3,""cloze"":2}"
"824","5","c5l1","discover","9","{""choice"":3,""order"":3,""cloze"":3}"
"825","5","c5l1","discover","6","{""choice"":2,""order"":2,""cloze"":2}"
"826","5","c5l1","guided","10","{""cloze"":5,""order"":5}"
"827","5","c5-lex-time-around-a-trip","recall","6","{""type"":6}"
"828","5","c5-lex-time-around-a-trip","recall","2","{""type"":2}"
"829","5","c5-lex-hobbies-in-words","apply","7","{""order"":2,""type"":3,""cloze"":2}"
"830","5","c5l2","discover","9","{""choice"":3,""order"":3,""cloze"":3}"
"831","5","c5l2","discover","6","{""choice"":2,""order"":3,""cloze"":1}"
"832","5","c5l2","guided","10","{""cloze"":4,""order"":6}"
"833","5","c5l1","recall","5","{""type"":5}"
"834","5","c5-lex-time-around-a-trip","apply","7","{""order"":2,""type"":3,""cloze"":2}"
"835","5","c5-objects-hobbies","discover","9","{""choice"":3,""order"":3,""cloze"":3}"
"836","5","c5-objects-hobbies","discover","9","{""choice"":3,""order"":3,""cloze"":3}"
"837","5","c5-objects-hobbies","guided","12","{""cloze"":6,""order"":6}"
"838","5","c5l2","recall","5","{""type"":5}"
"839","5","c5l1","apply","7","{""cloze"":7}"
"840","5","c5l6","discover","9","{""choice"":3,""order"":6}"
"841","5","c5l6","discover","6","{""choice"":2,""order"":4}"
"842","5","c5l6","guided","10","{""order"":10}"
"843","5","c5-objects-hobbies","recall","6","{""type"":6}"
"844","5","c5l2","apply","7","{""cloze"":6,""type"":1}"
"845","5","c5l3","discover","9","{""choice"":3,""order"":3,""cloze"":3}"
"846","5","c5l3","discover","6","{""choice"":2,""order"":2,""cloze"":2}"
"847","5","c5l3","guided","10","{""cloze"":5,""order"":5}"
"848","5","c5l6","recall","5","{""type"":5}"
"849","5","c5-objects-hobbies","apply","7","{""cloze"":7}"
"850","5","c5-past-people","discover","9","{""choice"":3,""order"":3,""cloze"":3}"
"851","5","c5-past-people","discover","9","{""choice"":3,""order"":3,""cloze"":3}"
"852","5","c5-past-people","discover","6","{""choice"":2,""order"":2,""cloze"":2}"
"853","5","c5-past-people","guided","12","{""cloze"":6,""order"":6}"
"854","5","c5-past-people","guided","4","{""cloze"":2,""order"":2}"
"855","5","c5l3","recall","5","{""type"":5}"
"856","5","c5l6","apply","5","{""type"":4,""cloze"":1}"
"857","5","c5l6","apply","4","{""order"":2,""cloze"":1,""type"":1}"
"858","5","c5l4","discover","9","{""choice"":3,""order"":3,""cloze"":3}"
"859","5","c5l4","discover","6","{""choice"":2,""order"":2,""cloze"":2}"
"860","5","c5l4","guided","10","{""cloze"":5,""order"":5}"
"861","5","c5-past-people","recall","6","{""type"":6}"
"862","5","c5-past-people","recall","2","{""type"":2}"
"863","5","c5l3","apply","7","{""cloze"":7}"
"864","5","c5-future-people","discover","9","{""choice"":3,""order"":3,""cloze"":3}"
"865","5","c5-future-people","discover","9","{""choice"":3,""order"":3,""cloze"":3}"
"866","5","c5-future-people","guided","12","{""cloze"":6,""order"":6}"
"867","5","c5l4","recall","5","{""type"":5}"
"868","5","c5-past-people","apply","7","{""cloze"":7}"
"869","5","c5-companions","discover","9","{""choice"":3,""order"":3,""cloze"":3}"
"870","5","c5-companions","discover","6","{""choice"":2,""order"":2,""cloze"":2}"
"871","5","c5-companions","guided","10","{""cloze"":5,""order"":5}"
"872","5","c5-future-people","recall","6","{""type"":6}"
"873","5","c5l4","apply","7","{""cloze"":7}"
"874","5","c5l7","discover","9","{""choice"":3,""order"":3,""cloze"":3}"
"875","5","c5l7","discover","6","{""choice"":2,""order"":2,""cloze"":2}"
"876","5","c5l7","guided","10","{""cloze"":5,""order"":5}"
"877","5","c5-companions","recall","5","{""type"":5}"
"878","5","c5-future-people","apply","7","{""cloze"":7}"
"879","5","c5-situation-event-ticket","discover","9","{""choice"":9}"
"880","5","c5-situation-event-ticket","guided","6","{""choice"":3,""type"":3}"
"881","5","c5l7","recall","5","{""type"":5}"
"882","5","c5-companions","apply","7","{""order"":1,""cloze"":5,""type"":1}"
"883","5","c5-situation-holiday-postcard","discover","9","{""choice"":9}"
"884","5","c5-situation-holiday-postcard","guided","6","{""choice"":3,""type"":3}"
"885","5","c5-situation-event-ticket","recall","3","{""type"":3}"
"886","5","c5l7","apply","5","{""cloze"":5}"
"887","5","c5l7","apply","4","{""cloze"":4}"
"888","5","c5-situation-bus-ticket","discover","9","{""choice"":9}"
"889","5","c5-situation-bus-ticket","guided","6","{""choice"":3,""type"":3}"
"890","5","c5-situation-holiday-postcard","recall","3","{""type"":3}"
"891","5","c5-situation-event-ticket","apply","3","{""type"":3}"
"892","5","c5-writing","writing","1","{""writing"":1}"
"893","5","c5-situation-bus-ticket","recall","3","{""type"":3}"
"894","5","c5-situation-holiday-postcard","apply","3","{""type"":3}"
"895","5","c5-situation-bus-ticket","apply","3","{""type"":3}"
"896","5","c5l7","checkpoint","8","{""type"":8}"
"897","5","c5l7","checkpoint","8","{""type"":8}"
"898","5","c5l7","checkpoint","8","{""type"":8}"
"899","5","c5l7","checkpoint","8","{""type"":8}"
"900","5","c5l7","checkpoint","8","{""type"":8}"
"901","6","c6-lex-university-life","discover","9","{""choice"":6,""type"":2,""order"":1}"
"902","6","c6-lex-university-life","discover","9","{""choice"":6,""type"":3}"
"903","6","c6-lex-university-life","discover","9","{""choice"":6,""type"":3}"
"904","6","c6-lex-university-life","discover","9","{""choice"":6,""type"":3}"
"905","6","c6-lex-university-life","discover","9","{""choice"":6,""order"":2,""type"":1}"
"906","6","c6-lex-university-life","discover","3","{""choice"":2,""type"":1}"
"907","6","c6-lex-university-life","guided","12","{""type"":10,""order"":2}"
"908","6","c6-lex-university-life","guided","12","{""type"":12}"
"909","6","c6-lex-university-life","guided","8","{""type"":4,""order"":4}"
"910","6","c6-lex-subjects-to-study","discover","9","{""choice"":6,""type"":3}"
"911","6","c6-lex-subjects-to-study","discover","9","{""choice"":6,""type"":3}"
"912","6","c6-lex-subjects-to-study","discover","9","{""choice"":6,""type"":3}"
"913","6","c6-lex-subjects-to-study","discover","6","{""choice"":4,""type"":2}"
"914","6","c6-lex-subjects-to-study","guided","12","{""type"":12}"
"915","6","c6-lex-subjects-to-study","guided","10","{""type"":10}"
"916","6","c6-lex-university-life","recall","6","{""type"":6}"
"917","6","c6-lex-university-life","recall","6","{""type"":6}"
"918","6","c6-lex-university-life","recall","4","{""type"":4}"
"919","6","c6-lex-at-work","discover","9","{""choice"":6,""type"":3}"
"920","6","c6-lex-at-work","discover","9","{""choice"":6,""type"":3}"
"921","6","c6-lex-at-work","discover","9","{""choice"":6,""order"":1,""type"":2}"
"922","6","c6-lex-at-work","discover","9","{""choice"":6,""type"":3}"
"923","6","c6-lex-at-work","discover","9","{""choice"":6,""type"":2,""order"":1}"
"924","6","c6-lex-at-work","discover","9","{""choice"":6,""type"":3}"
"925","6","c6-lex-at-work","discover","9","{""choice"":6,""type"":3}"
"926","6","c6-lex-at-work","discover","6","{""choice"":4,""type"":2}"
"927","6","c6-lex-at-work","guided","12","{""type"":12}"
"928","6","c6-lex-at-work","guided","12","{""type"":10,""order"":2}"
"929","6","c6-lex-at-work","guided","12","{""order"":2,""type"":10}"
"930","6","c6-lex-at-work","guided","10","{""type"":10}"
"931","6","c6-lex-subjects-to-study","recall","6","{""type"":6}"
"932","6","c6-lex-subjects-to-study","recall","5","{""type"":5}"
"933","6","c6-lex-university-life","apply","7","{""order"":2,""type"":4,""cloze"":1}"
"934","6","c6-lex-professions","discover","9","{""choice"":6,""type"":3}"
"935","6","c6-lex-professions","discover","9","{""choice"":6,""type"":3}"
"936","6","c6-lex-professions","discover","9","{""choice"":6,""type"":3}"
"937","6","c6-lex-professions","discover","9","{""choice"":6,""type"":3}"
"938","6","c6-lex-professions","discover","9","{""choice"":6,""type"":3}"
"939","6","c6-lex-professions","discover","9","{""choice"":6,""type"":3}"
"940","6","c6-lex-professions","discover","9","{""choice"":6,""type"":3}"
"941","6","c6-lex-professions","discover","9","{""choice"":6,""type"":3}"
"942","6","c6-lex-professions","discover","9","{""choice"":6,""order"":3}"
"943","6","c6-lex-professions","discover","6","{""choice"":4,""type"":1,""order"":1}"
"944","6","c6-lex-professions","guided","12","{""type"":12}"
"945","6","c6-lex-professions","guided","12","{""type"":12}"
"946","6","c6-lex-professions","guided","12","{""type"":12}"
"947","6","c6-lex-professions","guided","12","{""type"":12}"
"948","6","c6-lex-professions","guided","10","{""order"":8,""type"":2}"
"949","6","c6-lex-at-work","recall","6","{""type"":6}"
"950","6","c6-lex-at-work","recall","6","{""type"":6}"
"951","6","c6-lex-at-work","recall","6","{""type"":6}"
"952","6","c6-lex-at-work","recall","5","{""type"":5}"
"953","6","c6-lex-subjects-to-study","apply","7","{""order"":2,""type"":3,""cloze"":2}"
"954","6","c6-lex-signs-at-work-and-university","discover","9","{""choice"":6,""order"":2,""type"":1}"
"955","6","c6-lex-signs-at-work-and-university","discover","9","{""choice"":6,""order"":3}"
"956","6","c6-lex-signs-at-work-and-university","guided","12","{""type"":2,""order"":10}"
"957","6","c6-lex-professions","recall","6","{""type"":6}"
"958","6","c6-lex-professions","recall","6","{""type"":6}"
"959","6","c6-lex-professions","recall","6","{""type"":6}"
"960","6","c6-lex-professions","recall","6","{""type"":6}"
"961","6","c6-lex-professions","recall","5","{""type"":5}"
"962","6","c6-lex-at-work","apply","7","{""order"":2,""type"":3,""cloze"":2}"
"963","6","c6l1","discover","9","{""choice"":3,""order"":4,""cloze"":2}"
"964","6","c6l1","discover","6","{""choice"":2,""order"":3,""cloze"":1}"
"965","6","c6l1","guided","10","{""cloze"":3,""order"":7}"
"966","6","c6-lex-signs-at-work-and-university","recall","6","{""type"":6}"
"967","6","c6-lex-professions","apply","7","{""order"":2,""type"":3,""cloze"":2}"
"968","6","c6-lex-a-working-day","discover","9","{""choice"":6,""order"":2,""type"":1}"
"969","6","c6-lex-a-working-day","discover","9","{""choice"":6,""order"":3}"
"970","6","c6-lex-a-working-day","discover","9","{""choice"":6,""type"":1,""order"":2}"
"971","6","c6-lex-a-working-day","discover","9","{""choice"":6,""type"":3}"
"972","6","c6-lex-a-working-day","discover","3","{""choice"":2,""type"":1}"
"973","6","c6-lex-a-working-day","guided","12","{""type"":2,""order"":10}"
"974","6","c6-lex-a-working-day","guided","12","{""order"":4,""type"":8}"
"975","6","c6-lex-a-working-day","guided","2","{""type"":2}"
"976","6","c6l1","recall","5","{""type"":5}"
"977","6","c6-lex-signs-at-work-and-university","apply","7","{""order"":2,""type"":4,""cloze"":1}"
"978","6","c6l2","discover","9","{""choice"":3,""order"":3,""cloze"":3}"
"979","6","c6l2","discover","6","{""choice"":2,""order"":2,""cloze"":2}"
"980","6","c6l2","guided","10","{""cloze"":5,""order"":5}"
"981","6","c6-lex-a-working-day","recall","6","{""type"":6}"
"982","6","c6-lex-a-working-day","recall","6","{""type"":6}"
"983","6","c6-lex-a-working-day","recall","1","{""type"":1}"
"984","6","c6l1","apply","7","{""cloze"":5,""type"":2}"
"985","6","c6-lex-study-tasks-and-equipment","discover","9","{""choice"":6,""order"":2,""type"":1}"
"986","6","c6-lex-study-tasks-and-equipment","discover","9","{""choice"":6,""order"":2,""type"":1}"
"987","6","c6-lex-study-tasks-and-equipment","discover","9","{""choice"":6,""type"":1,""order"":2}"
"988","6","c6-lex-study-tasks-and-equipment","discover","9","{""choice"":6,""type"":3}"
"989","6","c6-lex-study-tasks-and-equipment","discover","9","{""choice"":6,""type"":3}"
"990","6","c6-lex-study-tasks-and-equipment","discover","9","{""choice"":6,""type"":3}"
"991","6","c6-lex-study-tasks-and-equipment","discover","9","{""choice"":6,""order"":2,""type"":1}"
"992","6","c6-lex-study-tasks-and-equipment","guided","12","{""type"":4,""order"":8}"
"993","6","c6-lex-study-tasks-and-equipment","guided","12","{""order"":4,""type"":8}"
"994","6","c6-lex-study-tasks-and-equipment","guided","12","{""type"":12}"
"995","6","c6-lex-study-tasks-and-equipment","guided","6","{""type"":2,""order"":4}"
"996","6","c6l2","recall","5","{""type"":5}"
"997","6","c6-lex-a-working-day","apply","7","{""order"":2,""type"":4,""cloze"":1}"
"998","6","c6-lex-managing-your-studies","discover","9","{""choice"":6,""order"":3}"
"999","6","c6-lex-managing-your-studies","discover","9","{""choice"":6,""type"":3}"
"1000","6","c6-lex-managing-your-studies","discover","9","{""choice"":6,""type"":3}"
"1001","6","c6-lex-managing-your-studies","discover","9","{""choice"":6,""type"":3}"
"1002","6","c6-lex-managing-your-studies","guided","12","{""order"":6,""type"":6}"
"1003","6","c6-lex-managing-your-studies","guided","12","{""type"":12}"
"1004","6","c6-lex-study-tasks-and-equipment","recall","6","{""type"":6}"
"1005","6","c6-lex-study-tasks-and-equipment","recall","6","{""type"":6}"
"1006","6","c6-lex-study-tasks-and-equipment","recall","6","{""type"":6}"
"1007","6","c6-lex-study-tasks-and-equipment","recall","3","{""type"":3}"
"1008","6","c6l2","apply","7","{""cloze"":7}"
"1009","6","c6-time-contrast","discover","9","{""choice"":3,""order"":3,""cloze"":3}"
"1010","6","c6-time-contrast","discover","9","{""choice"":3,""order"":3,""cloze"":3}"
"1011","6","c6-time-contrast","guided","12","{""cloze"":6,""order"":6}"
"1012","6","c6-lex-managing-your-studies","recall","6","{""type"":6}"
"1013","6","c6-lex-managing-your-studies","recall","6","{""type"":6}"
"1014","6","c6-lex-study-tasks-and-equipment","apply","7","{""order"":2,""type"":4,""cloze"":1}"
"1015","6","c6l3","discover","9","{""choice"":6,""type"":3}"
"1016","6","c6l3","discover","9","{""choice"":6,""type"":3}"
"1017","6","c6l3","guided","12","{""type"":12}"
"1018","6","c6-time-contrast","recall","6","{""type"":6}"
"1019","6","c6-lex-managing-your-studies","apply","7","{""order"":2,""type"":5}"
"1020","6","c6l5","discover","9","{""choice"":6,""type"":3}"
"1021","6","c6l5","discover","9","{""choice"":6,""order"":2,""type"":1}"
"1022","6","c6l5","guided","12","{""type"":8,""order"":4}"
"1023","6","c6l3","recall","6","{""type"":6}"
"1024","6","c6-time-contrast","apply","7","{""cloze"":7}"
"1025","6","c6-date-ordinals","discover","9","{""choice"":3,""order"":6}"
"1026","6","c6-date-ordinals","discover","9","{""choice"":3,""order"":6}"
"1027","6","c6-date-ordinals","discover","9","{""choice"":3,""order"":6}"
"1028","6","c6-date-ordinals","discover","9","{""choice"":3,""order"":6}"
"1029","6","c6-date-ordinals","discover","9","{""choice"":3,""order"":6}"
"1030","6","c6-date-ordinals","discover","9","{""choice"":3,""order"":6}"
"1031","6","c6-date-ordinals","discover","9","{""choice"":3,""order"":6}"
"1032","6","c6-date-ordinals","discover","9","{""choice"":3,""order"":6}"
"1033","6","c6-date-ordinals","discover","9","{""choice"":3,""order"":6}"
"1034","6","c6-date-ordinals","discover","3","{""choice"":1,""order"":2}"
"1035","6","c6-date-ordinals","guided","12","{""order"":12}"
"1036","6","c6-date-ordinals","guided","12","{""order"":12}"
"1037","6","c6-date-ordinals","guided","12","{""order"":12}"
"1038","6","c6-date-ordinals","guided","12","{""order"":12}"
"1039","6","c6-date-ordinals","guided","8","{""order"":8}"
"1040","6","c6l5","recall","6","{""type"":6}"
"1041","6","c6l3","apply","7","{""type"":7}"
"1042","6","c6-month-forms","discover","9","{""choice"":6,""match"":3}"
"1043","6","c6-month-forms","discover","9","{""choice"":6,""match"":3}"
"1044","6","c6-month-forms","discover","9","{""choice"":6,""match"":3}"
"1045","6","c6-month-forms","discover","9","{""choice"":6,""match"":3}"
"1046","6","c6-month-forms","discover","9","{""choice"":6,""match"":3}"
"1047","6","c6-month-forms","discover","9","{""choice"":6,""match"":3}"
"1048","6","c6-month-forms","discover","9","{""choice"":6,""match"":3}"
"1049","6","c6-month-forms","discover","9","{""choice"":6,""match"":3}"
"1050","6","c6-month-forms","guided","12","{""match"":6,""type"":6}"
"1051","6","c6-month-forms","guided","12","{""match"":6,""type"":6}"
"1052","6","c6-month-forms","guided","12","{""match"":6,""type"":6}"
"1053","6","c6-month-forms","guided","12","{""match"":6,""type"":6}"
"1054","6","c6-date-ordinals","recall","6","{""type"":6}"
"1055","6","c6-date-ordinals","recall","6","{""type"":6}"
"1056","6","c6-date-ordinals","recall","6","{""type"":6}"
"1057","6","c6-date-ordinals","recall","6","{""type"":6}"
"1058","6","c6-date-ordinals","recall","4","{""type"":4}"
"1059","6","c6l5","apply","6","{""type"":4,""cloze"":2}"
"1060","6","c6l5","apply","4","{""order"":2,""cloze"":2}"
"1061","6","c6l4","discover","9","{""choice"":3,""order"":3,""cloze"":3}"
"1062","6","c6l4","discover","6","{""choice"":2,""order"":3,""cloze"":1}"
"1063","6","c6l4","guided","10","{""cloze"":4,""order"":6}"
"1064","6","c6-month-forms","recall","6","{""type"":6}"
"1065","6","c6-month-forms","recall","6","{""type"":6}"
"1066","6","c6-month-forms","recall","6","{""type"":6}"
"1067","6","c6-month-forms","recall","6","{""type"":6}"
"1068","6","c6-date-ordinals","apply","7","{""cloze"":4,""type"":3}"
"1069","6","c6-study-questions","discover","9","{""choice"":3,""order"":6}"
"1070","6","c6-study-questions","discover","9","{""choice"":3,""order"":5,""cloze"":1}"
"1071","6","c6-study-questions","guided","12","{""order"":11,""cloze"":1}"
"1072","6","c6l4","recall","5","{""type"":5}"
"1073","6","c6-month-forms","apply","7","{""cloze"":4,""type"":3}"
"1074","6","c6l6","discover","9","{""choice"":3,""order"":6}"
"1075","6","c6l6","discover","6","{""choice"":2,""order"":4}"
"1076","6","c6l6","guided","10","{""order"":10}"
"1077","6","c6-study-questions","recall","6","{""type"":6}"
"1078","6","c6l4","apply","7","{""cloze"":6,""type"":1}"
"1079","6","c6-situation-timetable","discover","9","{""choice"":9}"
"1080","6","c6-situation-timetable","guided","6","{""choice"":3,""type"":3}"
"1081","6","c6l6","recall","5","{""type"":5}"
"1082","6","c6-study-questions","apply","7","{""cloze"":5,""type"":2}"
"1083","6","c6-situation-work-message","discover","9","{""choice"":9}"
"1084","6","c6-situation-work-message","guided","6","{""choice"":3,""type"":3}"
"1085","6","c6-situation-timetable","recall","3","{""type"":3}"
"1086","6","c6l6","apply","5","{""type"":1,""cloze"":4}"
"1087","6","c6l6","apply","4","{""order"":2,""cloze"":2}"
"1088","6","c6-situation-study-email","discover","9","{""choice"":9}"
"1089","6","c6-situation-study-email","guided","6","{""choice"":3,""type"":3}"
"1090","6","c6-situation-work-message","recall","3","{""type"":3}"
"1091","6","c6-situation-timetable","apply","3","{""type"":3}"
"1092","6","c6-writing","writing","1","{""writing"":1}"
"1093","6","c6-situation-study-email","recall","3","{""type"":3}"
"1094","6","c6-situation-work-message","apply","3","{""type"":3}"
"1095","6","c6-situation-study-email","apply","3","{""type"":3}"
"1096","6","c6l6","checkpoint","8","{""type"":8}"
"1097","6","c6l6","checkpoint","8","{""type"":8}"
"1098","6","c6l6","checkpoint","8","{""type"":8}"
"1099","6","c6l6","checkpoint","8","{""type"":8}"
"1100","6","c6l6","checkpoint","8","{""type"":8}"
"1101","6","c6l6","checkpoint","2","{""type"":2}"
"1102","7","c7l5","discover","9","{""choice"":6,""type"":3}"
"1103","7","c7l5","discover","9","{""choice"":6,""type"":3}"
"1104","7","c7l5","guided","12","{""type"":12}"
"1105","7","c7-lex-people-and-family-status","discover","9","{""choice"":6,""type"":3}"
"1106","7","c7-lex-people-and-family-status","discover","9","{""choice"":6,""type"":3}"
"1107","7","c7-lex-people-and-family-status","discover","9","{""choice"":6,""type"":3}"
"1108","7","c7-lex-people-and-family-status","discover","9","{""choice"":6,""type"":2,""order"":1}"
"1109","7","c7-lex-people-and-family-status","discover","9","{""choice"":6,""type"":3}"
"1110","7","c7-lex-people-and-family-status","discover","9","{""choice"":6,""type"":3}"
"1111","7","c7-lex-people-and-family-status","discover","9","{""choice"":6,""type"":3}"
"1112","7","c7-lex-people-and-family-status","guided","12","{""type"":12}"
"1113","7","c7-lex-people-and-family-status","guided","12","{""type"":10,""order"":2}"
"1114","7","c7-lex-people-and-family-status","guided","12","{""type"":12}"
"1115","7","c7-lex-people-and-family-status","guided","6","{""type"":6}"
"1116","7","c7l5","recall","6","{""type"":6}"
"1117","7","c7l1","discover","9","{""choice"":5,""order"":1,""cloze"":1,""match"":2}"
"1118","7","c7l1","discover","6","{""choice"":2,""order"":2,""cloze"":2}"
"1119","7","c7l1","guided","10","{""match"":2,""cloze"":3,""type"":2,""order"":3}"
"1120","7","c7-lex-people-and-family-status","recall","6","{""type"":6}"
"1121","7","c7-lex-people-and-family-status","recall","6","{""type"":6}"
"1122","7","c7-lex-people-and-family-status","recall","6","{""type"":6}"
"1123","7","c7-lex-people-and-family-status","recall","3","{""type"":3}"
"1124","7","c7l5","apply","6","{""type"":6}"
"1125","7","c7l5","apply","4","{""order"":2,""cloze"":2}"
"1126","7","c7-family-objects","discover","9","{""choice"":3,""order"":3,""cloze"":3}"
"1127","7","c7-family-objects","discover","9","{""choice"":3,""order"":3,""cloze"":3}"
"1128","7","c7-family-objects","discover","6","{""choice"":2,""order"":2,""cloze"":2}"
"1129","7","c7-family-objects","guided","12","{""cloze"":6,""order"":6}"
"1130","7","c7-family-objects","guided","4","{""cloze"":2,""order"":2}"
"1131","7","c7l1","recall","5","{""type"":5}"
"1132","7","c7-lex-people-and-family-status","apply","7","{""order"":2,""type"":3,""cloze"":2}"
"1133","7","c7-plural-age","discover","9","{""choice"":3,""order"":6}"
"1134","7","c7-plural-age","discover","9","{""choice"":3,""order"":6}"
"1135","7","c7-plural-age","discover","9","{""choice"":3,""order"":6}"
"1136","7","c7-plural-age","guided","12","{""order"":12}"
"1137","7","c7-plural-age","guided","6","{""order"":6}"
"1138","7","c7-family-objects","recall","6","{""type"":6}"
"1139","7","c7-family-objects","recall","2","{""type"":2}"
"1140","7","c7l1","apply","7","{""cloze"":7}"
"1141","7","c7l2","discover","9","{""choice"":3,""order"":3,""cloze"":3}"
"1142","7","c7l2","discover","6","{""choice"":2,""order"":2,""cloze"":2}"
"1143","7","c7l2","guided","10","{""cloze"":5,""order"":5}"
"1144","7","c7-plural-age","recall","6","{""type"":6}"
"1145","7","c7-plural-age","recall","3","{""type"":3}"
"1146","7","c7-family-objects","apply","7","{""cloze"":7}"
"1147","7","c7-lex-describe-appearance","discover","9","{""choice"":6,""type"":3}"
"1148","7","c7-lex-describe-appearance","discover","9","{""choice"":6,""order"":1,""type"":2}"
"1149","7","c7-lex-describe-appearance","discover","9","{""choice"":6,""type"":3}"
"1150","7","c7-lex-describe-appearance","discover","3","{""choice"":2,""type"":1}"
"1151","7","c7-lex-describe-appearance","guided","12","{""type"":10,""order"":2}"
"1152","7","c7-lex-describe-appearance","guided","8","{""type"":8}"
"1153","7","c7l2","recall","5","{""type"":5}"
"1154","7","c7-plural-age","apply","9","{""order"":3,""type"":6}"
"1155","7","c7-lex-describe-character","discover","9","{""choice"":6,""type"":3}"
"1156","7","c7-lex-describe-character","discover","9","{""choice"":6,""type"":3}"
"1157","7","c7-lex-describe-character","discover","9","{""choice"":6,""type"":3}"
"1158","7","c7-lex-describe-character","discover","9","{""choice"":6,""type"":3}"
"1159","7","c7-lex-describe-character","discover","9","{""choice"":6,""type"":3}"
"1160","7","c7-lex-describe-character","discover","9","{""choice"":6,""type"":3}"
"1161","7","c7-lex-describe-character","discover","6","{""choice"":4,""type"":2}"
"1162","7","c7-lex-describe-character","guided","12","{""type"":12}"
"1163","7","c7-lex-describe-character","guided","12","{""type"":12}"
"1164","7","c7-lex-describe-character","guided","12","{""type"":12}"
"1165","7","c7-lex-describe-character","guided","4","{""type"":4}"
"1166","7","c7-lex-describe-appearance","recall","6","{""type"":6}"
"1167","7","c7-lex-describe-appearance","recall","4","{""type"":4}"
"1168","7","c7l2","apply","7","{""cloze"":7}"
"1169","7","c7-family-dative","discover","9","{""choice"":3,""order"":3,""cloze"":3}"
"1170","7","c7-family-dative","discover","6","{""choice"":2,""order"":2,""cloze"":2}"
"1171","7","c7-family-dative","guided","10","{""cloze"":5,""order"":5}"
"1172","7","c7-lex-describe-character","recall","6","{""type"":6}"
"1173","7","c7-lex-describe-character","recall","6","{""type"":6}"
"1174","7","c7-lex-describe-character","recall","6","{""type"":6}"
"1175","7","c7-lex-describe-character","recall","2","{""type"":2}"
"1176","7","c7-lex-describe-appearance","apply","7","{""order"":2,""type"":4,""cloze"":1}"
"1177","7","c7l3","discover","9","{""choice"":3,""order"":3,""cloze"":3}"
"1178","7","c7l3","discover","6","{""choice"":2,""order"":2,""cloze"":2}"
"1179","7","c7l3","guided","10","{""cloze"":5,""order"":5}"
"1180","7","c7-family-dative","recall","5","{""type"":5}"
"1181","7","c7-lex-describe-character","apply","7","{""order"":2,""type"":3,""cloze"":2}"
"1182","7","c7l4","discover","9","{""choice"":4,""order"":2,""match"":1,""cloze"":2}"
"1183","7","c7l4","discover","6","{""choice"":3,""order"":1,""match"":1,""cloze"":1}"
"1184","7","c7l4","guided","10","{""cloze"":3,""match"":2,""order"":3,""type"":2}"
"1185","7","c7l3","recall","5","{""type"":5}"
"1186","7","c7-family-dative","apply","7","{""cloze"":7}"
"1187","7","c7-lex-the-extended-family","discover","9","{""choice"":6,""type"":3}"
"1188","7","c7-lex-the-extended-family","discover","9","{""choice"":6,""type"":3}"
"1189","7","c7-lex-the-extended-family","discover","9","{""choice"":6,""type"":3}"
"1190","7","c7-lex-the-extended-family","discover","9","{""choice"":6,""type"":3}"
"1191","7","c7-lex-the-extended-family","discover","9","{""choice"":6,""type"":3}"
"1192","7","c7-lex-the-extended-family","discover","9","{""choice"":6,""type"":3}"
"1193","7","c7-lex-the-extended-family","discover","3","{""choice"":2,""type"":1}"
"1194","7","c7-lex-the-extended-family","guided","12","{""type"":12}"
"1195","7","c7-lex-the-extended-family","guided","12","{""type"":12}"
"1196","7","c7-lex-the-extended-family","guided","12","{""type"":12}"
"1197","7","c7-lex-the-extended-family","guided","2","{""type"":2}"
"1198","7","c7l4","recall","5","{""type"":5}"
"1199","7","c7l3","apply","7","{""cloze"":7}"
"1200","7","c7-lex-family-events-and-actions","discover","9","{""choice"":6,""type"":3}"
"1201","7","c7-lex-family-events-and-actions","discover","9","{""choice"":6,""type"":3}"
"1202","7","c7-lex-family-events-and-actions","discover","9","{""choice"":6,""type"":3}"
"1203","7","c7-lex-family-events-and-actions","discover","9","{""choice"":6,""type"":3}"
"1204","7","c7-lex-family-events-and-actions","discover","3","{""choice"":2,""type"":1}"
"1205","7","c7-lex-family-events-and-actions","guided","12","{""type"":12}"
"1206","7","c7-lex-family-events-and-actions","guided","12","{""type"":12}"
"1207","7","c7-lex-family-events-and-actions","guided","2","{""type"":2}"
"1208","7","c7-lex-the-extended-family","recall","6","{""type"":6}"
"1209","7","c7-lex-the-extended-family","recall","6","{""type"":6}"
"1210","7","c7-lex-the-extended-family","recall","6","{""type"":6}"
"1211","7","c7-lex-the-extended-family","recall","1","{""type"":1}"
"1212","7","c7l4","apply","7","{""cloze"":5,""type"":2}"
"1213","7","c7-comparison-contrast","discover","9","{""choice"":3,""order"":3,""cloze"":3}"
"1214","7","c7-comparison-contrast","discover","6","{""choice"":2,""order"":2,""cloze"":2}"
"1215","7","c7-comparison-contrast","guided","10","{""cloze"":5,""order"":5}"
"1216","7","c7-lex-family-events-and-actions","recall","6","{""type"":6}"
"1217","7","c7-lex-family-events-and-actions","recall","6","{""type"":6}"
"1218","7","c7-lex-family-events-and-actions","recall","1","{""type"":1}"
"1219","7","c7-lex-the-extended-family","apply","7","{""order"":2,""type"":3,""cloze"":2}"
"1220","7","c7-family-questions","discover","9","{""choice"":3,""order"":4,""cloze"":2}"
"1221","7","c7-family-questions","discover","6","{""choice"":2,""order"":3,""cloze"":1}"
"1222","7","c7-family-questions","guided","10","{""order"":7,""cloze"":3}"
"1223","7","c7-comparison-contrast","recall","5","{""type"":5}"
"1224","7","c7-lex-family-events-and-actions","apply","7","{""order"":2,""type"":3,""cloze"":2}"
"1225","7","c7-larger-numbers","discover","9","{""choice"":4,""order"":4,""match"":1}"
"1226","7","c7-larger-numbers","discover","6","{""choice"":2,""order"":4}"
"1227","7","c7-larger-numbers","guided","10","{""order"":8,""match"":1,""type"":1}"
"1228","7","c7-family-questions","recall","5","{""type"":5}"
"1229","7","c7-comparison-contrast","apply","7","{""order"":1,""cloze"":5,""type"":1}"
"1230","7","c7-plural-only","discover","9","{""choice"":6,""match"":3}"
"1231","7","c7-plural-only","discover","9","{""choice"":6,""match"":3}"
"1232","7","c7-plural-only","discover","9","{""choice"":6,""match"":3}"
"1233","7","c7-plural-only","guided","12","{""match"":6,""type"":6}"
"1234","7","c7-plural-only","guided","6","{""match"":3,""type"":3}"
"1235","7","c7-larger-numbers","recall","5","{""type"":5}"
"1236","7","c7-family-questions","apply","7","{""cloze"":6,""type"":1}"
"1237","7","c7l6","discover","9","{""choice"":3,""order"":6}"
"1238","7","c7l6","discover","6","{""choice"":2,""order"":4}"
"1239","7","c7l6","guided","10","{""order"":10}"
"1240","7","c7-plural-only","recall","6","{""type"":6}"
"1241","7","c7-plural-only","recall","3","{""type"":3}"
"1242","7","c7-larger-numbers","apply","7","{""order"":2,""type"":5}"
"1243","7","c7-situation-family-profile","discover","9","{""choice"":9}"
"1244","7","c7-situation-family-profile","guided","6","{""choice"":3,""type"":3}"
"1245","7","c7l6","recall","5","{""type"":5}"
"1246","7","c7-plural-only","apply","9","{""cloze"":4,""order"":1,""type"":4}"
"1247","7","c7-situation-family-comparison","discover","9","{""choice"":9}"
"1248","7","c7-situation-family-comparison","guided","6","{""choice"":3,""type"":3}"
"1249","7","c7-situation-family-profile","recall","3","{""type"":3}"
"1250","7","c7l6","apply","5","{""type"":1,""cloze"":4}"
"1251","7","c7l6","apply","4","{""order"":2,""cloze"":2}"
"1252","7","c7-writing","writing","1","{""writing"":1}"
"1253","7","c7-situation-family-comparison","recall","3","{""type"":3}"
"1254","7","c7-situation-family-profile","apply","3","{""type"":3}"
"1255","7","c7-situation-family-comparison","apply","3","{""type"":3}"
"1256","7","c7l6","checkpoint","8","{""type"":8}"
"1257","7","c7l6","checkpoint","8","{""type"":8}"
"1258","7","c7l6","checkpoint","8","{""type"":8}"
"1259","7","c7l6","checkpoint","8","{""type"":8}"
"1260","7","c7l6","checkpoint","8","{""type"":8}"
"1261","8","c8l1","discover","9","{""choice"":4,""order"":2,""match"":1,""cloze"":2}"
"1262","8","c8l1","discover","6","{""choice"":3,""order"":1,""match"":1,""cloze"":1}"
"1263","8","c8l1","guided","10","{""cloze"":3,""match"":2,""order"":3,""type"":2}"
"1264","8","c8-lex-weather-forecast","discover","9","{""choice"":6,""type"":2,""order"":1}"
"1265","8","c8-lex-weather-forecast","discover","9","{""choice"":6,""type"":3}"
"1266","8","c8-lex-weather-forecast","discover","9","{""choice"":6,""order"":1,""type"":2}"
"1267","8","c8-lex-weather-forecast","discover","9","{""choice"":6,""type"":3}"
"1268","8","c8-lex-weather-forecast","discover","9","{""choice"":6,""type"":3}"
"1269","8","c8-lex-weather-forecast","discover","9","{""choice"":6,""type"":3}"
"1270","8","c8-lex-weather-forecast","discover","9","{""choice"":6,""type"":3}"
"1271","8","c8-lex-weather-forecast","discover","9","{""choice"":6,""order"":2,""type"":1}"
"1272","8","c8-lex-weather-forecast","guided","12","{""type"":10,""order"":2}"
"1273","8","c8-lex-weather-forecast","guided","12","{""type"":10,""order"":2}"
"1274","8","c8-lex-weather-forecast","guided","12","{""type"":12}"
"1275","8","c8-lex-weather-forecast","guided","12","{""type"":8,""order"":4}"
"1276","8","c8l1","recall","5","{""type"":5}"
"1277","8","c8-weather-neuter","discover","9","{""choice"":3,""order"":3,""cloze"":3}"
"1278","8","c8-weather-neuter","discover","9","{""choice"":3,""order"":3,""cloze"":3}"
"1279","8","c8-weather-neuter","guided","12","{""cloze"":6,""order"":6}"
"1280","8","c8-lex-weather-forecast","recall","6","{""type"":6}"
"1281","8","c8-lex-weather-forecast","recall","6","{""type"":6}"
"1282","8","c8-lex-weather-forecast","recall","6","{""type"":6}"
"1283","8","c8-lex-weather-forecast","recall","6","{""type"":6}"
"1284","8","c8l1","apply","7","{""cloze"":5,""type"":2}"
"1285","8","c8l5","discover","9","{""choice"":6,""type"":3}"
"1286","8","c8l5","discover","9","{""choice"":6,""type"":3}"
"1287","8","c8l5","discover","3","{""choice"":2,""type"":1}"
"1288","8","c8l5","guided","12","{""type"":12}"
"1289","8","c8l5","guided","2","{""type"":2}"
"1290","8","c8-weather-neuter","recall","6","{""type"":6}"
"1291","8","c8-lex-weather-forecast","apply","7","{""order"":2,""type"":3,""cloze"":2}"
"1292","8","c8-lex-clothes-for-every-day","discover","9","{""choice"":6,""order"":2,""type"":1}"
"1293","8","c8-lex-clothes-for-every-day","discover","9","{""choice"":6,""type"":2,""order"":1}"
"1294","8","c8-lex-clothes-for-every-day","discover","9","{""choice"":6,""type"":3}"
"1295","8","c8-lex-clothes-for-every-day","discover","9","{""choice"":6,""type"":3}"
"1296","8","c8-lex-clothes-for-every-day","discover","9","{""choice"":6,""type"":3}"
"1297","8","c8-lex-clothes-for-every-day","discover","9","{""choice"":6,""type"":3}"
"1298","8","c8-lex-clothes-for-every-day","guided","12","{""type"":6,""order"":6}"
"1299","8","c8-lex-clothes-for-every-day","guided","12","{""type"":12}"
"1300","8","c8-lex-clothes-for-every-day","guided","12","{""type"":12}"
"1301","8","c8l5","recall","6","{""type"":6}"
"1302","8","c8l5","recall","1","{""type"":1}"
"1303","8","c8-weather-neuter","apply","7","{""cloze"":7}"
"1304","8","c8-lex-shoes-and-accessories","discover","9","{""choice"":6,""type"":3}"
"1305","8","c8-lex-shoes-and-accessories","discover","9","{""choice"":6,""type"":3}"
"1306","8","c8-lex-shoes-and-accessories","discover","9","{""choice"":6,""type"":2,""order"":1}"
"1307","8","c8-lex-shoes-and-accessories","discover","9","{""choice"":6,""type"":3}"
"1308","8","c8-lex-shoes-and-accessories","discover","9","{""choice"":6,""type"":3}"
"1309","8","c8-lex-shoes-and-accessories","discover","9","{""choice"":6,""order"":1,""type"":2}"
"1310","8","c8-lex-shoes-and-accessories","guided","12","{""type"":12}"
"1311","8","c8-lex-shoes-and-accessories","guided","12","{""type"":10,""order"":2}"
"1312","8","c8-lex-shoes-and-accessories","guided","12","{""type"":10,""order"":2}"
"1313","8","c8-lex-clothes-for-every-day","recall","6","{""type"":6}"
"1314","8","c8-lex-clothes-for-every-day","recall","6","{""type"":6}"
"1315","8","c8-lex-clothes-for-every-day","recall","6","{""type"":6}"
"1316","8","c8l5","apply","7","{""type"":7}"
"1317","8","c8l5","apply","4","{""order"":2,""cloze"":2}"
"1318","8","c8-lex-materials-and-labels","discover","9","{""choice"":6,""type"":3}"
"1319","8","c8-lex-materials-and-labels","discover","9","{""choice"":6,""type"":3}"
"1320","8","c8-lex-materials-and-labels","discover","9","{""choice"":6,""type"":3}"
"1321","8","c8-lex-materials-and-labels","discover","9","{""choice"":6,""type"":3}"
"1322","8","c8-lex-materials-and-labels","discover","9","{""choice"":6,""type"":3}"
"1323","8","c8-lex-materials-and-labels","guided","12","{""type"":12}"
"1324","8","c8-lex-materials-and-labels","guided","12","{""type"":12}"
"1325","8","c8-lex-materials-and-labels","guided","6","{""type"":6}"
"1326","8","c8-lex-shoes-and-accessories","recall","6","{""type"":6}"
"1327","8","c8-lex-shoes-and-accessories","recall","6","{""type"":6}"
"1328","8","c8-lex-shoes-and-accessories","recall","6","{""type"":6}"
"1329","8","c8-lex-clothes-for-every-day","apply","7","{""order"":2,""type"":3,""cloze"":2}"
"1330","8","c8-lex-read-shop-signs","discover","9","{""choice"":6,""type"":3}"
"1331","8","c8-lex-read-shop-signs","discover","9","{""choice"":6,""order"":3}"
"1332","8","c8-lex-read-shop-signs","guided","12","{""type"":6,""order"":6}"
"1333","8","c8-lex-materials-and-labels","recall","6","{""type"":6}"
"1334","8","c8-lex-materials-and-labels","recall","6","{""type"":6}"
"1335","8","c8-lex-materials-and-labels","recall","3","{""type"":3}"
"1336","8","c8-lex-shoes-and-accessories","apply","7","{""order"":2,""type"":3,""cloze"":2}"
"1337","8","c8l2","discover","9","{""choice"":5,""order"":1,""cloze"":1,""match"":2}"
"1338","8","c8l2","discover","6","{""choice"":2,""order"":2,""cloze"":2}"
"1339","8","c8l2","guided","10","{""match"":2,""cloze"":3,""type"":2,""order"":3}"
"1340","8","c8-lex-read-shop-signs","recall","6","{""type"":6}"
"1341","8","c8-lex-materials-and-labels","apply","7","{""order"":2,""type"":3,""cloze"":2}"
"1342","8","c8-lex-colour-and-fit","discover","9","{""choice"":6,""type"":3}"
"1343","8","c8-lex-colour-and-fit","discover","9","{""choice"":6,""type"":3}"
"1344","8","c8-lex-colour-and-fit","discover","9","{""choice"":6,""type"":3}"
"1345","8","c8-lex-colour-and-fit","discover","9","{""choice"":6,""type"":3}"
"1346","8","c8-lex-colour-and-fit","discover","6","{""choice"":4,""type"":2}"
"1347","8","c8-lex-colour-and-fit","guided","12","{""type"":12}"
"1348","8","c8-lex-colour-and-fit","guided","12","{""type"":12}"
"1349","8","c8-lex-colour-and-fit","guided","4","{""type"":4}"
"1350","8","c8l2","recall","5","{""type"":5}"
"1351","8","c8-lex-read-shop-signs","apply","7","{""order"":2,""type"":4,""cloze"":1}"
"1352","8","c8l3","discover","9","{""choice"":3,""order"":3,""cloze"":3}"
"1353","8","c8l3","discover","9","{""choice"":3,""order"":3,""cloze"":3}"
"1354","8","c8l3","guided","12","{""cloze"":6,""order"":6}"
"1355","8","c8-lex-colour-and-fit","recall","6","{""type"":6}"
"1356","8","c8-lex-colour-and-fit","recall","6","{""type"":6}"
"1357","8","c8-lex-colour-and-fit","recall","2","{""type"":2}"
"1358","8","c8l2","apply","7","{""cloze"":7}"
"1359","8","c8-lex-shopping-actions","discover","9","{""choice"":6,""type"":3}"
"1360","8","c8-lex-shopping-actions","discover","9","{""choice"":6,""type"":3}"
"1361","8","c8-lex-shopping-actions","discover","9","{""choice"":6,""type"":3}"
"1362","8","c8-lex-shopping-actions","discover","9","{""choice"":6,""order"":2,""type"":1}"
"1363","8","c8-lex-shopping-actions","discover","6","{""choice"":4,""order"":2}"
"1364","8","c8-lex-shopping-actions","guided","12","{""type"":12}"
"1365","8","c8-lex-shopping-actions","guided","12","{""type"":8,""order"":4}"
"1366","8","c8-lex-shopping-actions","guided","4","{""order"":4}"
"1367","8","c8l3","recall","6","{""type"":6}"
"1368","8","c8-lex-colour-and-fit","apply","7","{""order"":2,""type"":3,""cloze"":2}"
"1369","8","c8l4","discover","9","{""choice"":3,""order"":6}"
"1370","8","c8l4","discover","6","{""choice"":2,""order"":4}"
"1371","8","c8l4","guided","10","{""order"":10}"
"1372","8","c8-lex-shopping-actions","recall","6","{""type"":6}"
"1373","8","c8-lex-shopping-actions","recall","6","{""type"":6}"
"1374","8","c8-lex-shopping-actions","recall","2","{""type"":2}"
"1375","8","c8l3","apply","7","{""cloze"":7}"
"1376","8","c8-clothing-cases","discover","9","{""choice"":3,""order"":3,""cloze"":3}"
"1377","8","c8-clothing-cases","discover","9","{""choice"":3,""order"":3,""cloze"":3}"
"1378","8","c8-clothing-cases","guided","12","{""cloze"":6,""order"":6}"
"1379","8","c8l4","recall","5","{""type"":5}"
"1380","8","c8-lex-shopping-actions","apply","7","{""order"":2,""type"":3,""cloze"":2}"
"1381","8","c8l6","discover","9","{""choice"":3,""order"":6}"
"1382","8","c8l6","discover","6","{""choice"":2,""order"":4}"
"1383","8","c8l6","guided","10","{""order"":10}"
"1384","8","c8-clothing-cases","recall","6","{""type"":6}"
"1385","8","c8l4","apply","7","{""order"":2,""type"":3,""cloze"":2}"
"1386","8","c8-situation-forecast","discover","9","{""choice"":9}"
"1387","8","c8-situation-forecast","guided","6","{""choice"":3,""type"":3}"
"1388","8","c8l6","recall","5","{""type"":5}"
"1389","8","c8-clothing-cases","apply","7","{""cloze"":7}"
"1390","8","c8-situation-clothes-label","discover","9","{""choice"":9}"
"1391","8","c8-situation-clothes-label","guided","6","{""choice"":3,""type"":3}"
"1392","8","c8-situation-forecast","recall","3","{""type"":3}"
"1393","8","c8l6","apply","5","{""cloze"":5}"
"1394","8","c8l6","apply","4","{""order"":2,""cloze"":2}"
"1395","8","c8-writing","writing","1","{""writing"":1}"
"1396","8","c8-situation-clothes-label","recall","3","{""type"":3}"
"1397","8","c8-situation-forecast","apply","3","{""type"":3}"
"1398","8","c8-situation-clothes-label","apply","3","{""type"":3}"
"1399","8","c8l6","checkpoint","8","{""type"":8}"
"1400","8","c8l6","checkpoint","8","{""type"":8}"
"1401","8","c8l6","checkpoint","8","{""type"":8}"
"1402","8","c8l6","checkpoint","8","{""type"":8}"
"1403","8","c8l6","checkpoint","2","{""type"":2}"
"1404","9","c9l1","discover","9","{""choice"":3,""order"":3,""cloze"":3}"
"1405","9","c9l1","discover","6","{""choice"":2,""order"":2,""cloze"":2}"
"1406","9","c9l1","guided","10","{""cloze"":5,""order"":5}"
"1407","9","c9l5","discover","9","{""choice"":6,""type"":3}"
"1408","9","c9l5","discover","9","{""choice"":6,""order"":2,""type"":1}"
"1409","9","c9l5","guided","12","{""type"":8,""order"":4}"
"1410","9","c9l1","recall","5","{""type"":5}"
"1411","9","c9-lex-the-body","discover","9","{""choice"":6,""type"":3}"
"1412","9","c9-lex-the-body","discover","9","{""choice"":6,""type"":3}"
"1413","9","c9-lex-the-body","discover","9","{""choice"":6,""type"":3}"
"1414","9","c9-lex-the-body","discover","9","{""choice"":6,""type"":3}"
"1415","9","c9-lex-the-body","discover","3","{""choice"":2,""type"":1}"
"1416","9","c9-lex-the-body","guided","12","{""type"":12}"
"1417","9","c9-lex-the-body","guided","12","{""type"":12}"
"1418","9","c9-lex-the-body","guided","2","{""type"":2}"
"1419","9","c9l5","recall","6","{""type"":6}"
"1420","9","c9l1","apply","7","{""cloze"":7}"
"1421","9","c9-lex-illness-and-symptoms","discover","9","{""choice"":6,""type"":3}"
"1422","9","c9-lex-illness-and-symptoms","discover","9","{""choice"":6,""type"":3}"
"1423","9","c9-lex-illness-and-symptoms","discover","9","{""choice"":6,""type"":3}"
"1424","9","c9-lex-illness-and-symptoms","discover","9","{""choice"":6,""type"":3}"
"1425","9","c9-lex-illness-and-symptoms","discover","9","{""choice"":6,""type"":2,""order"":1}"
"1426","9","c9-lex-illness-and-symptoms","discover","9","{""choice"":6,""order"":1,""type"":2}"
"1427","9","c9-lex-illness-and-symptoms","guided","12","{""type"":12}"
"1428","9","c9-lex-illness-and-symptoms","guided","12","{""type"":12}"
"1429","9","c9-lex-illness-and-symptoms","guided","12","{""type"":8,""order"":4}"
"1430","9","c9-lex-the-body","recall","6","{""type"":6}"
"1431","9","c9-lex-the-body","recall","6","{""type"":6}"
"1432","9","c9-lex-the-body","recall","1","{""type"":1}"
"1433","9","c9l5","apply","6","{""type"":4,""cloze"":2}"
"1434","9","c9l5","apply","4","{""order"":2,""cloze"":2}"
"1435","9","c9-lex-find-your-way-in-a-clinic","discover","9","{""choice"":6,""order"":2,""type"":1}"
"1436","9","c9-lex-find-your-way-in-a-clinic","discover","6","{""choice"":4,""order"":2}"
"1437","9","c9-lex-find-your-way-in-a-clinic","guided","10","{""type"":2,""order"":8}"
"1438","9","c9-lex-illness-and-symptoms","recall","6","{""type"":6}"
"1439","9","c9-lex-illness-and-symptoms","recall","6","{""type"":6}"
"1440","9","c9-lex-illness-and-symptoms","recall","6","{""type"":6}"
"1441","9","c9-lex-the-body","apply","7","{""order"":2,""type"":3,""cloze"":2}"
"1442","9","c9l2","discover","9","{""choice"":5,""order"":1,""cloze"":1,""match"":2}"
"1443","9","c9l2","discover","6","{""choice"":2,""order"":2,""cloze"":2}"
"1444","9","c9l2","guided","10","{""match"":2,""cloze"":3,""type"":2,""order"":3}"
"1445","9","c9-lex-find-your-way-in-a-clinic","recall","5","{""type"":5}"
"1446","9","c9-lex-illness-and-symptoms","apply","7","{""order"":2,""type"":3,""cloze"":2}"
"1447","9","c9-lex-at-the-pharmacy-counter","discover","9","{""choice"":6,""order"":2,""type"":1}"
"1448","9","c9-lex-at-the-pharmacy-counter","discover","9","{""choice"":6,""order"":3}"
"1449","9","c9-lex-at-the-pharmacy-counter","discover","9","{""choice"":6,""type"":3}"
"1450","9","c9-lex-at-the-pharmacy-counter","discover","9","{""choice"":6,""order"":1,""type"":2}"
"1451","9","c9-lex-at-the-pharmacy-counter","discover","9","{""choice"":6,""type"":1,""order"":2}"
"1452","9","c9-lex-at-the-pharmacy-counter","discover","9","{""choice"":6,""order"":2,""type"":1}"
"1453","9","c9-lex-at-the-pharmacy-counter","discover","9","{""choice"":6,""type"":2,""order"":1}"
"1454","9","c9-lex-at-the-pharmacy-counter","discover","9","{""choice"":6,""type"":3}"
"1455","9","c9-lex-at-the-pharmacy-counter","guided","12","{""type"":2,""order"":10}"
"1456","9","c9-lex-at-the-pharmacy-counter","guided","12","{""type"":10,""order"":2}"
"1457","9","c9-lex-at-the-pharmacy-counter","guided","12","{""order"":8,""type"":4}"
"1458","9","c9-lex-at-the-pharmacy-counter","guided","12","{""order"":2,""type"":10}"
"1459","9","c9l2","recall","5","{""type"":5}"
"1460","9","c9-lex-find-your-way-in-a-clinic","apply","7","{""order"":2,""type"":4,""cloze"":1}"
"1461","9","c9-reflexive-people","discover","9","{""choice"":3,""order"":3,""cloze"":3}"
"1462","9","c9-reflexive-people","discover","6","{""choice"":2,""order"":2,""cloze"":2}"
"1463","9","c9-reflexive-people","guided","10","{""cloze"":5,""order"":5}"
"1464","9","c9-lex-at-the-pharmacy-counter","recall","6","{""type"":6}"
"1465","9","c9-lex-at-the-pharmacy-counter","recall","6","{""type"":6}"
"1466","9","c9-lex-at-the-pharmacy-counter","recall","6","{""type"":6}"
"1467","9","c9-lex-at-the-pharmacy-counter","recall","6","{""type"":6}"
"1468","9","c9l2","apply","7","{""cloze"":7}"
"1469","9","c9l3","discover","9","{""choice"":5,""order"":1,""cloze"":1,""match"":2}"
"1470","9","c9l3","discover","6","{""choice"":3,""order"":1,""match"":1,""cloze"":1}"
"1471","9","c9l3","guided","10","{""match"":3,""cloze"":2,""type"":3,""order"":2}"
"1472","9","c9-reflexive-people","recall","5","{""type"":5}"
"1473","9","c9-lex-at-the-pharmacy-counter","apply","7","{""order"":2,""type"":3,""cloze"":2}"
"1474","9","c9-imperative-people","discover","9","{""choice"":6,""match"":3}"
"1475","9","c9-imperative-people","discover","9","{""choice"":5,""order"":1,""cloze"":1,""match"":2}"
"1476","9","c9-imperative-people","discover","3","{""choice"":1,""order"":1,""cloze"":1}"
"1477","9","c9-imperative-people","guided","12","{""match"":5,""cloze"":1,""type"":5,""order"":1}"
"1478","9","c9-imperative-people","guided","2","{""cloze"":1,""order"":1}"
"1479","9","c9l3","recall","5","{""type"":5}"
"1480","9","c9-reflexive-people","apply","7","{""cloze"":7}"
"1481","9","c9l4","discover","9","{""choice"":3,""order"":3,""cloze"":3}"
"1482","9","c9l4","discover","6","{""choice"":2,""order"":3,""cloze"":1}"
"1483","9","c9l4","guided","10","{""cloze"":4,""order"":6}"
"1484","9","c9-imperative-people","recall","6","{""type"":6}"
"1485","9","c9-imperative-people","recall","1","{""type"":1}"
"1486","9","c9l3","apply","7","{""order"":1,""cloze"":4,""type"":2}"
"1487","9","c9-lex-people-at-the-clinic","discover","9","{""choice"":6,""type"":2,""order"":1}"
"1488","9","c9-lex-people-at-the-clinic","discover","9","{""choice"":6,""type"":1,""order"":2}"
"1489","9","c9-lex-people-at-the-clinic","discover","9","{""choice"":6,""type"":3}"
"1490","9","c9-lex-people-at-the-clinic","discover","9","{""choice"":6,""order"":2,""type"":1}"
"1491","9","c9-lex-people-at-the-clinic","discover","9","{""choice"":6,""type"":2,""order"":1}"
"1492","9","c9-lex-people-at-the-clinic","guided","12","{""order"":6,""type"":6}"
"1493","9","c9-lex-people-at-the-clinic","guided","12","{""type"":8,""order"":4}"
"1494","9","c9-lex-people-at-the-clinic","guided","6","{""order"":2,""type"":4}"
"1495","9","c9l4","recall","5","{""type"":5}"
"1496","9","c9-imperative-people","apply","7","{""cloze"":6,""type"":1}"
"1497","9","c9-adverbs-conjunctions","discover","9","{""choice"":3,""order"":4,""cloze"":2}"
"1498","9","c9-adverbs-conjunctions","discover","9","{""choice"":3,""order"":3,""cloze"":3}"
"1499","9","c9-adverbs-conjunctions","discover","3","{""choice"":1,""order"":1,""cloze"":1}"
"1500","9","c9-adverbs-conjunctions","guided","12","{""cloze"":5,""order"":7}"
"1501","9","c9-adverbs-conjunctions","guided","2","{""cloze"":1,""order"":1}"
"1502","9","c9-lex-people-at-the-clinic","recall","6","{""type"":6}"
"1503","9","c9-lex-people-at-the-clinic","recall","6","{""type"":6}"
"1504","9","c9-lex-people-at-the-clinic","recall","3","{""type"":3}"
"1505","9","c9l4","apply","7","{""cloze"":6,""type"":1}"
"1506","9","c9l6","discover","9","{""choice"":3,""order"":6}"
"1507","9","c9l6","discover","6","{""choice"":2,""order"":4}"
"1508","9","c9l6","guided","10","{""order"":10}"
"1509","9","c9-adverbs-conjunctions","recall","6","{""type"":6}"
"1510","9","c9-adverbs-conjunctions","recall","1","{""type"":1}"
"1511","9","c9-lex-people-at-the-clinic","apply","7","{""order"":2,""type"":4,""cloze"":1}"
"1512","9","c9-situation-appointment","discover","9","{""choice"":9}"
"1513","9","c9-situation-appointment","guided","6","{""choice"":3,""type"":3}"
"1514","9","c9l6","recall","5","{""type"":5}"
"1515","9","c9-adverbs-conjunctions","apply","7","{""cloze"":7}"
"1516","9","c9-situation-pharmacy-label","discover","9","{""choice"":9}"
"1517","9","c9-situation-pharmacy-label","guided","6","{""choice"":3,""type"":3}"
"1518","9","c9-situation-appointment","recall","3","{""type"":3}"
"1519","9","c9l6","apply","5","{""type"":2,""cloze"":3}"
"1520","9","c9l6","apply","4","{""order"":2,""type"":2}"
"1521","9","c9-situation-illness-message","discover","9","{""choice"":9}"
"1522","9","c9-situation-illness-message","guided","6","{""choice"":3,""type"":3}"
"1523","9","c9-situation-pharmacy-label","recall","3","{""type"":3}"
"1524","9","c9-situation-appointment","apply","3","{""type"":3}"
"1525","9","c9-writing","writing","1","{""writing"":1}"
"1526","9","c9-situation-illness-message","recall","3","{""type"":3}"
"1527","9","c9-situation-pharmacy-label","apply","3","{""type"":3}"
"1528","9","c9-situation-illness-message","apply","3","{""type"":3}"
"1529","9","c9l6","checkpoint","8","{""type"":8}"
"1530","9","c9l6","checkpoint","8","{""type"":8}"
"1531","9","c9l6","checkpoint","8","{""type"":8}"
"1532","9","c9l6","checkpoint","8","{""type"":8}"
"1533","9","c9l6","checkpoint","2","{""type"":2}"
"1534","10","c10-lex-family-celebrations","discover","9","{""choice"":6,""type"":3}"
"1535","10","c10-lex-family-celebrations","discover","9","{""choice"":6,""type"":3}"
"1536","10","c10-lex-family-celebrations","discover","9","{""choice"":6,""order"":2,""type"":1}"
"1537","10","c10-lex-family-celebrations","discover","9","{""choice"":6,""type"":1,""order"":2}"
"1538","10","c10-lex-family-celebrations","discover","9","{""choice"":6,""order"":1,""type"":2}"
"1539","10","c10-lex-family-celebrations","guided","12","{""type"":12}"
"1540","10","c10-lex-family-celebrations","guided","12","{""type"":4,""order"":8}"
"1541","10","c10-lex-family-celebrations","guided","6","{""type"":4,""order"":2}"
"1542","10","c10l1","discover","9","{""choice"":5,""order"":1,""cloze"":1,""match"":2}"
"1543","10","c10l1","discover","6","{""choice"":2,""order"":3,""cloze"":1}"
"1544","10","c10l1","guided","10","{""match"":2,""cloze"":2,""order"":4,""type"":2}"
"1545","10","c10-lex-family-celebrations","recall","6","{""type"":6}"
"1546","10","c10-lex-family-celebrations","recall","6","{""type"":6}"
"1547","10","c10-lex-family-celebrations","recall","3","{""type"":3}"
"1548","10","c10l2","discover","9","{""choice"":3,""order"":3,""cloze"":3}"
"1549","10","c10l2","discover","6","{""choice"":3,""order"":1,""cloze"":1,""match"":1}"
"1550","10","c10l2","guided","10","{""cloze"":4,""match"":1,""order"":4,""type"":1}"
"1551","10","c10l1","recall","5","{""type"":5}"
"1552","10","c10-lex-family-celebrations","apply","7","{""order"":2,""type"":4,""cloze"":1}"
"1553","10","c10-lex-wishes-and-feelings","discover","9","{""choice"":6,""type"":3}"
"1554","10","c10-lex-wishes-and-feelings","discover","9","{""choice"":6,""type"":3}"
"1555","10","c10-lex-wishes-and-feelings","discover","9","{""choice"":6,""type"":3}"
"1556","10","c10-lex-wishes-and-feelings","discover","9","{""choice"":6,""type"":3}"
"1557","10","c10-lex-wishes-and-feelings","guided","12","{""type"":12}"
"1558","10","c10-lex-wishes-and-feelings","guided","12","{""type"":12}"
"1559","10","c10l2","recall","5","{""type"":5}"
"1560","10","c10l1","apply","7","{""cloze"":6,""type"":1}"
"1561","10","c10l5","discover","9","{""choice"":3,""order"":3,""cloze"":3}"
"1562","10","c10l5","discover","6","{""choice"":2,""order"":2,""cloze"":2}"
"1563","10","c10l5","guided","10","{""cloze"":5,""order"":5}"
"1564","10","c10-lex-wishes-and-feelings","recall","6","{""type"":6}"
"1565","10","c10-lex-wishes-and-feelings","recall","6","{""type"":6}"
"1566","10","c10l2","apply","7","{""cloze"":4,""order"":1,""type"":2}"
"1567","10","c10-object-pronouns","discover","9","{""choice"":3,""order"":3,""cloze"":3}"
"1568","10","c10-object-pronouns","discover","9","{""choice"":3,""order"":3,""cloze"":3}"
"1569","10","c10-object-pronouns","guided","12","{""cloze"":6,""order"":6}"
"1570","10","c10l5","recall","5","{""type"":5}"
"1571","10","c10-lex-wishes-and-feelings","apply","7","{""order"":2,""type"":3,""cloze"":2}"
"1572","10","c10l3","discover","9","{""choice"":3,""order"":3,""cloze"":3}"
"1573","10","c10l3","discover","6","{""choice"":2,""order"":3,""cloze"":1}"
"1574","10","c10l3","guided","10","{""cloze"":4,""order"":6}"
"1575","10","c10-object-pronouns","recall","6","{""type"":6}"
"1576","10","c10l5","apply","5","{""cloze"":5}"
"1577","10","c10l5","apply","4","{""cloze"":4}"
"1578","10","c10-lex-spring-celebrations","discover","9","{""choice"":6,""type"":3}"
"1579","10","c10-lex-spring-celebrations","discover","9","{""choice"":6,""type"":2,""order"":1}"
"1580","10","c10-lex-spring-celebrations","discover","9","{""choice"":6,""type"":3}"
"1581","10","c10-lex-spring-celebrations","discover","9","{""choice"":6,""type"":2,""order"":1}"
"1582","10","c10-lex-spring-celebrations","discover","9","{""choice"":6,""order"":1,""type"":2}"
"1583","10","c10-lex-spring-celebrations","discover","6","{""choice"":4,""type"":1,""order"":1}"
"1584","10","c10-lex-spring-celebrations","guided","12","{""type"":10,""order"":2}"
"1585","10","c10-lex-spring-celebrations","guided","12","{""type"":10,""order"":2}"
"1586","10","c10-lex-spring-celebrations","guided","10","{""type"":6,""order"":4}"
"1587","10","c10l3","recall","5","{""type"":5}"
"1588","10","c10-object-pronouns","apply","7","{""cloze"":7}"
"1589","10","c10-lex-summer-and-autumn-celebrations","discover","9","{""choice"":6,""order"":3}"
"1590","10","c10-lex-summer-and-autumn-celebrations","discover","9","{""choice"":6,""order"":1,""type"":2}"
"1591","10","c10-lex-summer-and-autumn-celebrations","discover","9","{""choice"":6,""type"":2,""order"":1}"
"1592","10","c10-lex-summer-and-autumn-celebrations","discover","9","{""choice"":6,""order"":3}"
"1593","10","c10-lex-summer-and-autumn-celebrations","discover","9","{""choice"":6,""order"":1,""type"":2}"
"1594","10","c10-lex-summer-and-autumn-celebrations","discover","3","{""choice"":2,""type"":1}"
"1595","10","c10-lex-summer-and-autumn-celebrations","guided","12","{""order"":8,""type"":4}"
"1596","10","c10-lex-summer-and-autumn-celebrations","guided","12","{""type"":4,""order"":8}"
"1597","10","c10-lex-summer-and-autumn-celebrations","guided","8","{""type"":6,""order"":2}"
"1598","10","c10-lex-spring-celebrations","recall","6","{""type"":6}"
"1599","10","c10-lex-spring-celebrations","recall","6","{""type"":6}"
"1600","10","c10-lex-spring-celebrations","recall","5","{""type"":5}"
"1601","10","c10l3","apply","7","{""order"":1,""cloze"":4,""type"":2}"
"1602","10","c10-lex-christmas-traditions","discover","9","{""choice"":6,""type"":2,""order"":1}"
"1603","10","c10-lex-christmas-traditions","discover","9","{""choice"":6,""type"":3}"
"1604","10","c10-lex-christmas-traditions","discover","9","{""choice"":6,""order"":1,""type"":2}"
"1605","10","c10-lex-christmas-traditions","discover","9","{""choice"":6,""type"":2,""order"":1}"
"1606","10","c10-lex-christmas-traditions","discover","9","{""choice"":6,""type"":3}"
"1607","10","c10-lex-christmas-traditions","discover","9","{""choice"":6,""type"":3}"
"1608","10","c10-lex-christmas-traditions","guided","12","{""type"":10,""order"":2}"
"1609","10","c10-lex-christmas-traditions","guided","12","{""type"":8,""order"":4}"
"1610","10","c10-lex-christmas-traditions","guided","12","{""type"":12}"
"1611","10","c10-lex-summer-and-autumn-celebrations","recall","6","{""type"":6}"
"1612","10","c10-lex-summer-and-autumn-celebrations","recall","6","{""type"":6}"
"1613","10","c10-lex-summer-and-autumn-celebrations","recall","4","{""type"":4}"
"1614","10","c10-lex-spring-celebrations","apply","7","{""order"":2,""type"":3,""cloze"":2}"
"1615","10","c10-gift-objects","discover","9","{""choice"":3,""order"":3,""cloze"":3}"
"1616","10","c10-gift-objects","discover","9","{""choice"":3,""order"":3,""cloze"":3}"
"1617","10","c10-gift-objects","guided","12","{""cloze"":6,""order"":6}"
"1618","10","c10-lex-christmas-traditions","recall","6","{""type"":6}"
"1619","10","c10-lex-christmas-traditions","recall","6","{""type"":6}"
"1620","10","c10-lex-christmas-traditions","recall","6","{""type"":6}"
"1621","10","c10-lex-summer-and-autumn-celebrations","apply","7","{""order"":2,""type"":3,""cloze"":2}"
"1622","10","c10l4","discover","9","{""choice"":3,""order"":3,""cloze"":3}"
"1623","10","c10l4","discover","6","{""choice"":2,""order"":2,""cloze"":2}"
"1624","10","c10l4","guided","10","{""cloze"":5,""order"":5}"
"1625","10","c10-gift-objects","recall","6","{""type"":6}"
"1626","10","c10-lex-christmas-traditions","apply","7","{""order"":2,""type"":3,""cloze"":2}"
"1627","10","c10-address-wishes","discover","9","{""choice"":3,""order"":3,""cloze"":3}"
"1628","10","c10-address-wishes","discover","9","{""choice"":3,""order"":3,""cloze"":3}"
"1629","10","c10-address-wishes","guided","12","{""cloze"":6,""order"":6}"
"1630","10","c10l4","recall","5","{""type"":5}"
"1631","10","c10-gift-objects","apply","7","{""cloze"":7}"
"1632","10","c10-tradition-questions","discover","9","{""choice"":3,""order"":6}"
"1633","10","c10-tradition-questions","discover","6","{""choice"":2,""order"":3,""cloze"":1}"
"1634","10","c10-tradition-questions","guided","10","{""order"":9,""cloze"":1}"
"1635","10","c10-address-wishes","recall","6","{""type"":6}"
"1636","10","c10l4","apply","7","{""cloze"":7}"
"1637","10","c10l6","discover","9","{""choice"":3,""order"":6}"
"1638","10","c10l6","discover","6","{""choice"":2,""order"":4}"
"1639","10","c10l6","guided","10","{""order"":10}"
"1640","10","c10-tradition-questions","recall","5","{""type"":5}"
"1641","10","c10-address-wishes","apply","7","{""cloze"":7}"
"1642","10","c10-situation-festival-notice","discover","9","{""choice"":9}"
"1643","10","c10-situation-festival-notice","guided","6","{""choice"":3,""type"":3}"
"1644","10","c10l6","recall","5","{""type"":5}"
"1645","10","c10-tradition-questions","apply","7","{""cloze"":5,""type"":2}"
"1646","10","c10-situation-holiday-traditions","discover","9","{""choice"":9}"
"1647","10","c10-situation-holiday-traditions","guided","6","{""choice"":3,""type"":3}"
"1648","10","c10-situation-festival-notice","recall","3","{""type"":3}"
"1649","10","c10l6","apply","5","{""type"":2,""cloze"":3}"
"1650","10","c10l6","apply","4","{""order"":2,""cloze"":2}"
"1651","10","c10-situation-birthday-invitation","discover","9","{""choice"":9}"
"1652","10","c10-situation-birthday-invitation","guided","6","{""choice"":3,""type"":3}"
"1653","10","c10-situation-holiday-traditions","recall","3","{""type"":3}"
"1654","10","c10-situation-festival-notice","apply","3","{""type"":3}"
"1655","10","c10-writing","writing","1","{""writing"":1}"
"1656","10","c10-situation-birthday-invitation","recall","3","{""type"":3}"
"1657","10","c10-situation-holiday-traditions","apply","3","{""type"":3}"
"1658","10","c10-situation-birthday-invitation","apply","3","{""type"":3}"
"1659","10","c10l6","checkpoint","8","{""type"":8}"
"1660","10","c10l6","checkpoint","8","{""type"":8}"
"1661","10","c10l6","checkpoint","8","{""type"":8}"
"1662","10","c10l6","checkpoint","8","{""type"":8}"
"1663","10","c10l6","checkpoint","4","{""type"":4}"
